RT (min),m/z,Neutral mass,Adducts,Polarity,Internal Standard,MS/MS available?,Annotation,Annotation Type,Metaboscape Annotation Status,Annotation Source,Headgroup,Lipid Class,Δm/z (mDa),Δm/z (ppm),MS/MS score,Annotation tier,mSigma,CCS (Å²),Mob. 1/K0,ΔCCS [%],CCS_outlier?,CCS_outlier_score,CCS_outlier_reason,Molecular Formula,Plasmenyl?,Number of carbons in fatty acyls,Double bond equivalents,Number of carbons in fatty acyl 1,Double bonds in fatty acyl 1,Number of carbons in fatty acyl 2,Double bonds in fatty acyl 2,Number of carbons in fatty acyl 3,Double bonds in fatty acyl 3,Number of carbons in fatty acyl 4,Double bonds in fatty acyl 4,Chain type,PUFA?,Modifications,# of modifications,Oxidized?,Carbons / double bond equivalent ratio,Detected for (type of sample)
7.31,375.38928,392.39225,"[M-H2O+H]+, [M+Na]+, [2M+Na]+",Pos,bruker.bsf.mcube.client.ui.model.impl.BucketTableLine@1f4c1d63,TRUE,[D6]ST 27:1;O,IS,Target List - BRG Internal Standards,BRG Internal Standards,ST,ST,0.04,0.107,,High confidence,9.6,204.5,0.985,0,,,,C27D6H40O,No,27,1,27,1,,,,,,,odd,No,O,1,Yes,27,HepG2 cells + PFAS
14.51,675.67766,657.64286,"[M+NH4]+, [2M+NH4]+",Pos,bruker.bsf.mcube.client.ui.model.impl.BucketTableLine@4ecb80bd,TRUE,[D7]CE 18:1,IS,Target List - TargetList_Avanti Splash ISs,TargetList_Avanti Splash ISs,CE,CE,-0.283,-0.419,,High confidence,1.7,290.9,1.424,-0.4,No,,,C45D7H71O2,No,18,1,18,1,,,,,,,even,No,,0,No,18,All (Internal standards)
11.17,632.54816,587.54996,[M+HCOO]-,Neg,bruker.bsf.mcube.client.ui.model.impl.BucketTableLine@68a8a8ce,TRUE,[D7]DG 15:0_18:1,IS,"Target List - TargetList_Avanti Splash ISs, Target List - TargetList_Avanti Splash ISs, Target List - TargetList_Avanti Splash ISs, Target List - TargetList_Avanti Splash ISs, Target List - TargetList_Avanti Splash ISs, Target List - TargetList_Avanti Splash ISs, Target List - TargetList_Avanti Splash ISs, Target List - TargetList_Avanti Splash ISs, Target List - TargetList_Avanti Splash ISs, Target List - TargetList_Avanti Splash ISs, Target List - TargetList_Avanti Splash ISs",TargetList_Avanti Splash ISs,DG,DG,-0.655,-1.036,,High confidence,8.5,261,1.276,-0.7,,,,C36D7H61O5,No,33,1,15,0,18,1,,,,,odd,No,,0,No,33,Snail brains
2.5,529.39918,528.39157,"[M+H]+, [2M+Na]+, [M+K]+, [2M+H]+, [M+Na]+",Pos,bruker.bsf.mcube.client.ui.model.impl.BucketTableLine@3e167290,TRUE,[D7]LPC 18:1,IS,Target List - TargetList_Avanti Splash ISs,TargetList_Avanti Splash ISs,LPC,LPC,-0.175,-0.331,,High confidence,5.7,236.3,1.15,0.3,No,,,C26D7H45NO7P,No,18,1,18,1,,,,,,,even,No,,0,No,18,All (Internal standards)
2.64,573.39013,528.39192,[M+HCOO]-,Neg,bruker.bsf.mcube.client.ui.model.impl.BucketTableLine@2eebe7b9,TRUE,[D7]LPC 18:1,IS,"Target List - TargetList_Avanti Splash ISs, Target List - TargetList_Avanti Splash ISs, Target List - TargetList_Avanti Splash ISs, Target List - TargetList_Avanti Splash ISs, Target List - TargetList_Avanti Splash ISs, Target List - TargetList_Avanti Splash ISs, Target List - TargetList_Avanti Splash ISs, Target List - TargetList_Avanti Splash ISs, Target List - TargetList_Avanti Splash ISs, Target List - TargetList_Avanti Splash ISs, Target List - TargetList_Avanti Splash ISs",TargetList_Avanti Splash ISs,LPC,LPC,-0.153,-0.266,,High confidence,11.2,243.3,1.187,-0.3,,,,C26D7H45NO7P,No,18,1,18,1,,,,,,,even,No,,0,No,18,Snail brains
2.58,485.33762,486.3449,[M-H]-,Neg,bruker.bsf.mcube.client.ui.model.impl.BucketTableLine@5e8fe89,TRUE,[D7]LPE 18:1,IS,Target List - TargetList_Avanti Splash ISs,TargetList_Avanti Splash ISs,LPE,LPE,-0.23,-0.475,,High confidence,3.6,216.4,1.051,-0.1,No,,,C23D7H39NO7P,No,18,1,18,1,,,,,,,even,No,,0,No,18,All (Internal standards)
2.58,487.35212,486.34472,"[M+H]+, [M+Na]+",Pos,bruker.bsf.mcube.client.ui.model.impl.BucketTableLine@19b49fca,TRUE,[D7]LPE 18:1,IS,Target List - TargetList_Avanti Splash ISs,TargetList_Avanti Splash ISs,LPE,LPE,-0.282,-0.578,,High confidence,4,218.6,1.061,0.5,No,,,C23D7H39NO7P,No,18,1,18,1,,,,,,,even,No,,0,No,18,All (Internal standards)
2.89,485.33802,486.34494,"[M-H]-, [M+Na+COO]-, [2M-H]-",Neg,bruker.bsf.mcube.client.ui.model.impl.BucketTableLine@6df1aa6c,TRUE,[D7]LPE 18:1,IS,"Target List - TargetList_Avanti Splash ISs, Target List - TargetList_Avanti Splash ISs, Target List - TargetList_Avanti Splash ISs, Target List - TargetList_Avanti Splash ISs, Target List - TargetList_Avanti Splash ISs, Target List - TargetList_Avanti Splash ISs, Target List - TargetList_Avanti Splash ISs, Target List - TargetList_Avanti Splash ISs, Target List - TargetList_Avanti Splash ISs, Target List - TargetList_Avanti Splash ISs, Target List - TargetList_Avanti Splash ISs",TargetList_Avanti Splash ISs,LPE,LPE,0.168,0.347,,High confidence,12.5,216.7,1.052,0.1,,,,C23D7H39NO7P,No,18,1,18,1,,,,,,,even,No,,0,No,18,Snail brains
7.62,666.50908,667.51636,[M-H]-,Neg,bruker.bsf.mcube.client.ui.model.impl.BucketTableLine@4dcb8dd7,TRUE,[D7]PA 15:0_18:1,IS,Target List - TargetList_Avanti Splash ISs,TargetList_Avanti Splash ISs,PA,PA,-0.586,-0.879,,High confidence,9.8,258.9,1.267,,No,,,C36D7H62O8P,No,33,1,15,0,18,1,,,,,odd,No,,0,No,33,All (Internal standards)
7.41,690.50625,667.51703,[M+Na]+,Pos,bruker.bsf.mcube.client.ui.model.impl.BucketTableLine@bb4e4d1,TRUE,[D7]PA 15:0_18:1,IS,Target List - TargetList_Avanti Splash ISs,TargetList_Avanti Splash ISs,PA,PA,0.085,0.123,,High confidence,13.1,271.1,1.327,,No,,,C36D7H62O8P,No,33,1,15,0,18,1,,,,,odd,No,,0,No,33,All (Internal standards)
7.73,666.50914,667.51641,[M-H]-,Neg,bruker.bsf.mcube.client.ui.model.impl.BucketTableLine@5c84c2e6,TRUE,[D7]PA 15:0_18:1 (neg),IS,"Target List - TargetList_Avanti Splash ISs, Target List - TargetList_Avanti Splash ISs, Target List - TargetList_Avanti Splash ISs, Target List - TargetList_Avanti Splash ISs, Target List - TargetList_Avanti Splash ISs, Target List - TargetList_Avanti Splash ISs, Target List - TargetList_Avanti Splash ISs, Target List - TargetList_Avanti Splash ISs, Target List - TargetList_Avanti Splash ISs",TargetList_Avanti Splash ISs,PA,PA,-0.528,-0.793,,High confidence,39.1,258.5,1.265,0,,,,C36D7H62O8P,No,33,1,15,0,18,1,,,,,odd,No,,0,No,33,Snail brains
7.75,753.61258,752.6053,[M+H]+,Pos,bruker.bsf.mcube.client.ui.model.impl.BucketTableLine@40a8ed3d,TRUE,[D7]PC 15:0_18:1,IS,Target List - TargetList_Avanti Splash ISs,TargetList_Avanti Splash ISs,PC,PC,-0.793,-1.053,,High confidence,7.9,289.2,1.418,-0.4,No,,,C41D7H73NO8P,No,33,1,15,0,18,1,,,,,odd,No,,0,No,33,All (Internal standards)
7.96,797.60388,752.60568,[M+HCOO]-,Neg,bruker.bsf.mcube.client.ui.model.impl.BucketTableLine@136f1c94,TRUE,[D7]PC 15:0_18:1,IS,Target List - TargetList_Avanti Splash ISs,TargetList_Avanti Splash ISs,PC,PC,-0.411,-0.515,,High confidence,17.3,292.2,1.434,0.3,No,,,C41D7H73NO8P,No,33,1,15,0,18,1,,,,,odd,No,,0,No,33,All (Internal standards)
7.96,797.60438,752.60618,[M+HCOO]-,Neg,bruker.bsf.mcube.client.ui.model.impl.BucketTableLine@60eaa365,TRUE,[D7]PC 15:0_18:1,IS,"Target List - TargetList_Avanti Splash ISs, Target List - TargetList_Avanti Splash ISs, Target List - TargetList_Avanti Splash ISs, Target List - TargetList_Avanti Splash ISs, Target List - TargetList_Avanti Splash ISs, Target List - TargetList_Avanti Splash ISs, Target List - TargetList_Avanti Splash ISs, Target List - TargetList_Avanti Splash ISs, Target List - TargetList_Avanti Splash ISs, Target List - TargetList_Avanti Splash ISs, Target List - TargetList_Avanti Splash ISs",TargetList_Avanti Splash ISs,PC,PC,0.084,0.105,,High confidence,22.8,291.2,1.429,0,,,,C41D7H73NO8P,No,33,1,15,0,18,1,,,,,odd,No,,0,No,33,Snail brains
8.01,709.55169,710.55897,[M-H]-,Neg,bruker.bsf.mcube.client.ui.model.impl.BucketTableLine@3b4d2f6a,TRUE,[D7]PE 15:0_18:1,IS,Target List - TargetList_Avanti Splash ISs,TargetList_Avanti Splash ISs,PE,PE,-0.173,-0.244,,High confidence,14.6,266.3,1.304,-0.5,No,,,C38D7H67NO8P,No,33,1,15,0,18,1,,,,,odd,No,,0,No,33,All (Internal standards)
8.29,709.55158,710.55886,[M-H]-,Neg,bruker.bsf.mcube.client.ui.model.impl.BucketTableLine@57690c7c,TRUE,[D7]PE 15:0_18:1,IS,"Target List - TargetList_Avanti Splash ISs, Target List - TargetList_Avanti Splash ISs, Target List - TargetList_Avanti Splash ISs, Target List - TargetList_Avanti Splash ISs, Target List - TargetList_Avanti Splash ISs, Target List - TargetList_Avanti Splash ISs, Target List - TargetList_Avanti Splash ISs, Target List - TargetList_Avanti Splash ISs, Target List - TargetList_Avanti Splash ISs, Target List - TargetList_Avanti Splash ISs, Target List - TargetList_Avanti Splash ISs",TargetList_Avanti Splash ISs,PE,PE,-0.284,-0.4,,High confidence,9,266.2,1.304,-0.5,,,,C38D7H67NO8P,No,33,1,15,0,18,1,,,,,odd,No,,0,No,33,Snail brains
6.71,740.54649,741.55377,[M-H]-,Neg,bruker.bsf.mcube.client.ui.model.impl.BucketTableLine@39e2fd3d,TRUE,[D7]PG 15:0_18:1,IS,Target List - TargetList_Avanti Splash ISs,TargetList_Avanti Splash ISs,PG,PG,0.042,0.057,,High confidence,36.4,273.4,1.34,-0.1,No,,,C39D7H68O10P,No,33,1,15,0,18,1,,,,,odd,No,,0,No,33,All (Internal standards)
6.29,740.54626,741.55324,"[M-H]-, [M+Na+COO]-",Neg,bruker.bsf.mcube.client.ui.model.impl.BucketTableLine@48098871,TRUE,[D7]PG 15:0_18:1,IS,Target List - TargetList_Avanti Splash ISs,TargetList_Avanti Splash ISs,PG,PG,-0.191,-0.258,,High confidence,10.3,273.8,1.342,0,No,,,C39D7H68O10P,No,33,1,15,0,18,1,,,,,odd,No,,0,No,33,All (Internal standards)
6.27,759.58727,741.55345,[M+NH4]+,Pos,bruker.bsf.mcube.client.ui.model.impl.BucketTableLine@1dd73032,TRUE,[D7]PG 15:0_18:1,IS,Target List - TargetList_Avanti Splash ISs,TargetList_Avanti Splash ISs,PG,PG,-0.277,-0.364,,High confidence,4.6,290.3,1.424,0,No,,,C39D7H68O10P,No,33,1,15,0,18,1,,,,,odd,No,,0,No,33,All (Internal standards)
7.29,740.54587,741.55315,[M-H]-,Neg,bruker.bsf.mcube.client.ui.model.impl.BucketTableLine@e3e61f4,TRUE,[D7]PG 15:0_18:1,IS,"Target List - TargetList_Avanti Splash ISs, Target List - TargetList_Avanti Splash ISs, Target List - TargetList_Avanti Splash ISs, Target List - TargetList_Avanti Splash ISs, Target List - TargetList_Avanti Splash ISs, Target List - TargetList_Avanti Splash ISs, Target List - TargetList_Avanti Splash ISs, Target List - TargetList_Avanti Splash ISs, Target List - TargetList_Avanti Splash ISs, Target List - TargetList_Avanti Splash ISs",TargetList_Avanti Splash ISs,PG,PG,-0.573,-0.773,,High confidence,48,273.4,1.34,-0.2,,,,C39D7H68O10P,No,33,1,15,0,18,1,,,,,odd,No,,0,No,33,Snail brains
7.9,794.53421,759.56481,[M+Cl]-,Neg,bruker.bsf.mcube.client.ui.model.impl.BucketTableLine@31a2d911,FALSE,[D7]PG 15:0_18:1,IS,"Target List - TargetList_Avanti Splash ISs, Target List - TargetList_Avanti Splash ISs, Target List - TargetList_Avanti Splash ISs",TargetList_Avanti Splash ISs,PG,PG,0.519,0.654,,High confidence,232,286.4,1.406,1.8,,,,C39D7H70O11P,No,33,1,15,0,18,1,,,,,odd,No,,0,No,33,Snail brains
6.11,828.56218,829.56924,"[M-H]-, [M+Na+COO]-",Neg,bruker.bsf.mcube.client.ui.model.impl.BucketTableLine@99dbf46,TRUE,[D7]PI 15:0_18:1,IS,Target List - TargetList_Avanti Splash ISs,TargetList_Avanti Splash ISs,PI,PI,-0.309,-0.373,,High confidence,9.7,288.4,1.416,0.2,No,,,C42D7H72O13P,No,33,1,15,0,18,1,,,,,odd,No,,0,No,33,All (Internal standards)
6.25,828.56241,829.56959,"[M-H]-, [M+Na+COO]-",Neg,bruker.bsf.mcube.client.ui.model.impl.BucketTableLine@5165768b,TRUE,[D7]PI 15:0_18:1,IS,"Target List - TargetList_Avanti Splash ISs, Target List - TargetList_Avanti Splash ISs, Target List - TargetList_Avanti Splash ISs, Target List - TargetList_Avanti Splash ISs, Target List - TargetList_Avanti Splash ISs, Target List - TargetList_Avanti Splash ISs, Target List - TargetList_Avanti Splash ISs, Target List - TargetList_Avanti Splash ISs, Target List - TargetList_Avanti Splash ISs, Target List - TargetList_Avanti Splash ISs, Target List - TargetList_Avanti Splash ISs",TargetList_Avanti Splash ISs,PI,PI,-0.079,-0.095,,High confidence,1.9,287.9,1.414,0.1,,,,C42D7H72O13P,No,33,1,15,0,18,1,,,,,odd,No,,0,No,33,Snail brains
6.41,753.541,754.54828,[M-H]-,Neg,bruker.bsf.mcube.client.ui.model.impl.BucketTableLine@22dd4da6,TRUE,[D7]PS 15:0_18:1,IS,Target List - TargetList_Avanti Splash ISs,TargetList_Avanti Splash ISs,PS,PS,-0.696,-0.924,,High confidence,0.6,277,1.358,0,No,,,C39D7H67NO10P,No,33,1,15,0,18,1,,,,,odd,No,,0,No,33,All (Internal standards)
6.4,753.54149,754.54877,[M-H]-,Neg,bruker.bsf.mcube.client.ui.model.impl.BucketTableLine@58f5eeb0,TRUE,[D7]PS 15:0_18:1,IS,"Target List - TargetList_Avanti Splash ISs, Target List - TargetList_Avanti Splash ISs, Target List - TargetList_Avanti Splash ISs, Target List - TargetList_Avanti Splash ISs, Target List - TargetList_Avanti Splash ISs, Target List - TargetList_Avanti Splash ISs, Target List - TargetList_Avanti Splash ISs, Target List - TargetList_Avanti Splash ISs, Target List - TargetList_Avanti Splash ISs, Target List - TargetList_Avanti Splash ISs, Target List - TargetList_Avanti Splash ISs",TargetList_Avanti Splash ISs,PS,PS,-0.202,-0.268,,High confidence,14.2,277.7,1.362,0.2,,,,C39D7H67NO10P,No,33,1,15,0,18,1,,,,,odd,No,,0,No,33,Snail brains
13.82,829.79781,811.76383,"[M+NH4]+, [M+K]+",Pos,bruker.bsf.mcube.client.ui.model.impl.BucketTableLine@6594fe56,TRUE,[D7]TG 15:0_18:1_15:0,IS,Target List - TargetList_Avanti Splash ISs,TargetList_Avanti Splash ISs,TG,TG,-0.646,-0.778,,High confidence,2.6,313.8,1.541,-0.5,No,,,C51D7H89O6,No,48,1,15,0,18,1,15,0,,,even,No,,0,No,48,All (Internal standards)
7.19,782.6378,737.6396,[M+HCOO]-,Neg,bruker.bsf.mcube.client.ui.model.impl.BucketTableLine@5ab642fb,TRUE,[D9]SM 18:0;O2/18:1,IS,Target List - TargetList_Avanti Splash ISs,TargetList_Avanti Splash ISs,SM,SM,-0.12,-0.153,,High confidence,17.3,292.2,1.434,0.2,No,,,C41D9H72N2O6P,No,36,1,18,0,18,1,,,,,even,No,,0,No,36,All (Internal standards)
7.17,738.64671,737.63886,"[M+H]+, [M+Na]+, [M+K]+",Pos,bruker.bsf.mcube.client.ui.model.impl.BucketTableLine@2ba6b592,TRUE,[D9]SM 18:0;O2/18:1,IS,Target List - TargetList_Avanti Splash ISs,TargetList_Avanti Splash ISs,SM,SM,-0.279,-0.377,,High confidence,5.6,292.8,1.435,0.2,No,,,C41D9H72N2O6P,No,36,1,18,0,18,1,,,,,even,No,,0,No,36,All (Internal standards)
7.3,782.63784,737.63964,[M+HCOO]-,Neg,bruker.bsf.mcube.client.ui.model.impl.BucketTableLine@2d2e4ca8,TRUE,[D9]SM 18:0;O2/18:1,IS,"Target List - TargetList_Avanti Splash ISs, Target List - TargetList_Avanti Splash ISs, Target List - TargetList_Avanti Splash ISs, Target List - TargetList_Avanti Splash ISs, Target List - TargetList_Avanti Splash ISs, Target List - TargetList_Avanti Splash ISs, Target List - TargetList_Avanti Splash ISs, Target List - TargetList_Avanti Splash ISs, Target List - TargetList_Avanti Splash ISs, Target List - TargetList_Avanti Splash ISs, Target List - TargetList_Avanti Splash ISs",TargetList_Avanti Splash ISs,SM,SM,-0.076,-0.098,,High confidence,2.3,292.3,1.434,0.3,,,,C41D9H72N2O6P,No,36,1,18,0,18,1,,,,,even,No,,0,No,36,Snail brains
14.56,642.61811,624.58428,[M+NH4]+,Pos,bruker.bsf.mcube.client.ui.model.impl.BucketTableLine@16958480,TRUE,CE 16:0,MS/MS match,"Lipid Species, Spectral Library - 1-MoNA LipidBlast 2022, Lipid Species",,CE,CE,-0.251,-0.391,932.3,High confidence,28.4,285.9,1.398,0.9,,,,C43H76O2,No,16,0,16,0,,,,,,,even,No,,0,No,,Snail brains
15.09,670.64882,652.61499,[M+NH4]+,Pos,bruker.bsf.mcube.client.ui.model.impl.BucketTableLine@4e8406ba,TRUE,CE 18:0,MS/MS match,"Lipid Species, Spectral Library - 1-MoNA LipidBlast 2022",,CE,CE,-0.841,-1.254,913,High confidence,53.2,291.7,1.427,0.9,,,,C45H80O2,No,18,0,18,0,,,,,,,even,No,,0,No,,HepG2 cells + PFAS
15.04,670.64912,652.61529,[M+NH4]+,Pos,bruker.bsf.mcube.client.ui.model.impl.BucketTableLine@549927d5,TRUE,CE 18:0,MS/MS match,"Lipid Species, Spectral Library - 1-MoNA LipidBlast 2022, Lipid Species",,CE,CE,-0.539,-0.804,898.5,High confidence,25.5,291.1,1.424,0.7,,,,C45H80O2,No,18,0,18,0,,,,,,,even,No,,0,No,,Snail brains
14.56,668.63315,650.59932,[M+NH4]+,Pos,bruker.bsf.mcube.client.ui.model.impl.BucketTableLine@3fc1efa3,TRUE,CE 18:1,MS/MS match,"Lipid Species, Spectral Library - 1-MoNA LipidBlast 2022",,CE,CE,-0.862,-1.289,894.7,High confidence,28.7,291,1.423,0.7,,,,C45H78O2,No,18,1,18,1,,,,,,,even,No,,0,No,18,HepG2 cells + PFAS
14.47,668.63366,650.59984,[M+NH4]+,Pos,bruker.bsf.mcube.client.ui.model.impl.BucketTableLine@a865b7,TRUE,CE 18:1,MS/MS match,"Lipid Species, Spectral Library - 1-MoNA LipidBlast 2022, Lipid Species",,CE,CE,-0.342,-0.512,929.1,High confidence,19.7,288.5,1.412,-0.1,,,,C45H78O2,No,18,1,18,1,,,,,,,even,No,,0,No,18,Snail brains
14.11,666.61766,648.58384,[M+NH4]+,Pos,bruker.bsf.mcube.client.ui.model.impl.BucketTableLine@708beb7e,TRUE,CE 18:2,MS/MS match,"Lipid Species, Spectral Library - 1-MoNA LipidBlast 2022",,CE,CE,-0.695,-1.042,911.6,High confidence,8.6,291.3,1.425,0.9,,,,C45H76O2,No,18,2,18,2,,,,,,,even,Yes,,0,No,9,HepG2 cells + PFAS
14.09,666.61794,648.58411,[M+NH4]+,Pos,bruker.bsf.mcube.client.ui.model.impl.BucketTableLine@1e0304ab,TRUE,CE 18:2,MS/MS match,"Lipid Species, Lipid Species, Spectral Library - 1-MoNA LipidBlast 2022",,CE,CE,-0.422,-0.633,885.8,High confidence,4,291.1,1.424,0.9,,,,C45H76O2,No,18,2,18,2,,,,,,,even,Yes,,0,No,9,Snail brains
13.76,664.60231,646.56848,[M+NH4]+,Pos,bruker.bsf.mcube.client.ui.model.impl.BucketTableLine@348e88e5,TRUE,CE 18:3,MS/MS match,"Lipid Species, Lipid Species, Spectral Library - 1-MoNA LipidBlast 2022",,CE,CE,-0.401,-0.604,701.7,High confidence,24.6,288.8,1.413,0.1,,,,C45H74O2,No,18,3,18,3,,,,,,,even,Yes,,0,No,6,Snail brains
15.07,696.66458,678.63076,[M+NH4]+,Pos,bruker.bsf.mcube.client.ui.model.impl.BucketTableLine@601f7177,TRUE,CE 20:1,MS/MS match,"Lipid Species, Spectral Library - 1-MoNA LipidBlast 2022",,CE,CE,-0.724,-1.039,896.6,High confidence,15.8,295.9,1.449,0.5,,,,C47H82O2,No,20,1,20,1,,,,,,,even,No,,0,No,20,HepG2 cells + PFAS
15.03,696.66502,678.63066,"[M+NH4]+, [M+Na]+, [2M+NH4]+",Pos,bruker.bsf.mcube.client.ui.model.impl.BucketTableLine@9d0b5bd,TRUE,CE 20:1,MS/MS match,"Lipid Species, Lipid Species, Spectral Library - 1-MoNA LipidBlast 2022",,CE,CE,-0.289,-0.415,899.3,High confidence,1.5,299.4,1.466,1.7,,,,C47H82O2,No,20,1,20,1,,,,,,,even,No,,0,No,20,Snail brains
14.26,692.63271,674.59889,[M+NH4]+,Pos,bruker.bsf.mcube.client.ui.model.impl.BucketTableLine@7e861bc0,TRUE,CE 20:3,MS/MS match,"Lipid Species, Spectral Library - 1-MoNA LipidBlast 2022",,CE,CE,-1.296,-1.871,929.7,High confidence,64.6,296,1.449,0.7,,,,C47H78O2,No,20,3,20,3,,,,,,,even,Yes,,0,No,6.666666667,HepG2 cells + PFAS
15.58,724.69592,706.66209,[M+NH4]+,Pos,bruker.bsf.mcube.client.ui.model.impl.BucketTableLine@46883223,TRUE,CE 22:1,MS/MS match,"Lipid Species, Spectral Library - 1-MoNA LipidBlast 2022",,CE,CE,-0.688,-0.95,925.6,High confidence,14.8,303,1.485,1,,,,C49H86O2,No,22,1,22,1,,,,,,,even,No,,0,No,22,HepG2 cells + PFAS
15.54,724.69591,706.66209,[M+NH4]+,Pos,bruker.bsf.mcube.client.ui.model.impl.BucketTableLine@4a4a4964,TRUE,CE 22:1,MS/MS match,"Lipid Species, Spectral Library - 1-MoNA LipidBlast 2022, Lipid Species",,CE,CE,-0.695,-0.959,907.2,High confidence,11,303.3,1.486,1.1,,,,C49H86O2,No,22,1,22,1,,,,,,,even,No,,0,No,22,Snail brains
15,722.68058,704.64675,[M+NH4]+,Pos,bruker.bsf.mcube.client.ui.model.impl.BucketTableLine@5aa06f9d,TRUE,CE 22:2,MS/MS match,"Lipid Species, Lipid Species, Spectral Library - 1-MoNA LipidBlast 2022",,CE,CE,-0.378,-0.523,857.7,High confidence,5.6,304.7,1.493,1.6,,,,C49H84O2,No,22,2,22,2,,,,,,,even,Yes,,0,No,11,Snail brains
14.69,720.66462,702.63079,[M+NH4]+,Pos,bruker.bsf.mcube.client.ui.model.impl.BucketTableLine@b660c6f,TRUE,CE 22:3,MS/MS match,"Lipid Species, Spectral Library - 1-MoNA LipidBlast 2022",,CE,CE,-0.692,-0.96,942.6,High confidence,24.4,301.7,1.478,0.7,,,,C49H82O2,No,22,3,22,3,,,,,,,even,Yes,,0,No,7.333333333,HepG2 cells + PFAS
14.59,720.66533,702.6315,[M+NH4]+,Pos,bruker.bsf.mcube.client.ui.model.impl.BucketTableLine@1f37770b,TRUE,CE 22:3,MS/MS match,"Lipid Species, Spectral Library - 1-MoNA LipidBlast 2022, Lipid Species",,CE,CE,0.018,0.026,821.2,High confidence,29.5,303.8,1.488,1.4,,,,C49H82O2,No,22,3,22,3,,,,,,,even,Yes,,0,No,7.333333333,Snail brains
14.31,718.64891,700.61509,[M+NH4]+,Pos,bruker.bsf.mcube.client.ui.model.impl.BucketTableLine@21ed3ebf,TRUE,CE 22:4,MS/MS match,"Lipid Species, Spectral Library - 1-MoNA LipidBlast 2022",,CE,CE,-0.746,-1.038,929.6,High confidence,22.2,301.7,1.478,0.8,,,,C49H80O2,No,22,4,22,4,,,,,,,even,Yes,,0,No,5.5,HepG2 cells + PFAS
13.73,714.6175,696.58368,[M+NH4]+,Pos,bruker.bsf.mcube.client.ui.model.impl.BucketTableLine@3c4c6b11,TRUE,CE 22:6,MS/MS match,"Lipid Species, Spectral Library - 1-MoNA LipidBlast 2022",,CE,CE,-0.854,-1.196,900.4,High confidence,45,297.5,1.457,-0.5,,,,C49H76O2,No,22,6,22,6,,,,,,,even,Yes,,0,No,3.666666667,HepG2 cells + PFAS
13.63,714.61776,696.58393,[M+NH4]+,Pos,bruker.bsf.mcube.client.ui.model.impl.BucketTableLine@37d7d214,TRUE,CE 22:6,MS/MS match,"Lipid Species, Lipid Species, Spectral Library - 1-MoNA LipidBlast 2022",,CE,CE,-0.599,-0.839,770.1,High confidence,26.1,295.7,1.449,-1.1,,,,C49H76O2,No,22,6,22,6,,,,,,,even,Yes,,0,No,3.666666667,Snail brains
15.61,750.71182,732.67799,[M+NH4]+,Pos,bruker.bsf.mcube.client.ui.model.impl.BucketTableLine@805515a,TRUE,CE 24:2,MS/MS match,"Lipid Species, Spectral Library - 1-MoNA LipidBlast 2022",,CE,CE,-0.441,-0.588,934.2,High confidence,9.3,309.3,1.517,1.3,,,,C51H88O2,No,24,2,24,2,,,,,,,even,Yes,,0,No,12,HepG2 cells + PFAS
14.76,746.68052,728.64669,[M+NH4]+,Pos,bruker.bsf.mcube.client.ui.model.impl.BucketTableLine@4e3142e5,TRUE,CE 24:4,MS/MS match,"Lipid Species, Spectral Library - 1-MoNA LipidBlast 2022",,CE,CE,-0.441,-0.59,910,High confidence,2.4,306.5,1.503,0.5,,,,C51H84O2,No,24,4,24,4,,,,,,,even,Yes,,0,No,6,HepG2 cells + PFAS
14.4,744.66479,726.63096,[M+NH4]+,Pos,bruker.bsf.mcube.client.ui.model.impl.BucketTableLine@649e0530,TRUE,CE 24:5,MS/MS match,"Lipid Species, Spectral Library - 1-MoNA LipidBlast 2022",,CE,CE,-0.518,-0.696,954.4,High confidence,9.4,304.8,1.494,0,,,,C51H82O2,No,24,5,24,5,,,,,,,even,Yes,,0,No,4.8,HepG2 cells + PFAS
11.59,540.53495,539.52768,[M+H]+,Pos,bruker.bsf.mcube.client.ui.model.impl.BucketTableLine@3f7beab8,TRUE,Cer 16:0;O2/18:0,MS/MS match,"Lipid Species, Lipid Species",,Cer,Cer,-0.07,-0.129,534.6,High confidence,32.2,258.6,1.259,2.5,,,,C34H69NO3,No,34,0,16,0,18,0,,,,,even,No,,0,No,,HepG2 cells + PFAS
11.92,608.59724,607.58994,"[M+H]+, [M+Na]+",Pos,bruker.bsf.mcube.client.ui.model.impl.BucketTableLine@3ddbcfd0,TRUE,Cer 16:1;O2/23:0,MS/MS match,"Lipid Species, Lipid Species, Lipid Species, Lipid Species, Lipid Species, Lipid Species, Lipid Species, Lipid Species, Lipid Species",,Cer,Cer,-0.381,-0.626,656.3,High confidence,85.2,276.5,1.35,2.9,,,,C39H77NO3,No,39,1,16,1,23,0,,,,,odd,No,,0,No,39,HepG2 cells + PFAS
11.73,620.59706,619.5896,"[M+H]+, [M+NH4]+, [M-H2O+H]+",Pos,bruker.bsf.mcube.client.ui.model.impl.BucketTableLine@33ec48db,TRUE,Cer 16:1;O2/24:1,MS/MS match,"Lipid Species, Lipid Species, Spectral Library - 1-MoNA LipidBlast 2022, Lipid Species, Lipid Species, Lipid Species, Lipid Species, Lipid Species, Lipid Species, Lipid Species",,Cer,Cer,-0.562,-0.906,813.8,High confidence,25.4,276.2,1.349,2.3,,,,C40H77NO3,No,40,2,16,1,24,1,,,,,even,Yes,,0,No,20,HepG2 cells + PFAS
8.75,540.53444,539.52716,[M+H]+,Pos,bruker.bsf.mcube.client.ui.model.impl.BucketTableLine@12956fbb,TRUE,Cer 18:0;O2/16:0,MS/MS match,"Lipid Species, Lipid Species, Lipid Species",,Cer,Cer,-0.586,-1.084,843.9,High confidence,20.8,260.2,1.267,3.1,No,,,C34H69NO3,No,34,0,18,0,16,0,,,,,even,No,,0,No,,EVs (HeLA) + milk
9.02,540.53521,539.52793,[M+H]+,Pos,bruker.bsf.mcube.client.ui.model.impl.BucketTableLine@5df03f5f,TRUE,Cer 18:0;O2/16:0,MS/MS match,"Lipid Species, Lipid Species",,Cer,Cer,0.188,0.347,838.8,High confidence,45.4,261,1.271,3.4,No,,,C34H69NO3,No,34,0,18,0,16,0,,,,,even,No,,0,No,,EVs (HeLA) + milk
10.37,568.56582,567.55855,[M+H]+,Pos,bruker.bsf.mcube.client.ui.model.impl.BucketTableLine@1b8c8f36,TRUE,Cer 18:0;O2/18:0,MS/MS match,"Lipid Species, Lipid Species, Lipid Species",,Cer,Cer,-0.498,-0.875,832.2,High confidence,27.3,269,1.312,3.6,No,,,C36H73NO3,No,36,0,18,0,18,0,,,,,even,No,,0,No,,EVs (HeLA) + milk
11.12,568.56672,567.55944,[M+H]+,Pos,bruker.bsf.mcube.client.ui.model.impl.BucketTableLine@310b4c6f,TRUE,Cer 18:0;O2/18:0,MS/MS match,"Lipid Species, Lipid Species, Lipid Species, Lipid Species, Lipid Species, Lipid Species",,Cer,Cer,0.396,0.697,922.4,High confidence,40.9,269.7,1.315,3.8,,,,C36H73NO3,No,36,0,18,0,18,0,,,,,even,No,,0,No,,Snail brains
11.32,568.5661,567.55883,[M+H]+,Pos,bruker.bsf.mcube.client.ui.model.impl.BucketTableLine@6bf7a936,TRUE,Cer 18:0;O2/18:0,MS/MS match,"Lipid Species, Lipid Species, Lipid Species, Lipid Species",,Cer,Cer,-0.217,-0.383,806.7,High confidence,37.5,267.2,1.303,2.9,,,,C36H73NO3,No,36,0,18,0,18,0,,,,,even,No,,0,No,,Snail brains
9.32,584.56092,583.55364,[M+H]+,Pos,bruker.bsf.mcube.client.ui.model.impl.BucketTableLine@765936d7,TRUE,Cer 18:0;O2/18:0;O,MS/MS match,"Lipid Species, Lipid Species, Lipid Species, Lipid Species",,Cer,Cer,-0.319,-0.545,718.5,High confidence,32.8,268.4,1.309,,,,,C36H73NO4,No,36,0,18,0,18,0,,,,,even,No,,0,No,,Snail brains
12.48,652.65941,651.65214,[M+H]+,Pos,bruker.bsf.mcube.client.ui.model.impl.BucketTableLine@400b826f,TRUE,Cer 18:0;O2/24:0,MS/MS match,"Lipid Species, Lipid Species, Lipid Species",,Cer,Cer,-0.808,-1.239,933.7,High confidence,20.6,287.1,1.404,1.8,,,,C42H85NO3,No,42,0,18,0,24,0,,,,,even,No,,0,No,,HepG2 cells + PFAS
12.43,652.65983,651.65255,[M+H]+,Pos,bruker.bsf.mcube.client.ui.model.impl.BucketTableLine@7831762e,TRUE,Cer 18:0;O2/24:0,MS/MS match,"Lipid Species, Lipid Species, Lipid Species, Lipid Species, Lipid Species, Lipid Species, Lipid Species, Lipid Species",,Cer,Cer,-0.392,-0.601,931,High confidence,29.8,286.6,1.401,1.6,,,,C42H85NO3,No,42,0,18,0,24,0,,,,,even,No,,0,No,,Snail brains
11.93,684.64921,683.64203,"[M+H]+, [M+Na]+",Pos,bruker.bsf.mcube.client.ui.model.impl.BucketTableLine@54bc360a,TRUE,Cer 18:0;O3/24:0;O,MS/MS match,"Lipid Species, Lipid Species",,Cer,Cer,-0.837,-1.222,978.8,High confidence,4.3,289.7,1.418,,No,,,C42H85NO5,No,42,0,18,0,24,0,,,,,even,No,,0,No,,EVs (HeLA) + milk
12.14,698.66553,697.65826,[M+H]+,Pos,bruker.bsf.mcube.client.ui.model.impl.BucketTableLine@64db0043,TRUE,Cer 18:0;O3/25:0;O,MS/MS match,"Lipid Species, Lipid Species",,Cer,Cer,-0.167,-0.238,965.6,High confidence,5,293.5,1.437,,No,,,C43H87NO5,No,43,0,18,0,25,0,,,,,odd,No,,0,No,,EVs (HeLA) + milk
12.36,712.681,711.67403,"[M+H]+, [M+Na]+",Pos,bruker.bsf.mcube.client.ui.model.impl.BucketTableLine@1117ec7a,TRUE,Cer 18:0;O3/26:0;O,MS/MS match,"Lipid Species, Lipid Species",,Cer,Cer,-0.353,-0.496,975,High confidence,3.6,295.8,1.449,,No,,,C44H89NO5,No,44,0,18,0,26,0,,,,,even,No,,0,No,,EVs (HeLA) + milk
6.94,510.48755,509.48033,"[M+H]+, [M+Na]+, [M-H2O+H]+, [M+K]+",Pos,bruker.bsf.mcube.client.ui.model.impl.BucketTableLine@6b96353d,TRUE,Cer 18:1;O2/14:0,MS/MS match,"Lipid Species, Lipid Species, Lipid Species, Lipid Species, Lipid Species, Lipid Species",,Cer,Cer,-0.526,-1.031,807.8,High confidence,5.6,250.2,1.217,3.1,No,,,C32H63NO3,No,32,1,18,1,14,0,,,,,even,No,,0,No,32,EVs (HeLA) + milk
8.67,538.51897,537.51173,"[M+H]+, [M-H2O+H]+",Pos,bruker.bsf.mcube.client.ui.model.impl.BucketTableLine@2ecc24df,TRUE,Cer 18:1;O2/16:0,MS/MS match,"Lipid Species, Spectral Library - 1-MoNA LipidBlast 2022, Lipid Species",,Cer,Cer,-0.4,-0.743,967.6,High confidence,33.4,258.2,1.257,3.2,,,,C34H67NO3,No,34,1,18,1,16,0,,,,,even,No,,0,No,34,HepG2 cells + PFAS
8.23,538.51886,537.51156,"[M+H]+, [M+K]+",Pos,bruker.bsf.mcube.client.ui.model.impl.BucketTableLine@32ff193f,TRUE,Cer 18:1;O2/16:0,MS/MS match,"Lipid Species, Lipid Species",,Cer,Cer,-0.509,-0.945,970.9,High confidence,4.5,258.7,1.259,3.4,No,,,C34H67NO3,No,34,1,18,1,16,0,,,,,even,No,,0,No,34,EVs (HeLA) + milk
8.52,538.51907,537.51176,"[M+H]+, [M-H2O+H]+",Pos,bruker.bsf.mcube.client.ui.model.impl.BucketTableLine@3caaf505,TRUE,Cer 18:1;O2/16:0,MS/MS match,"Lipid Species, Spectral Library - 1-MoNA LipidBlast 2022, Lipid Species, Lipid Species, Lipid Species",,Cer,Cer,-0.297,-0.552,971.4,High confidence,25.6,258.3,1.258,3.3,,,,C34H67NO3,No,34,1,18,1,16,0,,,,,even,No,,0,No,34,Snail brains
8.55,582.51011,537.51191,[M+HCOO]-,Neg,bruker.bsf.mcube.client.ui.model.impl.BucketTableLine@50bcbd7c,TRUE,Cer 18:1;O2/16:0,MS/MS match,"Lipid Species, Spectral Library - 1-MoNA LipidBlast 2022, Spectral Library - 1-MoNA LipidBlast 2022, Lipid Species, Spectral Library - 1-MoNA LipidBlast 2022, Lipid Species, Spectral Library - 1-MoNA LipidBlast 2022, Lipid Species, Spectral Library - 1-MoNA LipidBlast 2022, Spectral Library - 1-MoNA LipidBlast 2022",,Cer,Cer,-0.185,-0.318,949.7,High confidence,3.7,257.2,1.255,2.5,,,,C34H67NO3,No,34,1,18,1,16,0,,,,,even,No,,0,No,34,Snail brains
9,552.53441,551.52713,[M+H]+,Pos,bruker.bsf.mcube.client.ui.model.impl.BucketTableLine@3f2d4d06,TRUE,Cer 18:1;O2/17:0,MS/MS match,"Lipid Species, Lipid Species, Lipid Species, Lipid Species, Lipid Species",,Cer,Cer,-0.612,-1.108,834.1,High confidence,51.8,261.6,1.274,3.1,No,,,C35H69NO3,No,35,1,18,1,17,0,,,,,odd,No,,0,No,35,EVs (HeLA) + milk
9.77,566.55039,565.54319,"[M+H]+, [M+K]+, [M+Na]+, [M-H2O+H]+",Pos,bruker.bsf.mcube.client.ui.model.impl.BucketTableLine@5677d329,TRUE,Cer 18:1;O2/18:0,MS/MS match,"Lipid Species, Lipid Species, Lipid Species",,Cer,Cer,-0.277,-0.489,973.5,High confidence,6.5,264.8,1.291,2.8,No,,,C36H71NO3,No,36,1,18,1,18,0,,,,,even,No,,0,No,36,EVs (HeLA) + milk
10.6,566.55024,565.5429,"[M+H]+, [M-H2O+H]+, [M+Na]+",Pos,bruker.bsf.mcube.client.ui.model.impl.BucketTableLine@4e614de3,TRUE,Cer 18:1;O2/18:0,MS/MS match,"Lipid Species, Lipid Species, Spectral Library - 1-MoNA LipidBlast 2022, Lipid Species, Lipid Species",,Cer,Cer,-0.435,-0.767,844.2,High confidence,31.1,265,1.292,2.9,,,,C36H71NO3,No,36,1,18,1,18,0,,,,,even,No,,0,No,36,HepG2 cells + PFAS
10.42,566.55033,565.54308,"[M+H]+, [M+Na]+, [M-H2O+H]+",Pos,bruker.bsf.mcube.client.ui.model.impl.BucketTableLine@6b95840f,TRUE,Cer 18:1;O2/18:0,MS/MS match,"Lipid Species, Lipid Species, Lipid Species, Lipid Species, Spectral Library - 1-MoNA LipidBlast 2022",,Cer,Cer,-0.339,-0.599,949.8,High confidence,11.5,264.9,1.292,2.9,,,,C36H71NO3,No,36,1,18,1,18,0,,,,,even,No,,0,No,36,Snail brains
11.73,594.58141,593.57423,"[M+H]+, [M-H2O+H]+",Pos,bruker.bsf.mcube.client.ui.model.impl.BucketTableLine@4861df47,TRUE,Cer 18:1;O2/20:0,MS/MS match,"Lipid Species, Spectral Library - 1-MoNA LipidBlast 2022, Lipid Species, Lipid Species, Lipid Species, Lipid Species, Lipid Species, Lipid Species",,Cer,Cer,-0.565,-0.95,784.8,High confidence,4.4,274.4,1.339,3.6,,,,C38H75NO3,No,38,1,18,1,20,0,,,,,even,No,,0,No,38,HepG2 cells + PFAS
11.67,594.58165,593.57438,"[M+H]+, [M-H2O+H]+",Pos,bruker.bsf.mcube.client.ui.model.impl.BucketTableLine@31a4e5b1,TRUE,Cer 18:1;O2/20:0,MS/MS match,"Lipid Species, Lipid Species, Lipid Species, Lipid Species, Spectral Library - 1-MoNA LipidBlast 2022",,Cer,Cer,-0.321,-0.54,919.2,High confidence,14.1,271.5,1.325,2.5,,,,C38H75NO3,No,38,1,18,1,20,0,,,,,even,No,,0,No,38,Snail brains
11.91,622.61295,621.60564,"[M+H]+, [M+Na]+",Pos,bruker.bsf.mcube.client.ui.model.impl.BucketTableLine@49816de2,TRUE,Cer 18:1;O2/22:0,MS/MS match,"Lipid Species, Lipid Species, Lipid Species, Lipid Species, Lipid Species",,Cer,Cer,-0.318,-0.511,935.4,High confidence,10.9,277.2,1.354,1.8,No,,,C40H79NO3,No,40,1,18,1,22,0,,,,,even,No,,0,No,40,EVs (HeLA) + milk
12.08,622.61257,621.60531,"[M+H]+, [M-H2O+H]+",Pos,bruker.bsf.mcube.client.ui.model.impl.BucketTableLine@514d859a,TRUE,Cer 18:1;O2/22:0,MS/MS match,"Lipid Species, Lipid Species, Lipid Species, Lipid Species, Lipid Species, Lipid Species, Lipid Species, Lipid Species, Spectral Library - 1-MoNA LipidBlast 2022",,Cer,Cer,-0.705,-1.133,901.6,High confidence,8.2,280.4,1.37,3,,,,C40H79NO3,No,40,1,18,1,22,0,,,,,even,No,,0,No,40,HepG2 cells + PFAS
12.04,622.61283,621.60577,"[M+H]+, [M+Na]+, [M-H2O+H]+",Pos,bruker.bsf.mcube.client.ui.model.impl.BucketTableLine@6f5504ea,TRUE,Cer 18:1;O2/22:0,MS/MS match,"Lipid Species, Lipid Species, Lipid Species, Spectral Library - 1-MoNA LipidBlast 2022, Lipid Species, Lipid Species, Lipid Species, Lipid Species, Lipid Species, Lipid Species, Lipid Species, Lipid Species, Lipid Species",,Cer,Cer,-0.446,-0.717,882.1,High confidence,10.4,280.5,1.37,3,,,,C40H79NO3,No,40,1,18,1,22,0,,,,,even,No,,0,No,40,Snail brains
11.32,664.588,619.5898,[M+HCOO]-,Neg,bruker.bsf.mcube.client.ui.model.impl.BucketTableLine@7c722a47,TRUE,Cer 18:1;O2/22:1,MS/MS match,"Lipid Species, Lipid Species",,Cer,Cer,-0.548,-0.825,792.6,High confidence,6.8,273.6,1.338,1.1,No,,,C40H77NO3,No,40,2,18,1,22,1,,,,,even,Yes,,0,No,20,EVs (HeLA) + milk
12.14,636.62798,635.62076,"[M+H]+, [M-H2O+H]+",Pos,bruker.bsf.mcube.client.ui.model.impl.BucketTableLine@4654f0e,TRUE,Cer 18:1;O2/23:0,MS/MS match,"Lipid Species, Lipid Species, Lipid Species, Lipid Species, Lipid Species, Lipid Species",,Cer,Cer,-0.942,-1.48,861.1,High confidence,65.9,280.2,1.37,1.5,No,,,C41H81NO3,No,41,1,18,1,23,0,,,,,odd,No,,0,No,41,EVs (HeLA) + milk
12.23,636.62857,635.62128,"[M+H]+, [M-H2O+H]+, [M+K]+, [M+Na]+",Pos,bruker.bsf.mcube.client.ui.model.impl.BucketTableLine@6ba5eea0,TRUE,Cer 18:1;O2/23:0,MS/MS match,"Lipid Species, Lipid Species, Lipid Species, Lipid Species, Lipid Species, Spectral Library - 1-MoNA LipidBlast 2022, Lipid Species",,Cer,Cer,-0.351,-0.552,868.1,High confidence,65,283.2,1.384,2.6,,,,C41H81NO3,No,41,1,18,1,23,0,,,,,odd,No,,0,No,41,HepG2 cells + PFAS
11.64,634.61334,633.60606,[M+H]+,Pos,bruker.bsf.mcube.client.ui.model.impl.BucketTableLine@65b18b11,TRUE,Cer 18:1;O2/23:1,MS/MS match,"Lipid Species, Lipid Species, Lipid Species, Lipid Species, Lipid Species, Lipid Species, Lipid Species",,Cer,Cer,0.068,0.107,872.5,High confidence,7.1,277.5,1.356,1.4,No,,,C41H79NO3,No,41,2,18,1,23,1,,,,,odd,Yes,,0,No,20.5,EVs (HeLA) + milk
12.36,650.64423,649.63638,"[M+H]+, [M+Na]+, [M-H2O+H]+",Pos,bruker.bsf.mcube.client.ui.model.impl.BucketTableLine@283a427a,TRUE,Cer 18:1;O2/24:0,MS/MS match,"Lipid Species, Lipid Species, Lipid Species",,Cer,Cer,-0.337,-0.518,981.4,High confidence,11.5,283,1.384,1.2,No,,,C42H83NO3,No,42,1,18,1,24,0,,,,,even,No,,0,No,42,EVs (HeLA) + milk
12.38,650.64423,649.63707,"[M+H]+, [M-H2O+H]+",Pos,bruker.bsf.mcube.client.ui.model.impl.BucketTableLine@17e021fd,TRUE,Cer 18:1;O2/24:0,MS/MS match,"Lipid Species, Lipid Species, Lipid Species, Spectral Library - 1-MoNA LipidBlast 2022, Lipid Species, Lipid Species, Lipid Species",,Cer,Cer,-0.34,-0.523,948.3,High confidence,3.9,286.9,1.403,2.6,,,,C42H83NO3,No,42,1,18,1,24,0,,,,,even,No,,0,No,42,HepG2 cells + PFAS
12.34,650.64425,649.63697,[M+H]+,Pos,bruker.bsf.mcube.client.ui.model.impl.BucketTableLine@34c9a418,TRUE,Cer 18:1;O2/24:0,MS/MS match,"Lipid Species, Lipid Species, Spectral Library - 1-MoNA LipidBlast 2022, Lipid Species, Lipid Species, Lipid Species, Lipid Species, Lipid Species, Lipid Species, Lipid Species, Lipid Species",,Cer,Cer,-0.325,-0.5,948.6,High confidence,7,284.8,1.392,1.8,,,,C42H83NO3,No,42,1,18,1,24,0,,,,,even,No,,0,No,42,Snail brains
11.89,666.63899,665.63146,"[M+H]+, [M+Na]+",Pos,bruker.bsf.mcube.client.ui.model.impl.BucketTableLine@4fbba043,TRUE,Cer 18:1;O2/24:0;O,MS/MS match,"Lipid Species, Lipid Species",,Cer,Cer,-0.499,-0.748,570.8,High confidence,69.3,286.3,1.401,,,,,C42H83NO4,No,42,1,18,1,24,0,,,,,even,No,,0,No,42,HepG2 cells + PFAS
12.21,666.63862,665.63135,[M+H]+,Pos,bruker.bsf.mcube.client.ui.model.impl.BucketTableLine@773bd4c5,TRUE,Cer 18:1;O2/24:0;O,MS/MS match,"Lipid Species, Lipid Species",,Cer,Cer,-0.863,-1.295,732,High confidence,113.1,286.7,1.402,,No,,,C42H83NO4,No,42,1,18,1,24,0,,,,,even,No,,0,No,42,EVs (HeLA) + milk
11.88,648.62901,647.62157,"[M+H]+, [M+K]+, [M-H2O+H]+",Pos,bruker.bsf.mcube.client.ui.model.impl.BucketTableLine@3a6639ee,TRUE,Cer 18:1;O2/24:1,MS/MS match,"Lipid Species, Lipid Species, Lipid Species, Lipid Species",,Cer,Cer,0.087,0.133,977.5,High confidence,1.3,282.2,1.38,1.7,No,,,C42H81NO3,No,42,2,18,1,24,1,,,,,even,Yes,,0,No,21,EVs (HeLA) + milk
12.52,664.6598,663.65244,"[M+H]+, [M-H2O+H]+",Pos,bruker.bsf.mcube.client.ui.model.impl.BucketTableLine@23113630,TRUE,Cer 18:1;O2/25:0,MS/MS match,"Lipid Species, Lipid Species, Lipid Species, Lipid Species, Lipid Species",,Cer,Cer,-0.425,-0.639,806.7,High confidence,3,288.1,1.409,1.7,,,,C43H85NO3,No,43,1,18,1,25,0,,,,,odd,No,,0,No,43,HepG2 cells + PFAS
12.67,678.67551,677.66823,[M+H]+,Pos,bruker.bsf.mcube.client.ui.model.impl.BucketTableLine@547d8a3c,TRUE,Cer 18:1;O2/26:0,MS/MS match,"Lipid Species, Lipid Species, Lipid Species, Lipid Species, Lipid Species, Lipid Species, Lipid Species, Lipid Species, Lipid Species",,Cer,Cer,-0.367,-0.541,769.5,High confidence,14.8,291.4,1.426,1.5,,,,C44H87NO3,No,44,1,18,1,26,0,,,,,even,No,,0,No,44,HepG2 cells + PFAS
12.63,678.67556,677.66828,[M+H]+,Pos,bruker.bsf.mcube.client.ui.model.impl.BucketTableLine@3b8bf136,TRUE,Cer 18:1;O2/26:0,MS/MS match,"Lipid Species, Lipid Species, Lipid Species, Lipid Species, Lipid Species, Lipid Species, Lipid Species, Lipid Species, Lipid Species, Lipid Species, Lipid Species, Lipid Species",,Cer,Cer,-0.311,-0.458,808.6,High confidence,17.4,291.2,1.425,1.4,,,,C44H87NO3,No,44,1,18,1,26,0,,,,,even,No,,0,No,44,Snail brains
12.36,676.65976,675.65248,[M+H]+,Pos,bruker.bsf.mcube.client.ui.model.impl.BucketTableLine@5050b6d2,TRUE,Cer 18:1;O2/26:1,MS/MS match,"Lipid Species, Lipid Species, Lipid Species, Lipid Species, Lipid Species, Spectral Library - 1-MoNA LipidBlast 2022, Lipid Species",,Cer,Cer,-0.463,-0.684,838,High confidence,10.4,291.2,1.425,2.2,,,,C44H85NO3,No,44,2,18,1,26,1,,,,,even,Yes,,0,No,22,HepG2 cells + PFAS
11.94,674.64377,673.6365,[M+H]+,Pos,bruker.bsf.mcube.client.ui.model.impl.BucketTableLine@17fcc0a,TRUE,Cer 18:1;O2/26:2,MS/MS match,"Lipid Species, Lipid Species, Lipid Species, Lipid Species, Lipid Species",,Cer,Cer,-0.8,-1.185,941.6,High confidence,21.5,284.2,1.391,0.6,No,,,C44H83NO3,No,44,3,18,1,26,2,,,,,even,Yes,,0,No,14.66666667,EVs (HeLA) + milk
11.18,682.63435,681.62707,[M+H]+,Pos,bruker.bsf.mcube.client.ui.model.impl.BucketTableLine@4fb6ce6b,TRUE,Cer 18:1;O3/24:0;O,MS/MS match,"Lipid Species, Lipid Species",,Cer,Cer,-0.056,-0.082,662.8,High confidence,21.1,284.9,1.395,,No,,,C42H83NO5,No,42,1,18,1,24,0,,,,,even,No,,0,No,42,EVs (HeLA) + milk
11.68,682.63444,681.62716,[M+H]+,Pos,bruker.bsf.mcube.client.ui.model.impl.BucketTableLine@241df60e,TRUE,Cer 18:1;O3/24:0;O,MS/MS match,"Lipid Species, Lipid Species",,Cer,Cer,0.037,0.054,963.9,High confidence,13.1,285.7,1.398,,No,,,C42H83NO5,No,42,1,18,1,24,0,,,,,even,No,,0,No,42,EVs (HeLA) + milk
6.04,552.46293,507.46504,"[M+HCOO]-, [M+Cl]-",Neg,bruker.bsf.mcube.client.ui.model.impl.BucketTableLine@5046fd49,TRUE,Cer 18:2;O2/14:0,MS/MS match,"Lipid Species, Lipid Species",,Cer,Cer,-0.417,-0.755,866.7,High confidence,11.8,249.2,1.214,3.1,No,,,C32H61NO3,No,32,2,18,2,14,0,,,,,even,Yes,,0,No,16,EVs (HeLA) + milk
9.71,608.56086,607.55348,"[M+H]+, [M-H2O+H]+, [M+Na]+",Pos,bruker.bsf.mcube.client.ui.model.impl.BucketTableLine@4ef80412,TRUE,Cer 18:2;O2/20:0;O,MS/MS match,"Lipid Species, Lipid Species, Lipid Species",,Cer,Cer,-0.374,-0.615,907.4,High confidence,16,270.6,1.321,,No,,,C38H73NO4,No,38,2,18,2,20,0,,,,,even,Yes,,0,No,19,EVs (HeLA) + milk
11.43,620.59755,619.59028,[M+H]+,Pos,bruker.bsf.mcube.client.ui.model.impl.BucketTableLine@3df740c5,TRUE,Cer 18:2;O2/22:0,MS/MS match,"Lipid Species, Lipid Species, Lipid Species, Lipid Species, Lipid Species, Lipid Species",,Cer,Cer,-0.068,-0.109,805.8,High confidence,34.7,272.8,1.333,1,No,,,C40H77NO3,No,40,2,18,2,22,0,,,,,even,Yes,,0,No,20,EVs (HeLA) + milk
11.79,620.59729,619.59001,"[M+H]+, [M-H2O+H]+",Pos,bruker.bsf.mcube.client.ui.model.impl.BucketTableLine@50e6ace3,TRUE,Cer 18:2;O2/22:0,MS/MS match,"Lipid Species, Lipid Species, Lipid Species, Spectral Library - 1-MoNA LipidBlast 2022, Lipid Species, Lipid Species, Lipid Species, Lipid Species, Lipid Species, Lipid Species, Lipid Species",,Cer,Cer,-0.334,-0.538,862.9,High confidence,3.4,276.5,1.351,2.4,,,,C40H77NO3,No,40,2,18,2,22,0,,,,,even,Yes,,0,No,20,HepG2 cells + PFAS
11.97,634.613,633.60552,"[M+H]+, [M+Na]+, [M-H2O+H]+",Pos,bruker.bsf.mcube.client.ui.model.impl.BucketTableLine@9271c91,TRUE,Cer 18:2;O2/23:0,MS/MS match,"Lipid Species, Lipid Species, Lipid Species, Lipid Species, Lipid Species, Lipid Species, Lipid Species, Lipid Species, Lipid Species, Lipid Species, Spectral Library - 1-MoNA LipidBlast 2022",,Cer,Cer,-0.273,-0.429,906.7,High confidence,5,278.4,1.361,1.7,,,,C41H79NO3,No,41,2,18,2,23,0,,,,,odd,Yes,,0,No,20.5,HepG2 cells + PFAS
12.07,648.62831,647.62104,[M+H]+,Pos,bruker.bsf.mcube.client.ui.model.impl.BucketTableLine@1509a749,TRUE,Cer 18:2;O2/24:0,MS/MS match,"Lipid Species, Lipid Species, Lipid Species, Lipid Species, Lipid Species, Lipid Species, Lipid Species, Lipid Species, Lipid Species, Lipid Species",,Cer,Cer,-0.61,-0.94,765.6,High confidence,2,283.2,1.385,2.1,,,,C42H81NO3,No,42,2,18,2,24,0,,,,,even,Yes,,0,No,21,HepG2 cells + PFAS
11.89,708.61359,663.61539,[M+HCOO]-,Neg,bruker.bsf.mcube.client.ui.model.impl.BucketTableLine@7c2d334c,TRUE,Cer 18:2;O2/24:0;O,MS/MS match,"Lipid Species, Lipid Species, Lipid Species",,Cer,Cer,-1.172,-1.653,873.4,High confidence,219.7,284.6,1.394,,No,,,C42H81NO4,No,42,2,18,2,24,0,,,,,even,Yes,,0,No,21,EVs (HeLA) + milk
11.41,646.61301,645.606,"[M+H]+, [M-H2O+H]+",Pos,bruker.bsf.mcube.client.ui.model.impl.BucketTableLine@720cc560,TRUE,Cer 18:2;O2/24:1,MS/MS match,"Lipid Species, Lipid Species, Lipid Species, Lipid Species, Lipid Species, Lipid Species, Lipid Species",,Cer,Cer,-0.264,-0.408,897.2,High confidence,16.5,276.5,1.352,0.5,No,,,C42H79NO3,No,42,3,18,2,24,1,,,,,even,Yes,,0,No,14,EVs (HeLA) + milk
11.8,646.61298,645.60545,"[M+H]+, [M+Na]+, [M-H2O+H]+, [M+K]+",Pos,bruker.bsf.mcube.client.ui.model.impl.BucketTableLine@3d09b3be,TRUE,Cer 18:2;O2/24:1,MS/MS match,"Lipid Species, Lipid Species, Lipid Species, Lipid Species, Spectral Library - 1-MoNA LipidBlast 2022, Lipid Species, Lipid Species, Lipid Species, Lipid Species, Lipid Species",,Cer,Cer,-0.294,-0.454,841.5,High confidence,1,279.4,1.366,1.5,,,,C42H79NO3,No,42,3,18,2,24,1,,,,,even,Yes,,0,No,14,HepG2 cells + PFAS
11.25,644.59728,643.58991,"[M+H]+, [M+Na]+",Pos,bruker.bsf.mcube.client.ui.model.impl.BucketTableLine@526be44c,TRUE,Cer 18:2;O2/24:2,MS/MS match,"Lipid Species, Lipid Species, Lipid Species, Spectral Library - 1-MoNA LipidBlast 2022, Lipid Species, Lipid Species, Lipid Species",,Cer,Cer,-0.346,-0.536,974,High confidence,65.6,275.5,1.347,0.9,,,,C42H77NO3,No,42,4,18,2,24,2,,,,,even,Yes,,0,No,10.5,HepG2 cells + PFAS
12.68,800.74866,799.74138,[M+H]+,Pos,bruker.bsf.mcube.client.ui.model.impl.BucketTableLine@369cf059,TRUE,Cer 18:2;O2/34:2;O,MS/MS match,"Lipid Species, Lipid Species, Lipid Species, Lipid Species, Lipid Species",,Cer,Cer,-0.382,-0.477,657.1,High confidence,17.1,318.7,1.564,,,,,C52H97NO4,No,52,4,18,2,34,2,,,,,even,Yes,,0,No,13,HepG2 cells + PFAS
12.62,1419.00503,1400.9712,[M+NH4]+,Pos,bruker.bsf.mcube.client.ui.model.impl.BucketTableLine@d10328,TRUE,CL 34:2/34:2,MS/MS match,"Lipid Species, Lipid Species",,CL,CL,-1.024,-0.722,508.7,High confidence,22.1,393.2,1.944,,,,,C77H142O17P2,No,68,4,34,2,34,2,,,,,even,Yes,,0,No,17,HepG2 cells + PFAS
12.34,1440.98992,1422.9561,[M+NH4]+,Pos,bruker.bsf.mcube.client.ui.model.impl.BucketTableLine@436f4495,TRUE,CL 34:3_36:4,MS/MS match,"Lipid Species, Lipid Species",,CL,CL,-0.478,-0.332,930,High confidence,12.2,393,1.944,,,,,C79H140O17P2,No,70,7,34,3,36,4,,,,,even,Yes,,0,No,10,HepG2 cells + PFAS
12.67,1471.03581,1453.00198,[M+NH4]+,Pos,bruker.bsf.mcube.client.ui.model.impl.BucketTableLine@66b4259,TRUE,CL 36:3/36:3,MS/MS match,"Lipid Species, Lipid Species",,CL,CL,-1.545,-1.05,808.9,High confidence,29.9,393.3,1.946,,,,,C81H146O17P2,No,72,6,36,3,36,3,,,,,even,Yes,,0,No,12,HepG2 cells + PFAS
12.39,1467.00538,1448.97155,[M+NH4]+,Pos,bruker.bsf.mcube.client.ui.model.impl.BucketTableLine@44239c9b,TRUE,CL 36:4/36:4,MS/MS match,"Lipid Species, Lipid Species",,CL,CL,-0.674,-0.46,979.6,High confidence,22.6,393,1.944,,,,,C81H142O17P2,No,72,8,36,4,36,4,,,,,even,Yes,,0,No,9,HepG2 cells + PFAS
12.5,1467.00424,1448.97042,[M+NH4]+,Pos,bruker.bsf.mcube.client.ui.model.impl.BucketTableLine@125fd38b,TRUE,CL 36:4/36:4,MS/MS match,"Lipid Species, Lipid Species",,CL,CL,-1.812,-1.235,840.6,High confidence,44.9,382.6,1.893,,,,,C81H142O17P2,No,72,8,36,4,36,4,,,,,even,Yes,,0,No,9,Snail brains
12.36,1464.98866,1446.95483,[M+NH4]+,Pos,bruker.bsf.mcube.client.ui.model.impl.BucketTableLine@54149f59,TRUE,CL 36:4_36:5,MS/MS match,"Lipid Species, Lipid Species, Spectral Library - 1-MoNA LipidBlast 2022, Lipid Species, Lipid Species, Spectral Library - 1-MoNA LipidBlast 2022",,CL,CL,-1.747,-1.192,904,High confidence,38.5,382.6,1.893,,,,,C81H140O17P2,No,72,9,36,4,36,5,,,,,even,Yes,,0,No,8,Snail brains
7.98,530.47771,512.44393,"[M+NH4]+, [M+H]+",Pos,bruker.bsf.mcube.client.ui.model.impl.BucketTableLine@4d807fcf,TRUE,DG 12:0_16:0,MS/MS match,"Lipid Species, Lipid Species",,DG,DG,-0.189,-0.355,848.7,High confidence,3.1,249.7,1.215,5.9,No,,,C31H60O5,No,28,0,12,0,16,0,,,,,even,No,,0,No,,EVs (HeLA) + milk
8.08,556.49343,538.45961,[M+NH4]+,Pos,bruker.bsf.mcube.client.ui.model.impl.BucketTableLine@ca99f2f,TRUE,DG 12:0_18:1,MS/MS match,"Lipid Species, Lipid Species, Lipid Species, Lipid Species",,DG,DG,-0.119,-0.213,688.6,High confidence,44.5,253.4,1.235,4.4,No,,,C33H62O5,No,30,1,12,0,18,1,,,,,even,No,,0,No,30,EVs (HeLA) + milk
7.36,554.47777,536.44394,[M+NH4]+,Pos,bruker.bsf.mcube.client.ui.model.impl.BucketTableLine@476b9357,TRUE,DG 12:0_18:2,MS/MS match,"Lipid Species, Lipid Species, Spectral Library - 1-MoNA LipidBlast 2022",,DG,DG,-0.135,-0.243,927.7,High confidence,60.9,248,1.208,3.7,,,,C33H60O5,No,30,2,12,0,18,2,,,,,even,Yes,,0,No,15,HepG2 cells + PFAS
7.1,528.46135,510.42752,[M+NH4]+,Pos,bruker.bsf.mcube.client.ui.model.impl.BucketTableLine@5ba615a6,TRUE,DG 12:1_16:0,MS/MS match,"Lipid Species, Lipid Species, Lipid Species",,DG,DG,-0.904,-1.711,826.4,High confidence,47.9,242.9,1.182,4.6,No,,,C31H58O5,No,28,1,12,1,16,0,,,,,even,No,,0,No,28,EVs (HeLA) + milk
9.44,558.50911,540.47497,"[M+NH4]+, [M+Na]+, [M+K]+, [2M+Na]+, [M+H]+, [2M+NH4]+",Pos,bruker.bsf.mcube.client.ui.model.impl.BucketTableLine@2fcb3314,TRUE,DG 14:0_16:0,MS/MS match,"Lipid Species, Lipid Species",,DG,DG,-0.09,-0.161,965.7,High confidence,1.4,256,1.248,3.9,No,,,C33H64O5,No,30,0,14,0,16,0,,,,,even,No,,0,No,,EVs (HeLA) + milk
8.52,556.49319,538.45936,[M+NH4]+,Pos,bruker.bsf.mcube.client.ui.model.impl.BucketTableLine@7bfa9e3a,TRUE,DG 14:0_16:1,MS/MS match,"Lipid Species, Lipid Species, Spectral Library - 1-MoNA LipidBlast 2022, Spectral Library - 1-MoNA LipidBlast 2022, Lipid Species",,DG,DG,-0.361,-0.649,759.4,High confidence,15.9,252.1,1.228,3.9,,,,C33H62O5,No,30,1,14,0,16,1,,,,,even,No,,0,No,30,HepG2 cells + PFAS
10.4,584.52458,566.49075,[M+NH4]+,Pos,bruker.bsf.mcube.client.ui.model.impl.BucketTableLine@1418322a,TRUE,DG 14:0_18:1,MS/MS match,"Lipid Species, Lipid Species, Lipid Species, Spectral Library - 1-MoNA LipidBlast 2022",,DG,DG,-0.275,-0.471,786.2,High confidence,1.6,259.8,1.268,2.6,,,,C35H66O5,No,32,1,14,0,18,1,,,,,even,No,,0,No,32,HepG2 cells + PFAS
8.89,582.50852,564.4747,[M+NH4]+,Pos,bruker.bsf.mcube.client.ui.model.impl.BucketTableLine@75662185,TRUE,DG 14:0_18:2,MS/MS match,"Lipid Species, Spectral Library - 1-MoNA LipidBlast 2022, Lipid Species",,DG,DG,-0.678,-1.164,910.8,High confidence,74.3,255,1.244,2.2,,,,C35H64O5,No,32,2,14,0,18,2,,,,,even,Yes,,0,No,16,HepG2 cells + PFAS
10.24,572.52441,554.49059,[M+NH4]+,Pos,bruker.bsf.mcube.client.ui.model.impl.BucketTableLine@30aaf8bc,TRUE,DG 15:0_16:0,MS/MS match,"Lipid Species, Lipid Species",,DG,DG,-0.437,-0.763,750.2,High confidence,41.2,258,1.258,2.5,No,,,C34H66O5,No,31,0,15,0,16,0,,,,,odd,No,,0,No,,EVs (HeLA) + milk
10.37,598.53968,580.50586,[M+NH4]+,Pos,bruker.bsf.mcube.client.ui.model.impl.BucketTableLine@26c3b2eb,TRUE,DG 15:0_18:1,MS/MS match,"Lipid Species, Lipid Species, Lipid Species, Lipid Species",,DG,DG,-0.816,-1.364,793.5,High confidence,70,261.1,1.275,1,No,,,C36H68O5,No,33,1,15,0,18,1,,,,,odd,No,,0,No,33,EVs (HeLA) + milk
8.08,594.50922,576.4754,[M+NH4]+,Pos,bruker.bsf.mcube.client.ui.model.impl.BucketTableLine@1889e56b,TRUE,DG 15:0_18:3,MS/MS match,"Lipid Species, Lipid Species",,DG,DG,0.021,0.035,771.4,High confidence,61.9,255.7,1.248,1.8,No,,,C36H64O5,No,33,3,15,0,18,3,,,,,odd,Yes,,0,No,11,EVs (HeLA) + milk
11.05,586.54032,568.50658,"[M+NH4]+, [M+H]+",Pos,bruker.bsf.mcube.client.ui.model.impl.BucketTableLine@19bf6ff8,TRUE,DG 16:0/16:0,MS/MS match,"Lipid Species, Lipid Species",,DG,DG,-0.184,-0.314,953.3,High confidence,3.9,261.4,1.275,1.7,No,,,C35H68O5,No,32,0,16,0,16,0,,,,,even,No,,0,No,,EVs (HeLA) + milk
11.61,586.54003,568.50629,"[M+NH4]+, [M+H]+, [M+Na]+, [M-H2O+H]+",Pos,bruker.bsf.mcube.client.ui.model.impl.BucketTableLine@4d8062fb,TRUE,DG 16:0/16:0,MS/MS match,"Lipid Species, Spectral Library - 1-MoNA LipidBlast 2022, Lipid Species",,DG,DG,-0.47,-0.801,956.6,High confidence,3.7,262.5,1.281,2.2,,,,C35H68O5,No,32,0,16,0,16,0,,,,,even,No,,0,No,,HepG2 cells + PFAS
11.53,586.53998,568.50615,[M+NH4]+,Pos,bruker.bsf.mcube.client.ui.model.impl.BucketTableLine@1b628a74,TRUE,DG 16:0/16:0,MS/MS match,"Lipid Species, Spectral Library - 1-MoNA LipidBlast 2022, Lipid Species, Lipid Species, Lipid Species",,DG,DG,-0.522,-0.89,906.3,High confidence,38.4,261.1,1.274,1.6,,,,C35H68O5,No,32,0,16,0,16,0,,,,,even,No,,0,No,,Snail brains
12.24,586.54009,568.50627,[M+NH4]+,Pos,bruker.bsf.mcube.client.ui.model.impl.BucketTableLine@7708aafe,TRUE,DG 16:0/16:0,MS/MS match,"Lipid Species, Lipid Species, Spectral Library - 1-MoNA LipidBlast 2022, Lipid Species, Lipid Species",,DG,DG,-0.409,-0.698,677.4,High confidence,49.4,261.8,1.277,1.9,,,,C35H68O5,No,32,0,16,0,16,0,,,,,even,No,,0,No,,Snail brains
9.58,584.52411,566.49042,"[M+NH4]+, [2M+Na]+, [M+H]+, [M+K]+, [M+Na]+",Pos,bruker.bsf.mcube.client.ui.model.impl.BucketTableLine@22633cf1,TRUE,DG 16:0_16:1,MS/MS match,"Lipid Species, Lipid Species, Lipid Species",,DG,DG,-0.74,-1.266,694.7,High confidence,16.1,258.2,1.259,1.9,No,,,C35H66O5,No,32,1,16,0,16,1,,,,,even,No,,0,No,32,EVs (HeLA) + milk
11.38,600.55572,582.52189,[M+NH4]+,Pos,bruker.bsf.mcube.client.ui.model.impl.BucketTableLine@6ff2384a,TRUE,DG 16:0_17:0,MS/MS match,"Lipid Species, Lipid Species",,DG,DG,-0.433,-0.721,781.8,High confidence,23.5,263.5,1.286,0.5,No,,,C36H70O5,No,33,0,16,0,17,0,,,,,odd,No,,0,No,,EVs (HeLA) + milk
11.51,600.55585,582.52202,[M+NH4]+,Pos,bruker.bsf.mcube.client.ui.model.impl.BucketTableLine@47a97f37,TRUE,DG 16:0_17:0,MS/MS match,"Lipid Species, Lipid Species",,DG,DG,-0.301,-0.501,735.4,High confidence,74.6,265.1,1.294,1.1,No,,,C36H70O5,No,33,0,16,0,17,0,,,,,odd,No,,0,No,,EVs (HeLA) + milk
12.03,614.57169,596.53786,[M+NH4]+,Pos,bruker.bsf.mcube.client.ui.model.impl.BucketTableLine@3cec04eb,TRUE,DG 16:0_18:0,MS/MS match,"Lipid Species, Lipid Species, Spectral Library - 1-MoNA LipidBlast 2022",,DG,DG,-0.116,-0.188,976.5,High confidence,2.6,268.6,1.312,0.4,,,,C37H72O5,No,34,0,16,0,18,0,,,,,even,No,,0,No,,HepG2 cells + PFAS
11.66,612.55583,594.52197,"[M+NH4]+, [M+H]+, [M+Na]+, [M+K]+",Pos,bruker.bsf.mcube.client.ui.model.impl.BucketTableLine@7868103b,TRUE,DG 16:0_18:1,MS/MS match,"Lipid Species, Spectral Library - 1-MoNA LipidBlast 2022, Lipid Species",,DG,DG,-0.316,-0.516,975.1,High confidence,2,266.5,1.302,1,,,,C37H70O5,No,34,1,16,0,18,1,,,,,even,No,,0,No,34,HepG2 cells + PFAS
11.61,612.55583,594.522,[M+NH4]+,Pos,bruker.bsf.mcube.client.ui.model.impl.BucketTableLine@33a360c8,TRUE,DG 16:0_18:1,MS/MS match,"Lipid Species, Lipid Species, Lipid Species, Lipid Species, Spectral Library - 1-MoNA LipidBlast 2022, Lipid Species, Lipid Species",,DG,DG,-0.321,-0.524,919.8,High confidence,21.2,264.6,1.292,0.3,,,,C37H70O5,No,34,1,16,0,18,1,,,,,even,No,,0,No,34,Snail brains
9.88,610.54016,592.50634,[M+NH4]+,Pos,bruker.bsf.mcube.client.ui.model.impl.BucketTableLine@79fdfa45,TRUE,DG 16:0_18:2,MS/MS match,"Lipid Species, Lipid Species",,DG,DG,-0.338,-0.554,965,High confidence,2.1,261.9,1.279,0.7,No,,,C37H68O5,No,34,2,16,0,18,2,,,,,even,Yes,,0,No,17,EVs (HeLA) + milk
10.87,610.54004,592.50621,[M+NH4]+,Pos,bruker.bsf.mcube.client.ui.model.impl.BucketTableLine@7360808a,TRUE,DG 16:0_18:2,MS/MS match,"Lipid Species, Lipid Species, Spectral Library - 1-MoNA LipidBlast 2022",,DG,DG,-0.463,-0.759,926,High confidence,1.8,263.5,1.287,1.3,,,,C37H68O5,No,34,2,16,0,18,2,,,,,even,Yes,,0,No,17,HepG2 cells + PFAS
10.73,610.53999,592.50616,[M+NH4]+,Pos,bruker.bsf.mcube.client.ui.model.impl.BucketTableLine@1a9745f,TRUE,DG 16:0_18:2,MS/MS match,"Lipid Species, Lipid Species, Lipid Species, Spectral Library - 1-MoNA LipidBlast 2022, Lipid Species",,DG,DG,-0.51,-0.836,927.2,High confidence,30.8,262.1,1.28,0.8,,,,C37H68O5,No,34,2,16,0,18,2,,,,,even,Yes,,0,No,17,Snail brains
8.8,608.52467,590.49084,[M+NH4]+,Pos,bruker.bsf.mcube.client.ui.model.impl.BucketTableLine@105ab5b7,TRUE,DG 16:0_18:3,MS/MS match,"Lipid Species, Lipid Species, Lipid Species",,DG,DG,-0.185,-0.304,906.5,High confidence,12.7,261,1.274,1.8,No,,,C37H66O5,No,34,3,16,0,18,3,,,,,even,Yes,,0,No,11.33333333,EVs (HeLA) + milk
9.38,608.52436,590.49053,[M+NH4]+,Pos,bruker.bsf.mcube.client.ui.model.impl.BucketTableLine@3b01304d,TRUE,DG 16:0_18:3,MS/MS match,"Lipid Species, Spectral Library - 1-MoNA LipidBlast 2022, Lipid Species, Lipid Species, Lipid Species",,DG,DG,-0.492,-0.808,891.6,High confidence,40.7,259.7,1.268,1.3,,,,C37H66O5,No,34,3,16,0,18,3,,,,,even,Yes,,0,No,11.33333333,Snail brains
10.36,636.55573,618.5219,[M+NH4]+,Pos,bruker.bsf.mcube.client.ui.model.impl.BucketTableLine@39581765,TRUE,DG 16:0_20:3,MS/MS match,"Lipid Species, Lipid Species, Lipid Species, Lipid Species",,DG,DG,-0.424,-0.666,668.3,High confidence,0.4,268,1.31,0.4,No,,,C39H70O5,No,36,3,16,0,20,3,,,,,even,Yes,,0,No,12,EVs (HeLA) + milk
11.26,636.55586,618.52203,[M+NH4]+,Pos,bruker.bsf.mcube.client.ui.model.impl.BucketTableLine@78287b82,TRUE,DG 16:0_20:3,MS/MS match,"Lipid Species, Spectral Library - 1-MoNA LipidBlast 2022, Spectral Library - 1-MoNA LipidBlast 2022, Lipid Species, Lipid Species, Lipid Species",,DG,DG,-0.292,-0.459,717.9,High confidence,20.7,268.4,1.312,0.5,,,,C39H70O5,No,36,3,16,0,20,3,,,,,even,Yes,,0,No,12,Snail brains
10.35,634.54004,616.50622,[M+NH4]+,Pos,bruker.bsf.mcube.client.ui.model.impl.BucketTableLine@7e7014a6,TRUE,DG 16:0_20:4,MS/MS match,"Lipid Species, Lipid Species, Lipid Species, Lipid Species, Spectral Library - 1-MoNA LipidBlast 2022, Spectral Library - 1-MoNA LipidBlast 2022",,DG,DG,-0.457,-0.721,774.7,High confidence,40.1,266.7,1.303,1.3,,,,C39H68O5,No,36,4,16,0,20,4,,,,,even,Yes,,0,No,9,Snail brains
11.55,662.57155,644.53773,[M+NH4]+,Pos,bruker.bsf.mcube.client.ui.model.impl.BucketTableLine@2a0db3f0,TRUE,DG 16:0_22:4,MS/MS match,"Lipid Species, Lipid Species, Spectral Library - 1-MoNA LipidBlast 2022",,DG,DG,-0.247,-0.372,671.3,High confidence,9.8,276.1,1.351,0.8,,,,C41H72O5,No,38,4,16,0,22,4,,,,,even,Yes,,0,No,9.5,HepG2 cells + PFAS
11.2,660.55586,642.52202,"[M+NH4]+, [M+K]+",Pos,bruker.bsf.mcube.client.ui.model.impl.BucketTableLine@443975f1,TRUE,DG 16:0_22:5,MS/MS match,"Lipid Species, Lipid Species, Spectral Library - 1-MoNA LipidBlast 2022, Spectral Library - 1-MoNA LipidBlast 2022",,DG,DG,-0.286,-0.433,808.9,High confidence,4.6,275.1,1.346,1.8,,,,C41H70O5,No,38,5,16,0,22,5,,,,,even,Yes,,0,No,7.6,HepG2 cells + PFAS
9.92,658.53991,640.50609,[M+NH4]+,Pos,bruker.bsf.mcube.client.ui.model.impl.BucketTableLine@5679e93f,TRUE,DG 16:0_22:6,MS/MS match,"Lipid Species, Spectral Library - 1-MoNA LipidBlast 2022, Lipid Species",,DG,DG,-0.589,-0.894,829.7,High confidence,11.5,271.1,1.326,1.8,,,,C41H68O5,No,38,6,16,0,22,6,,,,,even,Yes,,0,No,6.333333333,HepG2 cells + PFAS
8.52,608.52422,590.49039,[M+NH4]+,Pos,bruker.bsf.mcube.client.ui.model.impl.BucketTableLine@11c21d30,TRUE,DG 16:1_18:2,MS/MS match,"Lipid Species, Lipid Species",,DG,DG,-0.631,-1.037,822.4,High confidence,56.4,257.4,1.257,0.4,No,,,C37H66O5,No,34,3,16,1,18,2,,,,,even,Yes,,0,No,11.33333333,EVs (HeLA) + milk
12.07,628.58708,610.55328,"[M+NH4]+, [M-H2O+H]+",Pos,bruker.bsf.mcube.client.ui.model.impl.BucketTableLine@36740339,TRUE,DG 17:0_18:0,MS/MS match,"Lipid Species, Lipid Species, Lipid Species, Spectral Library - 1-MoNA LipidBlast 2022, Lipid Species, Lipid Species, Lipid Species",,DG,DG,-0.369,-0.587,774.1,High confidence,25.5,270.2,1.32,-1,,,,C38H74O5,No,35,0,17,0,18,0,,,,,odd,No,,0,No,,Snail brains
11.51,626.57111,608.53728,[M+NH4]+,Pos,bruker.bsf.mcube.client.ui.model.impl.BucketTableLine@28ba8cc7,TRUE,DG 17:0_18:1,MS/MS match,"Lipid Species, Lipid Species, Lipid Species, Lipid Species",,DG,DG,-0.692,-1.105,824.4,High confidence,58.9,267.3,1.306,-0.6,No,,,C38H72O5,No,35,1,17,0,18,1,,,,,odd,No,,0,No,35,EVs (HeLA) + milk
11.87,626.57146,608.53761,"[M+NH4]+, [M-H2O+H]+, [M+Na]+, [M+K]+",Pos,bruker.bsf.mcube.client.ui.model.impl.BucketTableLine@50e97c36,TRUE,DG 17:0_18:1,MS/MS match,"Lipid Species, Spectral Library - 1-MoNA LipidBlast 2022, Lipid Species, Lipid Species",,DG,DG,-0.339,-0.541,813.9,High confidence,6.2,268.6,1.312,-0.2,,,,C38H72O5,No,35,1,17,0,18,1,,,,,odd,No,,0,No,35,HepG2 cells + PFAS
10.72,624.55562,606.52181,"[M+NH4]+, [M+K]+, [M+Na]+",Pos,bruker.bsf.mcube.client.ui.model.impl.BucketTableLine@242bb032,TRUE,DG 17:0_18:2,MS/MS match,"Lipid Species, Lipid Species, Lipid Species",,DG,DG,-0.532,-0.851,949.5,High confidence,16.7,265,1.294,-0.2,No,,,C38H70O5,No,35,2,17,0,18,2,,,,,odd,Yes,,0,No,17.5,EVs (HeLA) + milk
11.49,624.55588,606.52205,[M+NH4]+,Pos,bruker.bsf.mcube.client.ui.model.impl.BucketTableLine@3090766e,TRUE,DG 17:0_18:2,MS/MS match,"Lipid Species, Lipid Species, Lipid Species, Lipid Species, Spectral Library - 1-MoNA LipidBlast 2022, Lipid Species",,DG,DG,-0.275,-0.44,814.5,High confidence,24.2,266.5,1.302,0.4,,,,C38H70O5,No,35,2,17,0,18,2,,,,,odd,Yes,,0,No,17.5,HepG2 cells + PFAS
11.28,624.5559,606.52208,[M+NH4]+,Pos,bruker.bsf.mcube.client.ui.model.impl.BucketTableLine@8f7d480,TRUE,DG 17:0_18:2,MS/MS match,"Lipid Species, Lipid Species, Lipid Species, Spectral Library - 1-MoNA LipidBlast 2022, Lipid Species",,DG,DG,-0.25,-0.4,940.5,High confidence,21.5,266.2,1.3,0.3,,,,C38H70O5,No,35,2,17,0,18,2,,,,,odd,Yes,,0,No,17.5,Snail brains
12.12,654.60286,636.56884,"[M+NH4]+, [M-H2O+H]+, [M+Na]+",Pos,bruker.bsf.mcube.client.ui.model.impl.BucketTableLine@53ec96be,TRUE,DG 17:0_20:1,MS/MS match,"Lipid Species, Lipid Species, Lipid Species, Spectral Library - 1-MoNA LipidBlast 2022, Lipid Species",,DG,DG,-0.24,-0.367,864.7,High confidence,62.6,277.8,1.358,-0.7,,,,C40H76O5,No,37,1,17,0,20,1,,,,,odd,No,,0,No,37,Snail brains
11.48,650.57141,632.53758,[M+NH4]+,Pos,bruker.bsf.mcube.client.ui.model.impl.BucketTableLine@79b66fa,TRUE,DG 17:0_20:3,MS/MS match,"Lipid Species, Spectral Library - 1-MoNA LipidBlast 2022, Lipid Species, Lipid Species, Lipid Species",,DG,DG,-0.391,-0.601,705.1,High confidence,36.4,269.8,1.319,-0.9,,,,C40H72O5,No,37,3,17,0,20,3,,,,,odd,Yes,,0,No,12.33333333,Snail brains
11.02,648.55574,630.52191,[M+NH4]+,Pos,bruker.bsf.mcube.client.ui.model.impl.BucketTableLine@59c135c6,TRUE,DG 17:0_20:4,MS/MS match,"Lipid Species, Lipid Species, Lipid Species, Lipid Species, Spectral Library - 1-MoNA LipidBlast 2022",,DG,DG,-0.415,-0.64,782.5,High confidence,25.4,269.9,1.319,0.5,,,,C40H70O5,No,37,4,17,0,20,4,,,,,odd,Yes,,0,No,9.25,Snail brains
12.25,642.60273,624.5689,[M+NH4]+,Pos,bruker.bsf.mcube.client.ui.model.impl.BucketTableLine@575a94d8,TRUE,DG 18:0/18:0,MS/MS match,"Lipid Species, Lipid Species",,DG,DG,-0.375,-0.584,828.2,High confidence,8.8,273.5,1.337,-1.6,No,,,C39H76O5,No,36,0,18,0,18,0,,,,,even,No,,0,No,,EVs (HeLA) + milk
12.32,642.60288,624.56895,"[M+NH4]+, [M+K]+, [M+Na]+",Pos,bruker.bsf.mcube.client.ui.model.impl.BucketTableLine@483ea25e,TRUE,DG 18:0/18:0,MS/MS match,"Lipid Species, Spectral Library - 1-MoNA LipidBlast 2022, Lipid Species, Lipid Species",,DG,DG,-0.218,-0.339,962,High confidence,0.6,277.3,1.355,-0.3,,,,C39H76O5,No,36,0,18,0,18,0,,,,,even,No,,0,No,,HepG2 cells + PFAS
12.27,642.60289,624.56907,[M+NH4]+,Pos,bruker.bsf.mcube.client.ui.model.impl.BucketTableLine@7fda1a4e,TRUE,DG 18:0/18:0,MS/MS match,"Lipid Species, Lipid Species, Lipid Species, Lipid Species, Lipid Species, Lipid Species, Spectral Library - 1-MoNA LipidBlast 2022",,DG,DG,-0.21,-0.327,953.5,High confidence,0.5,276.2,1.35,-0.7,,,,C39H76O5,No,36,0,18,0,18,0,,,,,even,No,,0,No,,Snail brains
12.53,642.60257,624.56874,[M+NH4]+,Pos,bruker.bsf.mcube.client.ui.model.impl.BucketTableLine@76b18ccb,TRUE,DG 18:0/18:0,MS/MS match,"Lipid Species, Lipid Species, Lipid Species, Lipid Species, Lipid Species, Lipid Species, Spectral Library - 1-MoNA LipidBlast 2022",,DG,DG,-0.535,-0.832,970.7,High confidence,19.9,274.7,1.343,-1.2,,,,C39H76O5,No,36,0,18,0,18,0,,,,,even,No,,0,No,,Snail brains
12.04,640.58727,622.55314,"[M+NH4]+, [M+Na]+, [M-H2O+H]+, [M+H]+, [2M+Na]+, [M+K]+",Pos,bruker.bsf.mcube.client.ui.model.impl.BucketTableLine@156d1dc6,TRUE,DG 18:0_18:1,MS/MS match,"Lipid Species, Lipid Species, Lipid Species, Spectral Library - 1-MoNA LipidBlast 2022",,DG,DG,-0.177,-0.276,876.6,High confidence,2.2,271.3,1.326,-1.1,,,,C39H74O5,No,36,1,18,0,18,1,,,,,even,No,,0,No,36,HepG2 cells + PFAS
11.36,638.57129,620.53747,[M+NH4]+,Pos,bruker.bsf.mcube.client.ui.model.impl.BucketTableLine@302cb05e,TRUE,DG 18:0_18:2,MS/MS match,"Lipid Species, Lipid Species",,DG,DG,-0.508,-0.796,925.8,High confidence,7.1,267.9,1.309,-1,No,,,C39H72O5,No,36,2,18,0,18,2,,,,,even,Yes,,0,No,18,EVs (HeLA) + milk
12.37,656.61804,638.58421,[M+NH4]+,Pos,bruker.bsf.mcube.client.ui.model.impl.BucketTableLine@5d080aa5,TRUE,DG 18:0_19:0,MS/MS match,"Lipid Species, Lipid Species, Lipid Species, Spectral Library - 1-MoNA LipidBlast 2022, Lipid Species",,DG,DG,-0.712,-1.084,751.3,High confidence,22.7,277.8,1.358,-2,,,,C40H78O5,No,37,0,18,0,19,0,,,,,odd,No,,0,No,,Snail brains
12.05,654.60294,636.56911,[M+NH4]+,Pos,bruker.bsf.mcube.client.ui.model.impl.BucketTableLine@2df19e83,TRUE,DG 18:0_19:1,MS/MS match,"Lipid Species, Lipid Species, Lipid Species, Lipid Species",,DG,DG,-0.162,-0.247,695.7,High confidence,72.2,274.1,1.34,-2,No,,,C40H76O5,No,37,1,18,0,19,1,,,,,odd,No,,0,No,37,EVs (HeLA) + milk
12.64,670.63386,652.60003,[M+NH4]+,Pos,bruker.bsf.mcube.client.ui.model.impl.BucketTableLine@7b2577c9,TRUE,DG 18:0_20:0,MS/MS match,"Lipid Species, Lipid Species, Lipid Species, Spectral Library - 1-MoNA LipidBlast 2022",,DG,DG,-0.542,-0.808,872.8,High confidence,9.1,282.1,1.38,-2.3,,,,C41H80O5,No,38,0,18,0,20,0,,,,,even,No,,0,No,,HepG2 cells + PFAS
12.34,668.61842,650.5846,[M+NH4]+,Pos,bruker.bsf.mcube.client.ui.model.impl.BucketTableLine@2ad10dd1,TRUE,DG 18:0_20:1,MS/MS match,"Lipid Species, Lipid Species, Lipid Species, Spectral Library - 1-MoNA LipidBlast 2022, Lipid Species",,DG,DG,-0.329,-0.491,971.1,High confidence,45.1,280.8,1.374,-1.5,,,,C41H78O5,No,38,1,18,0,20,1,,,,,even,No,,0,No,38,Snail brains
11.9,666.60282,648.56854,"[M+NH4]+, [M+K]+",Pos,bruker.bsf.mcube.client.ui.model.impl.BucketTableLine@61afc9e0,TRUE,DG 18:0_20:2,MS/MS match,"Lipid Species, Lipid Species, Lipid Species",,DG,DG,-0.284,-0.426,876.4,High confidence,1.5,274.8,1.344,-2.3,No,,,C41H76O5,No,38,2,18,0,20,2,,,,,even,Yes,,0,No,19,EVs (HeLA) + milk
11.58,664.58726,646.55332,"[M+NH4]+, [M+Na]+, [M+K]+",Pos,bruker.bsf.mcube.client.ui.model.impl.BucketTableLine@4af1fa4c,TRUE,DG 18:0_20:3,MS/MS match,"Lipid Species, Lipid Species",,DG,DG,-0.195,-0.294,798.8,High confidence,2.2,274.1,1.341,-1.2,No,,,C41H74O5,No,38,3,18,0,20,3,,,,,even,Yes,,0,No,12.66666667,EVs (HeLA) + milk
11.82,664.58699,646.55316,[M+NH4]+,Pos,bruker.bsf.mcube.client.ui.model.impl.BucketTableLine@6ed5206a,TRUE,DG 18:0_20:3,MS/MS match,"Lipid Species, Lipid Species, Spectral Library - 1-MoNA LipidBlast 2022, Lipid Species, Spectral Library - 1-MoNA LipidBlast 2022, Lipid Species, Lipid Species, Lipid Species",,DG,DG,-0.463,-0.696,675.4,High confidence,18.7,273.9,1.34,-1.3,,,,C41H74O5,No,38,3,18,0,20,3,,,,,even,Yes,,0,No,12.66666667,Snail brains
11.71,662.57116,644.53705,"[M+NH4]+, [M+Na]+, [M+K]+",Pos,bruker.bsf.mcube.client.ui.model.impl.BucketTableLine@7ba3752c,TRUE,DG 18:0_20:4,MS/MS match,"Lipid Species, Spectral Library - 1-MoNA LipidBlast 2022, Lipid Species, Spectral Library - 1-MoNA LipidBlast 2022, Spectral Library - 1-MoNA LipidBlast 2022",,DG,DG,-0.638,-0.963,783.2,High confidence,5.7,275.1,1.346,0.4,,,,C41H72O5,No,38,4,18,0,20,4,,,,,even,Yes,,0,No,9.5,HepG2 cells + PFAS
11.91,690.60233,672.56851,"[M+NH4]+, [M+Na]+, [M+K]+",Pos,bruker.bsf.mcube.client.ui.model.impl.BucketTableLine@f16881a,TRUE,DG 18:0_22:4,MS/MS match,"Lipid Species, Spectral Library - 1-MoNA LipidBlast 2022, Lipid Species, Spectral Library - 1-MoNA LipidBlast 2022, Lipid Species, Lipid Species",,DG,DG,-0.774,-1.12,641,High confidence,1.3,280.8,1.375,-1.3,,,,C43H76O5,No,40,4,18,0,22,4,,,,,even,Yes,,0,No,10,HepG2 cells + PFAS
11.68,690.60292,672.56893,"[M+NH4]+, [M+K]+, [M+Na]+",Pos,bruker.bsf.mcube.client.ui.model.impl.BucketTableLine@57543639,TRUE,DG 18:0_22:4,MS/MS match,"Lipid Species, Lipid Species",,DG,DG,-0.186,-0.269,884.5,High confidence,6.2,281,1.376,-1.2,No,,,C43H76O5,No,40,4,18,0,22,4,,,,,even,Yes,,0,No,10,EVs (HeLA) + milk
11.83,690.60258,672.56876,[M+NH4]+,Pos,bruker.bsf.mcube.client.ui.model.impl.BucketTableLine@3f8987af,TRUE,DG 18:0_22:4,MS/MS match,"Lipid Species, Lipid Species, Lipid Species, Spectral Library - 1-MoNA LipidBlast 2022, Lipid Species, Lipid Species, Lipid Species, Spectral Library - 1-MoNA LipidBlast 2022",,DG,DG,-0.52,-0.753,652.2,High confidence,13.3,276.4,1.353,-2.8,,,,C43H76O5,No,40,4,18,0,22,4,,,,,even,Yes,,0,No,10,Snail brains
10.65,686.5712,668.53764,"[M+NH4]+, [M+K]+, [M+Na]+",Pos,bruker.bsf.mcube.client.ui.model.impl.BucketTableLine@7eae3325,TRUE,DG 18:0_22:6,MS/MS match,"Lipid Species, Lipid Species",,DG,DG,-0.602,-0.877,748.3,High confidence,16.7,276.3,1.352,-0.3,No,,,C43H72O5,No,40,6,18,0,22,6,,,,,even,Yes,,0,No,6.666666667,EVs (HeLA) + milk
11.71,638.57143,620.53761,[M+NH4]+,Pos,bruker.bsf.mcube.client.ui.model.impl.BucketTableLine@12ceaaea,TRUE,DG 18:1/18:1,MS/MS match,"Lipid Species, Spectral Library - 1-MoNA LipidBlast 2022, Lipid Species, Lipid Species, Lipid Species",,DG,DG,-0.37,-0.579,807.8,High confidence,9.9,269.3,1.316,-0.5,,,,C39H72O5,No,36,2,18,1,18,1,,,,,even,Yes,,0,No,18,HepG2 cells + PFAS
10.03,636.5559,618.52207,[M+NH4]+,Pos,bruker.bsf.mcube.client.ui.model.impl.BucketTableLine@ae1a4b0,TRUE,DG 18:1_18:2,MS/MS match,"Lipid Species, Lipid Species",,DG,DG,-0.251,-0.394,982.2,High confidence,10.2,263.7,1.289,-1.2,No,,,C39H70O5,No,36,3,18,1,18,2,,,,,even,Yes,,0,No,12,EVs (HeLA) + milk
10.93,636.55579,618.52197,[M+NH4]+,Pos,bruker.bsf.mcube.client.ui.model.impl.BucketTableLine@43a6a5f1,TRUE,DG 18:1_18:2,MS/MS match,"Lipid Species, Lipid Species, Spectral Library - 1-MoNA LipidBlast 2022, Lipid Species, Lipid Species",,DG,DG,-0.357,-0.561,929.9,High confidence,30.4,263.3,1.287,-1.4,,,,C39H70O5,No,36,3,18,1,18,2,,,,,even,Yes,,0,No,12,Snail brains
11.9,652.58692,634.55309,"[M+NH4]+, [M+K]+, [M+Na]+, [M-H2O+H]+",Pos,bruker.bsf.mcube.client.ui.model.impl.BucketTableLine@4ea94724,TRUE,DG 18:1_19:1,MS/MS match,"Lipid Species, Spectral Library - 1-MoNA LipidBlast 2022, Lipid Species, Lipid Species, Lipid Species, Lipid Species",,DG,DG,-0.532,-0.816,902.7,High confidence,4.1,272.7,1.333,-1.2,,,,C40H74O5,No,37,2,18,1,19,1,,,,,odd,Yes,,0,No,18.5,HepG2 cells + PFAS
11.37,664.58685,646.55303,[M+NH4]+,Pos,bruker.bsf.mcube.client.ui.model.impl.BucketTableLine@4182ecef,TRUE,DG 18:1_20:2,MS/MS match,"Lipid Species, Lipid Species, Lipid Species",,DG,DG,-0.599,-0.902,764.4,High confidence,19.9,270.1,1.321,-2.7,No,,,C41H74O5,No,38,3,18,1,20,2,,,,,even,Yes,,0,No,12.66666667,EVs (HeLA) + milk
11.79,664.58702,646.5532,[M+NH4]+,Pos,bruker.bsf.mcube.client.ui.model.impl.BucketTableLine@16c137e5,TRUE,DG 18:1_20:2,MS/MS match,"Lipid Species, Spectral Library - 1-MoNA LipidBlast 2022, Lipid Species, Lipid Species, Lipid Species",,DG,DG,-0.43,-0.647,836.6,High confidence,3.5,273.1,1.336,-1.6,,,,C41H74O5,No,38,3,18,1,20,2,,,,,even,Yes,,0,No,12.66666667,HepG2 cells + PFAS
11.73,664.58684,646.55302,[M+NH4]+,Pos,bruker.bsf.mcube.client.ui.model.impl.BucketTableLine@56f134b7,TRUE,DG 18:1_20:2,MS/MS match,"Lipid Species, Spectral Library - 1-MoNA LipidBlast 2022, Lipid Species, Lipid Species, Lipid Species",,DG,DG,-0.608,-0.914,849.2,High confidence,20.6,270.3,1.322,-2.6,,,,C41H74O5,No,38,3,18,1,20,2,,,,,even,Yes,,0,No,12.66666667,Snail brains
11.3,662.57127,644.53745,[M+NH4]+,Pos,bruker.bsf.mcube.client.ui.model.impl.BucketTableLine@736ef72,TRUE,DG 18:1_20:3,MS/MS match,"Lipid Species, Spectral Library - 1-MoNA LipidBlast 2022, Lipid Species, Lipid Species",,DG,DG,-0.528,-0.797,755.9,High confidence,3.2,269.3,1.317,-1.6,,,,C41H72O5,No,38,4,18,1,20,3,,,,,even,Yes,,0,No,9.5,HepG2 cells + PFAS
10.55,662.57133,644.5375,"[M+NH4]+, [M+Na]+, [M+K]+",Pos,bruker.bsf.mcube.client.ui.model.impl.BucketTableLine@5aa04795,TRUE,DG 18:1_20:3,MS/MS match,"Lipid Species, Lipid Species",,DG,DG,-0.471,-0.71,811.1,High confidence,16.1,270.2,1.322,-1.3,No,,,C41H72O5,No,38,4,18,1,20,3,,,,,even,Yes,,0,No,9.5,EVs (HeLA) + milk
10.67,660.55548,642.52167,"[M+NH4]+, [M+K]+, [M+Na]+",Pos,bruker.bsf.mcube.client.ui.model.impl.BucketTableLine@f2fb599,TRUE,DG 18:1_20:4,MS/MS match,"Lipid Species, Lipid Species, Spectral Library - 1-MoNA LipidBlast 2022",,DG,DG,-0.67,-1.014,678.4,High confidence,10,269.2,1.317,-0.3,,,,C41H70O5,No,38,5,18,1,20,4,,,,,even,Yes,,0,No,7.6,HepG2 cells + PFAS
10.47,660.55575,642.52193,[M+NH4]+,Pos,bruker.bsf.mcube.client.ui.model.impl.BucketTableLine@57f9c6f9,TRUE,DG 18:1_20:4,MS/MS match,"Lipid Species, Spectral Library - 1-MoNA LipidBlast 2022, Lipid Species, Lipid Species, Lipid Species",,DG,DG,-0.398,-0.603,638.6,High confidence,26.5,268,1.311,-0.8,,,,C41H70O5,No,38,5,18,1,20,4,,,,,even,Yes,,0,No,7.6,Snail brains
12.2,680.61836,662.58454,[M+NH4]+,Pos,bruker.bsf.mcube.client.ui.model.impl.BucketTableLine@7824d0aa,TRUE,DG 18:1_21:1,MS/MS match,"Lipid Species, Lipid Species, Spectral Library - 1-MoNA LipidBlast 2022",,DG,DG,-0.389,-0.572,561.5,High confidence,27.9,278.3,1.362,-2.9,,,,C42H78O5,No,39,2,18,1,21,1,,,,,odd,Yes,,0,No,19.5,HepG2 cells + PFAS
12.33,694.63367,676.59984,[M+NH4]+,Pos,bruker.bsf.mcube.client.ui.model.impl.BucketTableLine@73053b2d,TRUE,DG 18:1_22:1,MS/MS match,"Lipid Species, Lipid Species, Lipid Species, Lipid Species, Lipid Species",,DG,DG,-0.734,-1.056,795.9,High confidence,8,281.7,1.379,-3.5,No,,,C43H80O5,No,40,2,18,1,22,1,,,,,even,Yes,,0,No,20,EVs (HeLA) + milk
12.35,694.63408,676.60026,[M+NH4]+,Pos,bruker.bsf.mcube.client.ui.model.impl.BucketTableLine@619e9b86,TRUE,DG 18:1_22:1,MS/MS match,"Lipid Species, Spectral Library - 1-MoNA LipidBlast 2022, Lipid Species, Lipid Species, Lipid Species, Lipid Species",,DG,DG,-0.32,-0.46,862,High confidence,1.5,283.8,1.389,-2.7,,,,C43H80O5,No,40,2,18,1,22,1,,,,,even,Yes,,0,No,20,HepG2 cells + PFAS
11.92,692.61858,674.58475,[M+NH4]+,Pos,bruker.bsf.mcube.client.ui.model.impl.BucketTableLine@58e5ca1e,TRUE,DG 18:1_22:2,MS/MS match,"Lipid Species, Lipid Species, Lipid Species, Lipid Species",,DG,DG,-0.174,-0.251,826.2,High confidence,10.2,278.5,1.364,-3.3,No,,,C43H78O5,No,40,3,18,1,22,2,,,,,even,Yes,,0,No,13.33333333,EVs (HeLA) + milk
12.1,692.61808,674.58425,[M+NH4]+,Pos,bruker.bsf.mcube.client.ui.model.impl.BucketTableLine@7221234e,TRUE,DG 18:1_22:2,MS/MS match,"Lipid Species, Lipid Species, Lipid Species, Lipid Species, Lipid Species, Lipid Species, Lipid Species, Spectral Library - 1-MoNA LipidBlast 2022, Spectral Library - 1-MoNA LipidBlast 2022",,DG,DG,-0.674,-0.973,649.8,High confidence,7.2,279.9,1.37,-2.9,,,,C43H78O5,No,40,3,18,1,22,2,,,,,even,Yes,,0,No,13.33333333,HepG2 cells + PFAS
11.6,688.58678,670.55295,[M+NH4]+,Pos,bruker.bsf.mcube.client.ui.model.impl.BucketTableLine@66ff0d11,TRUE,DG 18:1_22:4,MS/MS match,"Lipid Species, Lipid Species, Spectral Library - 1-MoNA LipidBlast 2022",,DG,DG,-0.674,-0.978,879.3,High confidence,2.4,276.9,1.356,-1.4,,,,C43H74O5,No,40,5,18,1,22,4,,,,,even,Yes,,0,No,8,HepG2 cells + PFAS
10.88,686.57109,668.5373,"[M+NH4]+, [M+K]+, [M+Na]+",Pos,bruker.bsf.mcube.client.ui.model.impl.BucketTableLine@44dc5af7,TRUE,DG 18:1_22:5,MS/MS match,"Lipid Species, Spectral Library - 1-MoNA LipidBlast 2022, Lipid Species",,DG,DG,-0.707,-1.03,816.6,High confidence,13.6,273.9,1.341,-1.1,,,,C43H72O5,No,40,6,18,1,22,5,,,,,even,Yes,,0,No,6.666666667,HepG2 cells + PFAS
12.9,710.66562,692.63179,[M+NH4]+,Pos,bruker.bsf.mcube.client.ui.model.impl.BucketTableLine@516a7a5d,TRUE,DG 18:1_23:0,MS/MS match,"Lipid Species, Lipid Species",,DG,DG,-0.084,-0.118,947.1,High confidence,74.3,287.1,1.406,-4.5,No,,,C44H84O5,No,41,1,18,1,23,0,,,,,odd,No,,0,No,41,EVs (HeLA) + milk
13.08,724.68068,706.64686,[M+NH4]+,Pos,bruker.bsf.mcube.client.ui.model.impl.BucketTableLine@254b217,TRUE,DG 18:1_24:0,MS/MS match,"Lipid Species, Lipid Species, Lipid Species, Lipid Species, Lipid Species",,DG,DG,-0.67,-0.924,798.4,High confidence,48.9,290.1,1.421,-5.2,No,,,C45H86O5,No,42,1,18,1,24,0,,,,,even,No,,0,No,42,EVs (HeLA) + milk
12.97,724.6808,706.64697,[M+NH4]+,Pos,bruker.bsf.mcube.client.ui.model.impl.BucketTableLine@7b73dd4f,TRUE,DG 18:1_24:0,MS/MS match,"Lipid Species, Lipid Species, Spectral Library - 1-MoNA LipidBlast 2022, Lipid Species, Lipid Species",,DG,DG,-0.551,-0.76,838.1,High confidence,23.2,291.6,1.429,-4.7,,,,C45H86O5,No,42,1,18,1,24,0,,,,,even,No,,0,No,42,HepG2 cells + PFAS
11.95,716.61854,698.58438,"[M+NH4]+, [M+Na]+, [M+K]+",Pos,bruker.bsf.mcube.client.ui.model.impl.BucketTableLine@3eb27f0,TRUE,DG 18:1_24:4,MS/MS match,"Lipid Species, Spectral Library - 1-MoNA LipidBlast 2022, Lipid Species",,DG,DG,-0.209,-0.292,817.2,High confidence,0.7,285.6,1.399,-1.9,,,,C45H78O5,No,42,5,18,1,24,4,,,,,even,Yes,,0,No,8.4,HepG2 cells + PFAS
11.69,714.60222,696.56839,[M+NH4]+,Pos,bruker.bsf.mcube.client.ui.model.impl.BucketTableLine@52352878,TRUE,DG 18:1_24:5,MS/MS match,"Lipid Species, Spectral Library - 1-MoNA LipidBlast 2022, Lipid Species",,DG,DG,-0.883,-1.236,636.8,High confidence,9.5,280.7,1.375,-2.4,,,,C45H76O5,No,42,6,18,1,24,5,,,,,even,Yes,,0,No,7,HepG2 cells + PFAS
12.95,750.69646,732.66264,[M+NH4]+,Pos,bruker.bsf.mcube.client.ui.model.impl.BucketTableLine@7905d855,TRUE,DG 18:1_26:1,MS/MS match,"Lipid Species, Lipid Species, Lipid Species, Lipid Species, Lipid Species, Spectral Library - 1-MoNA LipidBlast 2022",,DG,DG,-0.537,-0.715,913.9,High confidence,84,294.5,1.444,-5.9,,,,C47H88O5,No,44,2,18,1,26,1,,,,,even,Yes,,0,No,22,HepG2 cells + PFAS
8.78,634.54034,616.50652,[M+NH4]+,Pos,bruker.bsf.mcube.client.ui.model.impl.BucketTableLine@3135da6f,TRUE,DG 18:2/18:2,MS/MS match,"Lipid Species, Lipid Species, Lipid Species",,DG,DG,-0.159,-0.25,922.4,High confidence,3.9,259.2,1.267,-1.5,No,,,C39H68O5,No,36,4,18,2,18,2,,,,,even,Yes,,0,No,9,EVs (HeLA) + milk
12.44,634.53991,616.50609,[M+NH4]+,Pos,bruker.bsf.mcube.client.ui.model.impl.BucketTableLine@564ae5d7,TRUE,DG 18:2/18:2,MS/MS match,"Lipid Species, Lipid Species, Spectral Library - 1-MoNA LipidBlast 2022",,DG,DG,-0.589,-0.928,945.9,High confidence,11.3,259.3,1.267,-1.5,,,,C39H68O5,No,36,4,18,2,18,2,,,,,even,Yes,,0,No,9,HepG2 cells + PFAS
12.67,634.54,616.50617,[M+NH4]+,Pos,bruker.bsf.mcube.client.ui.model.impl.BucketTableLine@4e499b17,TRUE,DG 18:2/18:2,MS/MS match,"Lipid Species, Lipid Species, Spectral Library - 1-MoNA LipidBlast 2022",,DG,DG,-0.5,-0.789,953.7,High confidence,41,259.3,1.267,-1.5,,,,C39H68O5,No,36,4,18,2,18,2,,,,,even,Yes,,0,No,9,HepG2 cells + PFAS
9.53,634.5404,616.50658,[M+NH4]+,Pos,bruker.bsf.mcube.client.ui.model.impl.BucketTableLine@4cf7516,TRUE,DG 18:2/18:2,MS/MS match,"Lipid Species, Spectral Library - 1-MoNA LipidBlast 2022, Lipid Species",,DG,DG,-0.096,-0.152,885.3,High confidence,19.3,260.3,1.272,-1.1,,,,C39H68O5,No,36,4,18,2,18,2,,,,,even,Yes,,0,No,9,HepG2 cells + PFAS
9.41,634.54001,616.50618,[M+NH4]+,Pos,bruker.bsf.mcube.client.ui.model.impl.BucketTableLine@30c037a1,TRUE,DG 18:2/18:2,MS/MS match,"Lipid Species, Spectral Library - 1-MoNA LipidBlast 2022, Lipid Species, Lipid Species, Lipid Species",,DG,DG,-0.493,-0.776,882.4,High confidence,40.1,259.4,1.268,-1.5,,,,C39H68O5,No,36,4,18,2,18,2,,,,,even,Yes,,0,No,9,Snail brains
7.84,632.52455,614.49072,[M+NH4]+,Pos,bruker.bsf.mcube.client.ui.model.impl.BucketTableLine@1dfab4af,TRUE,DG 18:2_18:3,MS/MS match,"Lipid Species, Lipid Species, Lipid Species",,DG,DG,-0.302,-0.478,936.1,High confidence,0.6,256.1,1.252,-1.3,No,,,C39H66O5,No,36,5,18,2,18,3,,,,,even,Yes,,0,No,7.2,EVs (HeLA) + milk
11.56,650.57137,632.53755,[M+NH4]+,Pos,bruker.bsf.mcube.client.ui.model.impl.BucketTableLine@7b451106,TRUE,DG 18:2_19:1,MS/MS match,"Lipid Species, Lipid Species, Spectral Library - 1-MoNA LipidBlast 2022, Lipid Species, Lipid Species, Lipid Species",,DG,DG,-0.427,-0.656,856.8,High confidence,13.5,271.2,1.326,-0.4,,,,C40H72O5,No,37,3,18,2,19,1,,,,,odd,Yes,,0,No,12.33333333,HepG2 cells + PFAS
10.19,660.55555,642.52208,"[M+NH4]+, [M+K]+",Pos,bruker.bsf.mcube.client.ui.model.impl.BucketTableLine@77d53528,TRUE,DG 18:2_20:3,MS/MS match,"Lipid Species, Lipid Species, Lipid Species, Spectral Library - 1-MoNA LipidBlast 2022, Spectral Library - 1-MoNA LipidBlast 2022",,DG,DG,-0.601,-0.91,645.3,High confidence,31.3,267.4,1.308,-1,,,,C41H70O5,No,38,5,18,2,20,3,,,,,even,Yes,,0,No,7.6,HepG2 cells + PFAS
9.16,658.53986,640.50603,[M+NH4]+,Pos,bruker.bsf.mcube.client.ui.model.impl.BucketTableLine@39babca0,TRUE,DG 18:2_20:4,MS/MS match,"Lipid Species, Spectral Library - 1-MoNA LipidBlast 2022, Lipid Species",,DG,DG,-0.641,-0.973,851.8,High confidence,35,266.1,1.301,-0.2,,,,C41H68O5,No,38,6,18,2,20,4,,,,,even,Yes,,0,No,6.333333333,HepG2 cells + PFAS
9.07,658.54012,640.50629,[M+NH4]+,Pos,bruker.bsf.mcube.client.ui.model.impl.BucketTableLine@62adf629,TRUE,DG 18:2_20:4,MS/MS match,"Lipid Species, Lipid Species, Lipid Species, Spectral Library - 1-MoNA LipidBlast 2022, Lipid Species",,DG,DG,-0.38,-0.578,712,High confidence,49.5,264.7,1.295,-0.7,,,,C41H68O5,No,38,6,18,2,20,4,,,,,even,Yes,,0,No,6.333333333,Snail brains
10.46,686.57086,668.53704,[M+NH4]+,Pos,bruker.bsf.mcube.client.ui.model.impl.BucketTableLine@5210e218,TRUE,DG 18:2_22:4,MS/MS match,"Lipid Species, Lipid Species, Lipid Species, Lipid Species, Spectral Library - 1-MoNA LipidBlast 2022",,DG,DG,-0.94,-1.369,704.9,High confidence,38.9,271.2,1.327,-2.1,,,,C43H72O5,No,40,6,18,2,22,4,,,,,even,Yes,,0,No,6.666666667,Snail brains
9.37,684.55524,666.52142,[M+NH4]+,Pos,bruker.bsf.mcube.client.ui.model.impl.BucketTableLine@2a10b3d9,TRUE,DG 18:2_22:5,MS/MS match,"Lipid Species, Lipid Species, Spectral Library - 1-MoNA LipidBlast 2022",,DG,DG,-0.907,-1.326,865.9,High confidence,55.2,269.2,1.318,-1.5,,,,C43H70O5,No,40,7,18,2,22,5,,,,,even,Yes,,0,No,5.714285714,HepG2 cells + PFAS
9.89,684.55525,666.52142,[M+NH4]+,Pos,bruker.bsf.mcube.client.ui.model.impl.BucketTableLine@270cc8bc,TRUE,DG 18:2_22:5,MS/MS match,"Lipid Species, Lipid Species, Spectral Library - 1-MoNA LipidBlast 2022",,DG,DG,-0.905,-1.323,879.5,High confidence,31,270.9,1.326,-0.9,,,,C43H70O5,No,40,7,18,2,22,5,,,,,even,Yes,,0,No,5.714285714,HepG2 cells + PFAS
6.95,630.5086,612.4746,"[M+NH4]+, [M+Na]+, [M+K]+",Pos,bruker.bsf.mcube.client.ui.model.impl.BucketTableLine@21e45806,TRUE,DG 18:3/18:3,MS/MS match,"Lipid Species, Lipid Species",,DG,DG,-0.605,-0.96,930.9,High confidence,6.3,253.7,1.24,-0.9,No,,,C39H64O5,No,36,6,18,3,18,3,,,,,even,Yes,,0,No,6,EVs (HeLA) + milk
12.5,720.64907,702.61524,[M+NH4]+,Pos,bruker.bsf.mcube.client.ui.model.impl.BucketTableLine@1362fd9c,TRUE,DG 18:3_24:0,MS/MS match,"Lipid Species, Lipid Species",,DG,DG,-0.981,-1.361,695.3,High confidence,50.1,285.4,1.398,-4.4,No,,,C45H82O5,No,42,3,18,3,24,0,,,,,even,Yes,,0,No,14,EVs (HeLA) + milk
11.93,678.60279,660.56896,[M+NH4]+,Pos,bruker.bsf.mcube.client.ui.model.impl.BucketTableLine@1da589a9,TRUE,DG 19:0_20:3,MS/MS match,"Lipid Species, Spectral Library - 1-MoNA LipidBlast 2022, Lipid Species, Lipid Species, Spectral Library - 1-MoNA LipidBlast 2022, Lipid Species",,DG,DG,-0.312,-0.46,628.4,High confidence,18.6,277.8,1.359,-1.8,,,,C42H76O5,No,39,3,19,0,20,3,,,,,odd,Yes,,0,No,13,Snail brains
11.8,676.58675,658.55292,[M+NH4]+,Pos,bruker.bsf.mcube.client.ui.model.impl.BucketTableLine@35c6848b,TRUE,DG 19:0_20:4,MS/MS match,"Lipid Species, Lipid Species, Lipid Species, Spectral Library - 1-MoNA LipidBlast 2022, Lipid Species",,DG,DG,-0.703,-1.039,828.1,High confidence,24.7,276.1,1.351,-1.1,,,,C42H74O5,No,39,4,19,0,20,4,,,,,odd,Yes,,0,No,9.75,Snail brains
11.43,674.57113,656.5373,[M+NH4]+,Pos,bruker.bsf.mcube.client.ui.model.impl.BucketTableLine@676d8651,TRUE,DG 19:0_20:5,MS/MS match,"Lipid Species, Lipid Species, Lipid Species, Lipid Species, Spectral Library - 1-MoNA LipidBlast 2022",,DG,DG,-0.674,-1,708,High confidence,69.4,273.8,1.34,-0.6,,,,C42H72O5,No,39,5,19,0,20,5,,,,,odd,Yes,,0,No,7.8,Snail brains
12.09,692.61829,674.58447,[M+NH4]+,Pos,bruker.bsf.mcube.client.ui.model.impl.BucketTableLine@4271537e,TRUE,DG 20:1_20:2,MS/MS match,"Lipid Species, Spectral Library - 1-MoNA LipidBlast 2022, Spectral Library - 1-MoNA LipidBlast 2022, Lipid Species, Lipid Species, Lipid Species, Lipid Species, Lipid Species, Lipid Species, Lipid Species",,DG,DG,-0.457,-0.659,715.2,High confidence,9,281.2,1.377,-2.4,,,,C43H78O5,No,40,3,20,1,20,2,,,,,even,Yes,,0,No,13.33333333,Snail brains
11.19,688.58645,670.55269,"[M+NH4]+, [M+Na]+, [M+K]+",Pos,bruker.bsf.mcube.client.ui.model.impl.BucketTableLine@3bfdafae,TRUE,DG 20:1_20:4,MS/MS match,"Lipid Species, Lipid Species",,DG,DG,-0.998,-1.449,730,High confidence,12,277.8,1.36,-1,No,,,C43H74O5,No,40,5,20,1,20,4,,,,,even,Yes,,0,No,8,EVs (HeLA) + milk
11.29,686.57125,668.53743,[M+NH4]+,Pos,bruker.bsf.mcube.client.ui.model.impl.BucketTableLine@4505734a,TRUE,DG 20:1_20:5,MS/MS match,"Lipid Species, Lipid Species, Lipid Species, Spectral Library - 1-MoNA LipidBlast 2022, Lipid Species",,DG,DG,-0.547,-0.797,702.1,High confidence,27.4,274.7,1.345,-0.8,,,,C43H72O5,No,40,6,20,1,20,5,,,,,even,Yes,,0,No,6.666666667,Snail brains
12.39,720.64951,702.61568,[M+NH4]+,Pos,bruker.bsf.mcube.client.ui.model.impl.BucketTableLine@72c6886e,TRUE,DG 20:1_22:2,MS/MS match,"Lipid Species, Lipid Species, Lipid Species, Spectral Library - 1-MoNA LipidBlast 2022, Lipid Species",,DG,DG,-0.546,-0.758,939.5,High confidence,13.5,288.2,1.412,-3.5,,,,C45H82O5,No,42,3,20,1,22,2,,,,,even,Yes,,0,No,14,Snail brains
11.57,712.58674,694.55291,[M+NH4]+,Pos,bruker.bsf.mcube.client.ui.model.impl.BucketTableLine@159d86af,TRUE,DG 20:1_22:6,MS/MS match,"Lipid Species, Lipid Species, Spectral Library - 1-MoNA LipidBlast 2022",,DG,DG,-0.712,-1,501.1,High confidence,17.6,281.4,1.378,-0.9,,,,C45H74O5,No,42,7,20,1,22,6,,,,,even,Yes,,0,No,6,HepG2 cells + PFAS
10.93,686.5712,668.53737,[M+NH4]+,Pos,bruker.bsf.mcube.client.ui.model.impl.BucketTableLine@581b912e,TRUE,DG 20:2_20:4,MS/MS match,"Lipid Species, Lipid Species, Spectral Library - 1-MoNA LipidBlast 2022, Lipid Species, Lipid Species",,DG,DG,-0.602,-0.877,758.9,High confidence,20.7,270.7,1.325,-2.3,,,,C43H72O5,No,40,6,20,2,20,4,,,,,even,Yes,,0,No,6.666666667,Snail brains
11.64,714.60258,696.56875,[M+NH4]+,Pos,bruker.bsf.mcube.client.ui.model.impl.BucketTableLine@59fb0f3f,TRUE,DG 20:2_22:4,MS/MS match,"Lipid Species, Lipid Species, Lipid Species, Spectral Library - 1-MoNA LipidBlast 2022, Lipid Species",,DG,DG,-0.522,-0.73,757.6,High confidence,28.7,278.3,1.364,-3.2,,,,C45H76O5,No,42,6,20,2,22,4,,,,,even,Yes,,0,No,7,Snail brains
9.54,684.55529,666.52147,[M+NH4]+,Pos,bruker.bsf.mcube.client.ui.model.impl.BucketTableLine@3ae71a0b,TRUE,DG 20:3_20:4,MS/MS match,"Lipid Species, Lipid Species, Spectral Library - 1-MoNA LipidBlast 2022, Lipid Species, Lipid Species",,DG,DG,-0.86,-1.256,711.1,High confidence,37.7,268.9,1.316,-1.6,,,,C43H70O5,No,40,7,20,3,20,4,,,,,even,Yes,,0,No,5.714285714,Snail brains
11.04,712.58701,694.55318,[M+NH4]+,Pos,bruker.bsf.mcube.client.ui.model.impl.BucketTableLine@11df28fd,TRUE,DG 20:3_22:4,MS/MS match,"Lipid Species, Lipid Species, Lipid Species, Lipid Species, Spectral Library - 1-MoNA LipidBlast 2022",,DG,DG,-0.443,-0.621,764.8,High confidence,28.2,276.5,1.354,-2.6,,,,C45H74O5,No,42,7,20,3,22,4,,,,,even,Yes,,0,No,6,Snail brains
8.71,682.53996,664.50613,[M+NH4]+,Pos,bruker.bsf.mcube.client.ui.model.impl.BucketTableLine@2298216f,TRUE,DG 20:4/20:4,MS/MS match,"Lipid Species, Spectral Library - 1-MoNA LipidBlast 2022, Lipid Species, Lipid Species, Lipid Species",,DG,DG,-0.541,-0.793,755.9,High confidence,51.4,268,1.312,-0.6,,,,C43H68O5,No,40,8,20,4,20,4,,,,,even,Yes,,0,No,5,Snail brains
11.27,712.58707,694.55325,[M+NH4]+,Pos,bruker.bsf.mcube.client.ui.model.impl.BucketTableLine@1ea0e044,TRUE,DG 20:4_22:3,MS/MS match,"Lipid Species, Lipid Species, Spectral Library - 1-MoNA LipidBlast 2022, Lipid Species, Lipid Species",,DG,DG,-0.378,-0.53,792,High confidence,11.3,277.2,1.358,-2.4,,,,C45H74O5,No,42,7,20,4,22,3,,,,,even,Yes,,0,No,6,Snail brains
10.11,710.57128,692.53745,[M+NH4]+,Pos,bruker.bsf.mcube.client.ui.model.impl.BucketTableLine@c04dbc3,TRUE,DG 20:4_22:4,MS/MS match,"Lipid Species, Spectral Library - 1-MoNA LipidBlast 2022, Lipid Species, Lipid Species, Lipid Species",,DG,DG,-0.522,-0.735,709.4,High confidence,53.4,275.5,1.349,-1.7,,,,C45H72O5,No,42,8,20,4,22,4,,,,,even,Yes,,0,No,5.25,Snail brains
11.97,742.63405,724.60022,[M+NH4]+,Pos,bruker.bsf.mcube.client.ui.model.impl.BucketTableLine@6ea8e7c7,TRUE,DG 22:3/22:3,MS/MS match,"Lipid Species, Lipid Species, Lipid Species, Lipid Species, Spectral Library - 1-MoNA LipidBlast 2022",,DG,DG,-0.355,-0.479,640.9,High confidence,85.9,285.9,1.401,-4.1,,,,C47H80O5,No,44,6,22,3,22,3,,,,,even,Yes,,0,No,7.333333333,Snail brains
11.73,740.6184,722.58457,[M+NH4]+,Pos,bruker.bsf.mcube.client.ui.model.impl.BucketTableLine@1e851189,TRUE,DG 22:3_22:4,MS/MS match,"Lipid Species, Lipid Species, Lipid Species, Lipid Species, Spectral Library - 1-MoNA LipidBlast 2022",,DG,DG,-0.355,-0.479,650.3,High confidence,40.7,282.8,1.386,-4,,,,C47H78O5,No,44,7,22,3,22,4,,,,,even,Yes,,0,No,6.285714286,Snail brains
11.39,738.60239,720.56857,[M+NH4]+,Pos,bruker.bsf.mcube.client.ui.model.impl.BucketTableLine@f0da369,TRUE,DG 22:4/22:4,MS/MS match,"Lipid Species, Lipid Species, Spectral Library - 1-MoNA LipidBlast 2022, Lipid Species, Lipid Species",,DG,DG,-0.708,-0.959,691.6,High confidence,67.1,282.2,1.383,-2.9,,,,C47H76O5,No,44,8,22,4,22,4,,,,,even,Yes,,0,No,5.5,Snail brains
3.87,255.23341,256.24068,[M-H]-,Neg,bruker.bsf.mcube.client.ui.model.impl.BucketTableLine@589b9ce4,TRUE,FA 16:0 (Palmitic acid),"Target List match (MS, RT, CCS)",Target List - TargetList_FAs,TargetList_FAs,FA,FA,0.454,1.78,,High confidence,36.9,170.6,0.809,0,,,,C16H32O2,No,16,0,16,0,,,,,,,even,No,,0,No,,Snail brains
4.19,269.24855,270.25582,[M-H]-,Neg,bruker.bsf.mcube.client.ui.model.impl.BucketTableLine@22734fd2,TRUE,FA 17:0 (heptadecanoic acid),"Target List match (MS, RT, CCS)",Target List - TargetList_FAs,TargetList_FAs,FA,FA,-0.056,-0.207,,High confidence,3.4,173.5,0.825,0.2,,,,C17H34O2,No,17,0,17,0,,,,,,,odd,No,,0,No,,Snail brains
4.63,283.26423,284.27151,[M-H]-,Neg,bruker.bsf.mcube.client.ui.model.impl.BucketTableLine@219c0ec2,TRUE,FA 18:0 (stearic acid),"Target List match (MS, RT, CCS)",Target List - TargetList_FAs,TargetList_FAs,FA,FA,-0.021,-0.072,,High confidence,8.1,177.5,0.845,-0.6,,,,C18H36O2,No,18,0,18,0,,,,,,,even,No,,0,No,,Snail brains
4.02,281.24858,282.25591,"[M-H]-, [M+Na+COO]-",Neg,bruker.bsf.mcube.client.ui.model.impl.BucketTableLine@1fb6703b,TRUE,FA 18:1 (Oleic acid),"Target List match (MS, RT, CCS)",Target List - TargetList_FAs,TargetList_FAs,FA,FA,-0.024,-0.085,,High confidence,1.2,176.3,0.84,-0.1,,,,C18H34O2,No,18,1,18,1,,,,,,,even,No,,0,No,18,Snail brains
3.36,279.23291,280.24018,[M-H]-,Neg,bruker.bsf.mcube.client.ui.model.impl.BucketTableLine@7033aab8,TRUE,FA 18:2 (Linoleic acid),"Target List match (MS, RT, CCS)",Target List - TargetList_FAs,TargetList_FAs,FA,FA,-0.046,-0.166,,High confidence,13.2,176.1,0.838,0,,,,C18H32O2,No,18,2,18,2,,,,,,,even,Yes,,0,No,9,Snail brains
2.81,277.2174,278.22467,[M-H]-,Neg,bruker.bsf.mcube.client.ui.model.impl.BucketTableLine@6d92ae13,TRUE,FA 18:3 (alpha-linolenic acid),"Target List match (MS, RT, CCS)",Target List - TargetList_FAs,TargetList_FAs,FA,FA,0.091,0.33,,High confidence,13.8,175.6,0.836,0.2,,,,C18H30O2,No,18,3,18,3,,,,,,,even,Yes,,0,No,6,Snail brains
5.09,297.2799,298.28718,[M-H]-,Neg,bruker.bsf.mcube.client.ui.model.impl.BucketTableLine@666b7e1d,TRUE,FA 19:0 (Nonadecylic acid),"Target List match (MS, RT, CCS)",Target List - TargetList_FAs,TargetList_FAs,FA,FA,-0.003,-0.01,,High confidence,7.1,181.4,0.866,0,,,,C19H38O2,No,19,0,19,0,,,,,,,odd,No,,0,No,,Snail brains
4.42,295.26424,296.27152,[M-H]-,Neg,bruker.bsf.mcube.client.ui.model.impl.BucketTableLine@3bace1bb,TRUE,FA 19:1 (Nonadecenoic acid),"Target List match (MS, RT, CCS)",Target List - TargetList_FAs,TargetList_FAs,FA,FA,-0.01,-0.032,,High confidence,4.2,180.4,0.861,0.2,,,,C19H36O2,No,19,1,19,1,,,,,,,odd,No,,0,No,19,Snail brains
5.72,311.29555,312.30283,[M-H]-,Neg,bruker.bsf.mcube.client.ui.model.impl.BucketTableLine@447a704f,TRUE,FA 20:0 (Arachidic acid),"Target List match (MS, RT, CCS)",Target List - TargetList_FAs,TargetList_FAs,FA,FA,-0.003,-0.011,,High confidence,∞,186.3,0.891,0.1,,,,C20H40O2,No,20,0,20,0,,,,,,,even,No,,0,No,,Snail brains
4.89,309.27995,310.28722,[M-H]-,Neg,bruker.bsf.mcube.client.ui.model.impl.BucketTableLine@4a7fc8d4,TRUE,FA 20:1 (Eicosenoic acid),"Target List match (MS, RT, CCS)",Target List - TargetList_FAs,TargetList_FAs,FA,FA,0.042,0.137,,High confidence,3.2,184.2,0.881,-0.5,,,,C20H38O2,No,20,1,20,1,,,,,,,even,No,,0,No,20,Snail brains
4.23,307.2643,308.27153,"[M-H]-, [M+Na+COO]-",Neg,bruker.bsf.mcube.client.ui.model.impl.BucketTableLine@50e0b708,TRUE,FA 20:2 (Eicosadienoic acid),"Target List match (MS, RT, CCS)",Target List - TargetList_FAs,TargetList_FAs,FA,FA,0.042,0.137,,High confidence,0.8,183.8,0.878,-0.3,,,,C20H36O2,No,20,2,20,2,,,,,,,even,Yes,,0,No,10,Snail brains
3.66,305.24862,306.2559,[M-H]-,Neg,bruker.bsf.mcube.client.ui.model.impl.BucketTableLine@72b14964,TRUE,FA 20:3 (Eicosatrienoic acid),"Target List match (MS, RT, CCS)",Target List - TargetList_FAs,TargetList_FAs,FA,FA,0.018,0.06,,High confidence,1.2,183,0.875,0.2,,,,C20H34O2,No,20,3,20,3,,,,,,,even,Yes,,0,No,6.666666667,Snail brains
3.2,303.23295,304.24022,[M-H]-,Neg,bruker.bsf.mcube.client.ui.model.impl.BucketTableLine@20895099,TRUE,FA 20:4 (Arachidonic acid),"Target List match (MS, RT, CCS)",Target List - TargetList_FAs,TargetList_FAs,FA,FA,-0.009,-0.028,,High confidence,12,184.2,0.88,0.1,,,,C20H32O2,No,20,4,20,4,,,,,,,even,Yes,,0,No,5,Snail brains
2.68,301.21731,302.22459,[M-H]-,Neg,bruker.bsf.mcube.client.ui.model.impl.BucketTableLine@7234d886,TRUE,FA 20:5 (eicosapentaenoic acid),"Target List match (MS, RT, CCS)",Target List - TargetList_FAs,TargetList_FAs,FA,FA,0.01,0.033,,High confidence,0.6,183.4,0.876,0.2,,,,C20H30O2,No,20,5,20,5,,,,,,,even,Yes,,0,No,4,Snail brains
6.9,339.32702,340.3343,[M-H]-,Neg,bruker.bsf.mcube.client.ui.model.impl.BucketTableLine@3e263bb0,TRUE,FA 22:0 (Docosanoic acid),"Target List match (MS, RT, CCS)",Target List - TargetList_FAs,TargetList_FAs,FA,FA,0.165,0.485,,High confidence,33,194.2,0.932,0.7,,,,C22H44O2,No,22,0,22,0,,,,,,,even,No,,0,No,,Snail brains
5.09,335.29562,336.3029,[M-H]-,Neg,bruker.bsf.mcube.client.ui.model.impl.BucketTableLine@2eebe21d,TRUE,FA 22:2,"Target List match (MS, RT, CCS)",Target List - TargetList_FAs,TargetList_FAs,FA,FA,0.067,0.2,,High confidence,2.5,190.3,0.913,0,,,,C22H40O2,No,22,2,22,2,,,,,,,even,Yes,,0,No,11,Snail brains
4.46,333.27992,334.2872,[M-H]-,Neg,bruker.bsf.mcube.client.ui.model.impl.BucketTableLine@789bfcfa,TRUE,FA 22:3,"Target List match (MS, RT, CCS)",Target List - TargetList_FAs,TargetList_FAs,FA,FA,0.019,0.058,,High confidence,1.4,189.3,0.908,-0.3,,,,C22H38O2,No,22,3,22,3,,,,,,,even,Yes,,0,No,7.333333333,Snail brains
3.92,331.26429,332.27157,[M-H]-,Neg,bruker.bsf.mcube.client.ui.model.impl.BucketTableLine@14d98a4e,TRUE,FA 22:4,"Target List match (MS, RT, CCS)",Target List - TargetList_FAs,TargetList_FAs,FA,FA,0.038,0.113,,High confidence,1.2,190.8,0.915,0.1,,,,C22H36O2,No,22,4,22,4,,,,,,,even,Yes,,0,No,5.5,Snail brains
3.39,329.24861,330.25588,[M-H]-,Neg,bruker.bsf.mcube.client.ui.model.impl.BucketTableLine@64e4f553,TRUE,FA 22:5 (Docosapentaenoic acid - DPA),"Target List match (MS, RT, CCS)",Target List - TargetList_FAs,TargetList_FAs,FA,FA,0.002,0.007,,High confidence,6.9,190.5,0.913,0,,,,C22H34O2,No,22,5,22,5,,,,,,,even,Yes,,0,No,4.4,Snail brains
8.46,367.35819,368.36546,[M-H]-,Neg,bruker.bsf.mcube.client.ui.model.impl.BucketTableLine@64799dee,TRUE,FA 24:0 (Tetracosanoic acid),"Target List match (MS, RT, CCS)",Target List - TargetList_FAs,TargetList_FAs,FA,FA,0.033,0.091,,High confidence,11.9,201.6,0.97,0,,,,C24H48O2,No,24,0,24,0,,,,,,,even,No,,0,No,,Snail brains
9.42,381.37394,382.38122,[M-H]-,Neg,bruker.bsf.mcube.client.ui.model.impl.BucketTableLine@17847e52,TRUE,FA 25:0,"Target List match (MS, RT, CCS)",Target List - TargetList_FAs,TargetList_FAs,FA,FA,0.138,0.363,,High confidence,26.8,205.5,0.99,0.1,,,,C25H50O2,No,25,0,25,0,,,,,,,odd,No,,0,No,,Snail brains
10.5,395.38952,396.3968,[M-H]-,Neg,bruker.bsf.mcube.client.ui.model.impl.BucketTableLine@1c77bc02,TRUE,FA 26:0 (Hexacosanoic acid),"Target List match (MS, RT, CCS)",Target List - TargetList_FAs,TargetList_FAs,FA,FA,0.067,0.169,,High confidence,23.8,208.6,1.006,0.1,,,,C26H52O2,No,26,0,26,0,,,,,,,even,No,,0,No,,Snail brains
7.21,700.5724,699.56515,"[M+H]+, [M+Na]+",Pos,bruker.bsf.mcube.client.ui.model.impl.BucketTableLine@3a111c71,TRUE,HexCer 18:1;O2/16:0,MS/MS match,"Lipid Species, Lipid Species",,HexCer,HexCer,0.205,0.293,901.3,High confidence,17.4,282.7,1.384,2.3,No,,,C40H77NO8,No,34,1,18,1,16,0,,,,,even,No,,0,No,34,EVs (HeLA) + milk
7.47,700.57169,699.56441,[M+H]+,Pos,bruker.bsf.mcube.client.ui.model.impl.BucketTableLine@3fc8489e,TRUE,HexCer 18:1;O2/16:0,MS/MS match,"Lipid Species, Lipid Species",,HexCer,HexCer,-0.504,-0.72,746.3,High confidence,30.1,284,1.391,2.8,,,,C40H77NO8,No,34,1,18,1,16,0,,,,,even,No,,0,No,34,HepG2 cells + PFAS
7.38,700.57182,699.56454,[M+H]+,Pos,bruker.bsf.mcube.client.ui.model.impl.BucketTableLine@3ffd28bc,TRUE,HexCer 18:1;O2/16:0,MS/MS match,"Lipid Species, Lipid Species, Lipid Species, Lipid Species, Lipid Species, Lipid Species, Lipid Species, Lipid Species",,HexCer,HexCer,-0.378,-0.539,858,High confidence,32.4,284,1.391,2.8,,,,C40H77NO8,No,34,1,18,1,16,0,,,,,even,No,,0,No,34,Snail brains
8.86,728.60234,727.59506,[M+H]+,Pos,bruker.bsf.mcube.client.ui.model.impl.BucketTableLine@354664e0,TRUE,HexCer 18:1;O2/18:0,MS/MS match,"Lipid Species, Lipid Species, Lipid Species, Lipid Species, Lipid Species, Lipid Species",,HexCer,HexCer,-1.156,-1.586,900,High confidence,36.9,289.9,1.421,2.5,,,,C42H81NO8,No,36,1,18,1,18,0,,,,,even,No,,0,No,36,Snail brains
10.8,756.63437,755.62709,[M+H]+,Pos,bruker.bsf.mcube.client.ui.model.impl.BucketTableLine@40eb77b4,TRUE,HexCer 18:1;O2/20:0,MS/MS match,"Lipid Species, Lipid Species, Lipid Species, Lipid Species",,HexCer,HexCer,-0.425,-0.562,888.9,High confidence,101.6,296.1,1.452,2.3,,,,C44H85NO8,No,38,1,18,1,20,0,,,,,even,No,,0,No,38,Snail brains
11.42,784.66506,783.65784,"[M+H]+, [M+Na]+",Pos,bruker.bsf.mcube.client.ui.model.impl.BucketTableLine@1bd3270,TRUE,HexCer 18:1;O2/22:0,MS/MS match,"Lipid Species, Lipid Species",,HexCer,HexCer,-1.038,-1.323,747.5,High confidence,35.7,299.6,1.47,1.2,No,,,C46H89NO8,No,40,1,18,1,22,0,,,,,even,No,,0,No,40,EVs (HeLA) + milk
11.78,784.66547,783.65814,"[M+H]+, [M+Na]+",Pos,bruker.bsf.mcube.client.ui.model.impl.BucketTableLine@20827f0e,TRUE,HexCer 18:1;O2/22:0,MS/MS match,"Lipid Species, Lipid Species",,HexCer,HexCer,-0.627,-0.799,897.5,High confidence,6.5,302.2,1.483,2,,,,C46H89NO8,No,40,1,18,1,22,0,,,,,even,No,,0,No,40,HepG2 cells + PFAS
11.94,798.68119,797.67394,"[M+H]+, [M+Na]+",Pos,bruker.bsf.mcube.client.ui.model.impl.BucketTableLine@70fba4e,TRUE,HexCer 18:1;O2/23:0,MS/MS match,"Lipid Species, Lipid Species, Lipid Species, Lipid Species, Lipid Species, Lipid Species, Lipid Species",,HexCer,HexCer,-0.555,-0.695,762.1,High confidence,4.1,306.1,1.502,2.2,,,,C47H91NO8,No,41,1,18,1,23,0,,,,,odd,No,,0,No,41,HepG2 cells + PFAS
12.08,812.69641,811.68914,[M+H]+,Pos,bruker.bsf.mcube.client.ui.model.impl.BucketTableLine@60f565a9,TRUE,HexCer 18:1;O2/24:0,MS/MS match,"Lipid Species, Lipid Species, Lipid Species",,HexCer,HexCer,-0.983,-1.21,895.5,High confidence,19.9,307,1.507,1.4,,,,C48H93NO8,No,42,1,18,1,24,0,,,,,even,No,,0,No,42,HepG2 cells + PFAS
12.04,812.69636,811.68908,[M+H]+,Pos,bruker.bsf.mcube.client.ui.model.impl.BucketTableLine@39199b11,TRUE,HexCer 18:1;O2/24:0,MS/MS match,"Lipid Species, Lipid Species, Lipid Species, Lipid Species",,HexCer,HexCer,-1.037,-1.276,837.2,High confidence,30.4,307.3,1.509,1.5,,,,C48H93NO8,No,42,1,18,1,24,0,,,,,even,No,,0,No,42,Snail brains
11.76,810.68104,809.67377,[M+H]+,Pos,bruker.bsf.mcube.client.ui.model.impl.BucketTableLine@36638b83,TRUE,HexCer 18:1;O2/24:1,MS/MS match,"Lipid Species, Lipid Species, Lipid Species, Lipid Species",,HexCer,HexCer,-0.7,-0.864,909.3,High confidence,5.4,306,1.502,1.8,,,,C48H91NO8,No,42,2,18,1,24,1,,,,,even,Yes,,0,No,21,HepG2 cells + PFAS
6.25,714.55162,713.54416,"[M+H]+, [M-H2O+H]+, [M+K]+, [M+Na]+",Pos,bruker.bsf.mcube.client.ui.model.impl.BucketTableLine@52963a80,TRUE,HexCer 18:2;O2/16:0;O,MS/MS match,"Lipid Species, Lipid Species, Lipid Species, Lipid Species",,HexCer,HexCer,0.159,0.223,921.4,High confidence,4.1,283.9,1.391,1.7,No,,,C40H75NO9,No,34,2,18,2,16,0,,,,,even,Yes,,0,No,17,EVs (HeLA) + milk
7.37,742.58272,741.57528,"[M+H]+, [M-H2O+H]+, [M+Na]+",Pos,bruker.bsf.mcube.client.ui.model.impl.BucketTableLine@4f3c5b05,TRUE,HexCer 18:2;O2/18:0;O,MS/MS match,"Lipid Species, Lipid Species, Lipid Species, Lipid Species",,HexCer,HexCer,-0.035,-0.047,921.4,High confidence,3.1,292.3,1.433,2.6,No,,,C42H79NO9,No,36,2,18,2,18,0,,,,,even,Yes,,0,No,18,EVs (HeLA) + milk
8.17,756.59767,755.59039,[M+H]+,Pos,bruker.bsf.mcube.client.ui.model.impl.BucketTableLine@5e962fb0,TRUE,HexCer 18:2;O2/19:0;O,MS/MS match,"Lipid Species, Lipid Species",,HexCer,HexCer,-0.743,-0.982,719.3,High confidence,76.8,296.2,1.452,3,No,,,C43H81NO9,No,37,2,18,2,19,0,,,,,odd,Yes,,0,No,18.5,EVs (HeLA) + milk
8.73,770.61365,769.60631,"[M+H]+, [M+Na]+, [M-H2O+H]+",Pos,bruker.bsf.mcube.client.ui.model.impl.BucketTableLine@2108fbb1,TRUE,HexCer 18:2;O2/20:0;O,MS/MS match,"Lipid Species, Lipid Species, Lipid Species, Lipid Species",,HexCer,HexCer,-0.408,-0.53,910.5,High confidence,1.9,296.9,1.456,2.2,No,,,C44H83NO9,No,38,2,18,2,20,0,,,,,even,Yes,,0,No,19,EVs (HeLA) + milk
9.49,784.62832,783.62105,[M+H]+,Pos,bruker.bsf.mcube.client.ui.model.impl.BucketTableLine@53d5f7e9,TRUE,HexCer 18:2;O2/21:0;O,MS/MS match,"Lipid Species, Lipid Species, Lipid Species",,HexCer,HexCer,-1.386,-1.766,723,High confidence,82.4,300.8,1.476,2.6,No,,,C45H85NO9,No,39,2,18,2,21,0,,,,,odd,Yes,,0,No,19.5,EVs (HeLA) + milk
11.08,812.66243,811.65515,[M+H]+,Pos,bruker.bsf.mcube.client.ui.model.impl.BucketTableLine@32c9f70f,TRUE,HexCer 18:2;O2/23:0;O,MS/MS match,"Lipid Species, Lipid Species",,HexCer,HexCer,1.417,1.743,841.9,High confidence,∞,305.8,1.502,2.3,No,,,C47H89NO9,No,41,2,18,2,23,0,,,,,odd,Yes,,0,No,20.5,EVs (HeLA) + milk
11.51,826.67603,825.66864,"[M+H]+, [M+K]+, [M+Na]+, [M-H2O+H]+",Pos,bruker.bsf.mcube.client.ui.model.impl.BucketTableLine@41c2e291,TRUE,HexCer 18:2;O2/24:0;O,MS/MS match,"Lipid Species, Lipid Species, Lipid Species",,HexCer,HexCer,-0.631,-0.763,925.5,High confidence,4.1,305.7,1.502,1.4,No,,,C48H91NO9,No,42,2,18,2,24,0,,,,,even,Yes,,0,No,21,EVs (HeLA) + milk
11.77,840.69118,839.68389,"[M+H]+, [M+Na]+",Pos,bruker.bsf.mcube.client.ui.model.impl.BucketTableLine@510c071d,TRUE,HexCer 18:2;O2/25:0;O,MS/MS match,"Lipid Species, Lipid Species",,HexCer,HexCer,-1.129,-1.343,961.6,High confidence,20.8,309.4,1.52,1.6,No,,,C49H93NO9,No,43,2,18,2,25,0,,,,,odd,Yes,,0,No,21.5,EVs (HeLA) + milk
11.99,854.7077,853.70041,"[M+H]+, [M+Na]+",Pos,bruker.bsf.mcube.client.ui.model.impl.BucketTableLine@13d5ec2a,TRUE,HexCer 18:2;O2/26:0;O,MS/MS match,"Lipid Species, Lipid Species",,HexCer,HexCer,-0.265,-0.31,950,High confidence,9.7,311.6,1.531,1.4,No,,,C50H95NO9,No,44,2,18,2,26,0,,,,,even,Yes,,0,No,22,EVs (HeLA) + milk
4.62,712.53583,711.52856,[M+H]+,Pos,bruker.bsf.mcube.client.ui.model.impl.BucketTableLine@3ba62c62,TRUE,HexCer 18:3;O2/16:0;O,MS/MS match,"Lipid Species, Lipid Species",,HexCer,HexCer,0.023,0.033,890.2,High confidence,15,282.3,1.383,1.8,No,,,C40H73NO9,No,34,3,18,3,16,0,,,,,even,Yes,,0,No,11.33333333,EVs (HeLA) + milk
4.75,712.53563,711.52836,[M+H]+,Pos,bruker.bsf.mcube.client.ui.model.impl.BucketTableLine@1993517b,TRUE,HexCer 18:3;O2/16:0;O,MS/MS match,"Lipid Species, Lipid Species",,HexCer,HexCer,-0.175,-0.245,830.7,High confidence,5.8,283.9,1.391,2.4,No,,,C40H73NO9,No,34,3,18,3,16,0,,,,,even,Yes,,0,No,11.33333333,EVs (HeLA) + milk
6.52,740.56681,739.55953,[M+H]+,Pos,bruker.bsf.mcube.client.ui.model.impl.BucketTableLine@4169c333,TRUE,HexCer 18:3;O2/18:0;O,MS/MS match,"Lipid Species, Lipid Species, Lipid Species, Lipid Species",,HexCer,HexCer,-0.304,-0.41,715.7,High confidence,25,291.6,1.429,3.1,No,,,C42H77NO9,No,36,3,18,3,18,0,,,,,even,Yes,,0,No,12,EVs (HeLA) + milk
7.7,768.59752,767.59024,[M+H]+,Pos,bruker.bsf.mcube.client.ui.model.impl.BucketTableLine@3c3a8cf2,TRUE,HexCer 18:3;O2/20:0;O,MS/MS match,"Lipid Species, Lipid Species",,HexCer,HexCer,-0.891,-1.159,841.3,High confidence,26,296.9,1.456,2.9,No,,,C44H81NO9,No,38,3,18,3,20,0,,,,,even,Yes,,0,No,12.66666667,EVs (HeLA) + milk
2.53,540.33066,495.33246,[M+HCOO]-,Neg,bruker.bsf.mcube.client.ui.model.impl.BucketTableLine@74258698,TRUE,LPC 16:0,MS/MS match,"Lipid Species, Spectral Library - 1-MoNA LipidBlast 2022, Spectral Library - 1-MoNA LipidBlast 2022, Lipid Species",,LPC,LPC,-0.033,-0.061,883.2,High confidence,12,238.4,1.161,-0.2,,,,C24H50NO7P,No,16,0,16,0,,,,,,,even,No,,0,No,,HepG2 cells + PFAS
2.11,494.32398,493.3167,[M+H]+,Pos,bruker.bsf.mcube.client.ui.model.impl.BucketTableLine@4d109742,TRUE,LPC 16:1,MS/MS match,"Lipid Species, Spectral Library - 1-MoNA LipidBlast 2022, Spectral Library - 1-MoNA LipidBlast 2022",,LPC,LPC,-0.139,-0.281,615.1,High confidence,10,227.7,1.106,-0.2,,,,C24H48NO7P,No,16,1,16,1,,,,,,,even,No,,0,No,16,HepG2 cells + PFAS
1.97,494.32411,493.31683,[M+H]+,Pos,bruker.bsf.mcube.client.ui.model.impl.BucketTableLine@75955b24,TRUE,LPC 16:1,MS/MS match,"Lipid Species, Spectral Library - 1-MoNA LipidBlast 2022",,LPC,LPC,-0.006,-0.012,872,High confidence,20.6,228.8,1.112,0.3,,,,C24H48NO7P,No,16,1,16,1,,,,,,,even,No,,0,No,16,HepG2 cells + PFAS
3.33,524.37067,523.3634,[M+H]+,Pos,bruker.bsf.mcube.client.ui.model.impl.BucketTableLine@243971ba,TRUE,LPC 18:0,MS/MS match,"Lipid Species, Spectral Library - 1-MoNA LipidBlast 2022",,LPC,LPC,-0.392,-0.748,907.2,High confidence,6,242.1,1.178,1,,,,C26H54NO7P,No,18,0,18,0,,,,,,,even,No,,0,No,,HepG2 cells + PFAS
3.12,524.37132,523.36404,[M+H]+,Pos,bruker.bsf.mcube.client.ui.model.impl.BucketTableLine@6fe6a6e8,TRUE,LPC 18:0,MS/MS match,Lipid Species,,LPC,LPC,0.251,0.478,715,High confidence,1.6,242.9,1.182,1.4,No,,,C26H54NO7P,No,18,0,18,0,,,,,,,even,No,,0,No,,EVs (HeLA) + milk
3.14,546.35336,523.36414,[M+Na]+,Pos,bruker.bsf.mcube.client.ui.model.impl.BucketTableLine@7d76d4e2,TRUE,LPC 18:0,MS/MS match,Lipid Species,,LPC,LPC,0.351,0.642,787.2,High confidence,15.7,244.3,1.19,3.1,No,,,C26H54NO7P,No,18,0,18,0,,,,,,,even,No,,0,No,,EVs (HeLA) + milk
3.3,524.37082,523.36355,[M+H]+,Pos,bruker.bsf.mcube.client.ui.model.impl.BucketTableLine@55337370,TRUE,LPC 18:0,MS/MS match,"Lipid Species, Lipid Species, Spectral Library - 1-MoNA LipidBlast 2022",,LPC,LPC,-0.242,-0.461,733.1,High confidence,10.1,241.4,1.175,0.8,,,,C26H54NO7P,No,18,0,18,0,,,,,,,even,No,,0,No,,Snail brains
2.33,522.35527,521.348,"[M+H]+, [M+K]+, [M+Na]+",Pos,bruker.bsf.mcube.client.ui.model.impl.BucketTableLine@401109c5,TRUE,LPC 18:1,MS/MS match,Lipid Species,,LPC,LPC,-0.148,-0.284,755.3,High confidence,7,238.9,1.162,1.4,No,,,C26H52NO7P,No,18,1,18,1,,,,,,,even,No,,0,No,18,EVs (HeLA) + milk
2.86,566.34642,521.34821,[M+HCOO]-,Neg,bruker.bsf.mcube.client.ui.model.impl.BucketTableLine@5287ac40,TRUE,LPC 18:1,MS/MS match,"Lipid Species, Lipid Species, Spectral Library - 1-MoNA LipidBlast 2022",,LPC,LPC,0.075,0.132,968.7,High confidence,6.4,242.7,1.183,-0.4,,,,C26H52NO7P,No,18,1,18,1,,,,,,,even,No,,0,No,18,HepG2 cells + PFAS
2.63,522.35493,521.34765,[M+H]+,Pos,bruker.bsf.mcube.client.ui.model.impl.BucketTableLine@7c0306b8,TRUE,LPC 18:1,MS/MS match,"Lipid Species, Spectral Library - 1-MoNA LipidBlast 2022, Lipid Species",,LPC,LPC,-0.49,-0.938,897.4,High confidence,10.6,237.8,1.157,0.9,,,,C26H52NO7P,No,18,1,18,1,,,,,,,even,No,,0,No,18,Snail brains
2.8,566.34628,521.34808,[M+HCOO]-,Neg,bruker.bsf.mcube.client.ui.model.impl.BucketTableLine@4eb4fa2e,TRUE,LPC 18:1,MS/MS match,"Lipid Species, Lipid Species, Spectral Library - 1-MoNA LipidBlast 2022, Lipid Species, Spectral Library - 1-MoNA LipidBlast 2022, Lipid Species",,LPC,LPC,-0.062,-0.109,984.2,High confidence,17.6,242.5,1.182,-0.5,,,,C26H52NO7P,No,18,1,18,1,,,,,,,even,No,,0,No,18,Snail brains
2.32,520.33949,519.33222,[M+H]+,Pos,bruker.bsf.mcube.client.ui.model.impl.BucketTableLine@17d594ff,TRUE,LPC 18:2,MS/MS match,"Lipid Species, Spectral Library - 1-MoNA LipidBlast 2022",,LPC,LPC,-0.275,-0.528,547,High confidence,10.1,230.6,1.122,-0.5,,,,C26H50NO7P,No,18,2,18,2,,,,,,,even,Yes,,0,No,9,HepG2 cells + PFAS
2.17,520.33953,519.33225,[M+H]+,Pos,bruker.bsf.mcube.client.ui.model.impl.BucketTableLine@34853603,TRUE,LPC 18:2,MS/MS match,"Lipid Species, Spectral Library - 1-MoNA LipidBlast 2022",,LPC,LPC,-0.239,-0.459,907.6,High confidence,32.8,230.8,1.123,-0.4,,,,C26H50NO7P,No,18,2,18,2,,,,,,,even,Yes,,0,No,9,HepG2 cells + PFAS
1.77,520.33938,519.3321,[M+H]+,Pos,bruker.bsf.mcube.client.ui.model.impl.BucketTableLine@72b2df5b,TRUE,LPC 18:2,MS/MS match,Lipid Species,,LPC,LPC,-0.39,-0.749,811.1,High confidence,3.4,231.4,1.126,-0.1,No,,,C26H50NO7P,No,18,2,18,2,,,,,,,even,Yes,,0,No,9,EVs (HeLA) + milk
1.93,564.33051,519.33231,[M+HCOO]-,Neg,bruker.bsf.mcube.client.ui.model.impl.BucketTableLine@2d235b00,TRUE,LPC 18:2,MS/MS match,"Lipid Species, Lipid Species",,LPC,LPC,-0.184,-0.326,975.1,High confidence,1.1,240.8,1.174,-0.4,No,,,C26H50NO7P,No,18,2,18,2,,,,,,,even,Yes,,0,No,9,EVs (HeLA) + milk
4.22,596.39264,551.39443,[M+HCOO]-,Neg,bruker.bsf.mcube.client.ui.model.impl.BucketTableLine@5bbc121b,TRUE,LPC 20:0,MS/MS match,"Lipid Species, Lipid Species",,LPC,LPC,-0.655,-1.099,863.1,High confidence,14,253.7,1.238,0.4,No,,,C28H58NO7P,No,20,0,20,0,,,,,,,even,No,,0,No,,EVs (HeLA) + milk
3.23,550.3866,549.37933,[M+H]+,Pos,bruker.bsf.mcube.client.ui.model.impl.BucketTableLine@6516cd26,TRUE,LPC 20:1,MS/MS match,Lipid Species,,LPC,LPC,-0.114,-0.207,717.3,High confidence,10.6,244.2,1.19,0.4,No,,,C28H56NO7P,No,20,1,20,1,,,,,,,even,No,,0,No,20,EVs (HeLA) + milk
3.46,594.37747,549.37926,[M+HCOO]-,Neg,bruker.bsf.mcube.client.ui.model.impl.BucketTableLine@3ce8a782,TRUE,LPC 20:1,MS/MS match,"Lipid Species, Lipid Species",,LPC,LPC,-0.175,-0.295,842.2,High confidence,5.8,251.2,1.226,0.2,No,,,C28H56NO7P,No,20,1,20,1,,,,,,,even,No,,0,No,20,EVs (HeLA) + milk
2.12,588.33057,543.33237,[M+HCOO]-,Neg,bruker.bsf.mcube.client.ui.model.impl.BucketTableLine@69d07705,TRUE,LPC 20:4,MS/MS match,"Lipid Species, Spectral Library - 1-MoNA LipidBlast 2022, Spectral Library - 1-MoNA LipidBlast 2022, Lipid Species, Lipid Species, Lipid Species, Spectral Library - 1-MoNA LipidBlast 2022",,LPC,LPC,-0.122,-0.208,964.3,High confidence,13.9,243.6,1.189,-0.3,,,,C28H50NO7P,No,20,4,20,4,,,,,,,even,Yes,,0,No,5,Snail brains
1.74,542.32381,541.31653,[M+H]+,Pos,bruker.bsf.mcube.client.ui.model.impl.BucketTableLine@328c3562,TRUE,LPC 20:5,MS/MS match,"Lipid Species, Spectral Library - 1-MoNA LipidBlast 2022, Lipid Species, Spectral Library - 1-MoNA LipidBlast 2022, Spectral Library - 1-MoNA LipidBlast 2022",,LPC,LPC,-0.307,-0.565,894.4,High confidence,8.4,230.4,1.122,1.3,,,,C28H48NO7P,No,20,5,20,5,,,,,,,even,Yes,,0,No,4,Snail brains
2.64,572.37073,571.36346,[M+H]+,Pos,bruker.bsf.mcube.client.ui.model.impl.BucketTableLine@177c78c1,TRUE,LPC 22:4,MS/MS match,"Lipid Species, Spectral Library - 1-MoNA LipidBlast 2022, Lipid Species, Spectral Library - 1-MoNA LipidBlast 2022, Spectral Library - 1-MoNA LipidBlast 2022",,LPC,LPC,-0.332,-0.581,937.2,High confidence,8.7,241.9,1.179,1.2,,,,C30H54NO7P,No,22,4,22,4,,,,,,,even,Yes,,0,No,5.5,Snail brains
3.08,482.36124,481.35348,"[M+H]+, [2M+H]+, [M+Na]+",Pos,bruker.bsf.mcube.client.ui.model.impl.BucketTableLine@77296533,TRUE,LPC O-16:0,MS/MS match,"Lipid Species, Lipid Species",,LPC O-,LPC,0.738,1.53,604.6,High confidence,48.4,235.1,1.141,2.3,,,,C24H52NO6P,Yes,16,0,16,0,,,,,,,even,No,,0,No,,Snail brains
2.23,452.27811,453.28539,[M-H]-,Neg,bruker.bsf.mcube.client.ui.model.impl.BucketTableLine@e4ce859,TRUE,LPE 16:0,MS/MS match,Lipid Species,,LPE,LPE,-0.153,-0.339,968.3,High confidence,11.8,210.8,1.022,-0.2,No,,,C21H44NO7P,No,16,0,16,0,,,,,,,even,No,,0,No,,EVs (HeLA) + milk
2.45,452.27818,453.28545,[M-H]-,Neg,bruker.bsf.mcube.client.ui.model.impl.BucketTableLine@433efca6,TRUE,LPE 16:0,MS/MS match,Lipid Species,,LPE,LPE,-0.087,-0.193,978.9,High confidence,3.6,211.6,1.025,0.1,No,,,C21H44NO7P,No,16,0,16,0,,,,,,,even,No,,0,No,,EVs (HeLA) + milk
2.42,454.29243,453.28515,[M+H]+,Pos,bruker.bsf.mcube.client.ui.model.impl.BucketTableLine@7d709a51,TRUE,LPE 16:0,MS/MS match,Lipid Species,,LPE,LPE,-0.385,-0.848,845.3,High confidence,3.5,216.5,1.049,0.8,No,,,C21H44NO7P,No,16,0,16,0,,,,,,,even,No,,0,No,,EVs (HeLA) + milk
2.59,454.29278,453.2855,[M+H]+,Pos,bruker.bsf.mcube.client.ui.model.impl.BucketTableLine@775e5ffa,TRUE,LPE 16:0,MS/MS match,"Lipid Species, Spectral Library - 1-MoNA LipidBlast 2022, Lipid Species, Spectral Library - 1-MoNA LipidBlast 2022",,LPE,LPE,-0.041,-0.09,940.8,High confidence,3.9,220,1.066,2.4,,,,C21H44NO7P,No,16,0,16,0,,,,,,,even,No,,0,No,,HepG2 cells + PFAS
3.02,466.29381,467.30109,[M-H]-,Neg,bruker.bsf.mcube.client.ui.model.impl.BucketTableLine@703140e2,TRUE,LPE 17:0,MS/MS match,"Lipid Species, Spectral Library - 1-MoNA LipidBlast 2022, Lipid Species",,LPE,LPE,-0.104,-0.222,930.1,High confidence,13.1,214.8,1.042,0,,,,C22H46NO7P,No,17,0,17,0,,,,,,,odd,No,,0,No,,Snail brains
3.41,482.32414,481.31687,[M+H]+,Pos,bruker.bsf.mcube.client.ui.model.impl.BucketTableLine@760f84d6,TRUE,LPE 18:0,MS/MS match,Lipid Species,,LPE,LPE,0.025,0.053,733.7,High confidence,3.7,224.5,1.09,1.5,No,,,C23H48NO7P,No,18,0,18,0,,,,,,,even,No,,0,No,,EVs (HeLA) + milk
3.41,480.30956,481.31684,[M-H]-,Neg,bruker.bsf.mcube.client.ui.model.impl.BucketTableLine@579a6fbd,TRUE,LPE 18:0,MS/MS match,"Lipid Species, Spectral Library - 1-MoNA LipidBlast 2022, Lipid Species",,LPE,LPE,-0.005,-0.01,973.5,High confidence,19.7,218.5,1.061,0.1,,,,C23H48NO7P,No,18,0,18,0,,,,,,,even,No,,0,No,,Snail brains
3.59,480.30961,481.31682,"[M-H]-, [M+Na+COO]-",Neg,bruker.bsf.mcube.client.ui.model.impl.BucketTableLine@441d81ef,TRUE,LPE 18:0,MS/MS match,"Lipid Species, Spectral Library - 1-MoNA LipidBlast 2022, Lipid Species",,LPE,LPE,0.043,0.09,983.5,High confidence,1.8,218.9,1.063,0.2,,,,C23H48NO7P,No,18,0,18,0,,,,,,,even,No,,0,No,,Snail brains
2.42,478.29365,479.30093,[M-H]-,Neg,bruker.bsf.mcube.client.ui.model.impl.BucketTableLine@2a464325,TRUE,LPE 18:1,MS/MS match,Lipid Species,,LPE,LPE,-0.264,-0.551,981.2,High confidence,5.6,215.6,1.046,-0.4,No,,,C23H46NO7P,No,18,1,18,1,,,,,,,even,No,,0,No,18,EVs (HeLA) + milk
2.62,478.29371,479.30102,"[M-H]-, [M+Na+COO]-",Neg,bruker.bsf.mcube.client.ui.model.impl.BucketTableLine@6ccef44e,TRUE,LPE 18:1,MS/MS match,Lipid Species,,LPE,LPE,-0.201,-0.419,973.3,High confidence,2.3,215.6,1.046,-0.4,No,,,C23H46NO7P,No,18,1,18,1,,,,,,,even,No,,0,No,18,EVs (HeLA) + milk
2.61,480.30823,479.30095,[M+H]+,Pos,bruker.bsf.mcube.client.ui.model.impl.BucketTableLine@3f00992c,TRUE,LPE 18:1,MS/MS match,Lipid Species,,LPE,LPE,-0.239,-0.497,769.2,High confidence,3.5,217.8,1.057,-0.5,No,,,C23H46NO7P,No,18,1,18,1,,,,,,,even,No,,0,No,18,EVs (HeLA) + milk
2.92,480.30838,479.3011,[M+H]+,Pos,bruker.bsf.mcube.client.ui.model.impl.BucketTableLine@7875a59f,TRUE,LPE 18:1,MS/MS match,"Lipid Species, Spectral Library - 1-MoNA LipidBlast 2022",,LPE,LPE,-0.086,-0.178,775.4,High confidence,32.7,218.6,1.061,-0.1,,,,C23H46NO7P,No,18,1,18,1,,,,,,,even,No,,0,No,18,HepG2 cells + PFAS
2.4,480.30804,479.30077,[M+H]+,Pos,bruker.bsf.mcube.client.ui.model.impl.BucketTableLine@74ffe9b5,TRUE,LPE 18:1,MS/MS match,Lipid Species,,LPE,LPE,-0.422,-0.879,976.8,High confidence,28.5,220.3,1.069,0.7,No,,,C23H46NO7P,No,18,1,18,1,,,,,,,even,No,,0,No,18,EVs (HeLA) + milk
2.86,480.30833,479.30106,[M+H]+,Pos,bruker.bsf.mcube.client.ui.model.impl.BucketTableLine@38fa0202,TRUE,LPE 18:1,MS/MS match,"Lipid Species, Spectral Library - 1-MoNA LipidBlast 2022, Lipid Species",,LPE,LPE,-0.133,-0.276,852.2,High confidence,6.1,217.5,1.056,-0.6,,,,C23H46NO7P,No,18,1,18,1,,,,,,,even,No,,0,No,18,Snail brains
1.97,478.29303,477.28575,[M+H]+,Pos,bruker.bsf.mcube.client.ui.model.impl.BucketTableLine@5e60f97d,TRUE,LPE 18:2,MS/MS match,Lipid Species,,LPE,LPE,0.213,0.445,883.6,High confidence,6.9,212.9,1.033,-1.7,No,,,C23H44NO7P,No,18,2,18,2,,,,,,,even,Yes,,0,No,9,EVs (HeLA) + milk
1.99,476.27812,477.2854,[M-H]-,Neg,bruker.bsf.mcube.client.ui.model.impl.BucketTableLine@50f8ad09,TRUE,LPE 18:2,MS/MS match,Lipid Species,,LPE,LPE,-0.141,-0.295,978.5,High confidence,1.5,213.1,1.034,-0.7,No,,,C23H44NO7P,No,18,2,18,2,,,,,,,even,Yes,,0,No,9,EVs (HeLA) + milk
1.83,478.29253,477.28526,[M+H]+,Pos,bruker.bsf.mcube.client.ui.model.impl.BucketTableLine@4cb8241b,TRUE,LPE 18:2,MS/MS match,Lipid Species,,LPE,LPE,-0.283,-0.592,934.3,High confidence,7.1,214.5,1.041,-0.9,No,,,C23H44NO7P,No,18,2,18,2,,,,,,,even,Yes,,0,No,9,EVs (HeLA) + milk
3.85,494.32508,495.33236,[M-H]-,Neg,bruker.bsf.mcube.client.ui.model.impl.BucketTableLine@1cece2a8,TRUE,LPE 19:0,MS/MS match,"Lipid Species, Spectral Library - 1-MoNA LipidBlast 2022, Lipid Species",,LPE,LPE,-0.133,-0.27,976.8,High confidence,8.1,221.8,1.078,0,,,,C24H50NO7P,No,19,0,19,0,,,,,,,odd,No,,0,No,,Snail brains
3.33,506.32468,507.33196,[M-H]-,Neg,bruker.bsf.mcube.client.ui.model.impl.BucketTableLine@7bf27f52,TRUE,LPE 20:1,MS/MS match,Lipid Species,,LPE,LPE,-0.529,-1.044,793.9,High confidence,∞,222.9,1.084,-0.3,No,,,C25H50NO7P,No,20,1,20,1,,,,,,,even,No,,0,No,20,EVs (HeLA) + milk
3.54,506.32494,507.33222,[M-H]-,Neg,bruker.bsf.mcube.client.ui.model.impl.BucketTableLine@65699cef,TRUE,LPE 20:1,MS/MS match,Lipid Species,,LPE,LPE,-0.269,-0.532,984,High confidence,4,223.8,1.088,0.1,No,,,C25H50NO7P,No,20,1,20,1,,,,,,,even,No,,0,No,20,EVs (HeLA) + milk
3.52,508.33977,507.33249,[M+H]+,Pos,bruker.bsf.mcube.client.ui.model.impl.BucketTableLine@4d8d109e,TRUE,LPE 20:1,MS/MS match,Lipid Species,,LPE,LPE,-0.001,-0.001,810,High confidence,35.3,226.6,1.102,0.6,No,,,C25H50NO7P,No,20,1,20,1,,,,,,,even,No,,0,No,20,EVs (HeLA) + milk
2.84,504.30917,505.31644,[M-H]-,Neg,bruker.bsf.mcube.client.ui.model.impl.BucketTableLine@209479ed,TRUE,LPE 20:2,MS/MS match,Lipid Species,,LPE,LPE,-0.397,-0.786,791.6,High confidence,30.6,221.2,1.075,-0.1,No,,,C25H48NO7P,No,20,2,20,2,,,,,,,even,Yes,,0,No,10,EVs (HeLA) + milk
3.1,504.30954,505.31682,[M-H]-,Neg,bruker.bsf.mcube.client.ui.model.impl.BucketTableLine@7868b672,TRUE,LPE 20:2,MS/MS match,"Lipid Species, Spectral Library - 1-MoNA LipidBlast 2022, Lipid Species",,LPE,LPE,-0.022,-0.043,945.2,High confidence,1.9,220.7,1.073,-0.4,,,,C25H48NO7P,No,20,2,20,2,,,,,,,even,Yes,,0,No,10,Snail brains
2.31,504.30829,503.30101,[M+H]+,Pos,bruker.bsf.mcube.client.ui.model.impl.BucketTableLine@2536e5fa,TRUE,LPE 20:3,MS/MS match,"Lipid Species, Lipid Species",,LPE,LPE,-0.175,-0.347,674,High confidence,5.6,219.2,1.065,-0.6,No,,,C25H46NO7P,No,20,3,20,3,,,,,,,even,Yes,,0,No,6.666666667,EVs (HeLA) + milk
2.15,502.29379,503.30107,[M-H]-,Neg,bruker.bsf.mcube.client.ui.model.impl.BucketTableLine@74a93d92,TRUE,LPE 20:3,MS/MS match,Lipid Species,,LPE,LPE,-0.123,-0.245,961.7,High confidence,5.3,219.5,1.067,0,No,,,C25H46NO7P,No,20,3,20,3,,,,,,,even,Yes,,0,No,6.666666667,EVs (HeLA) + milk
2.14,504.30846,503.30119,[M+H]+,Pos,bruker.bsf.mcube.client.ui.model.impl.BucketTableLine@3cf19c94,TRUE,LPE 20:3,MS/MS match,Lipid Species,,LPE,LPE,-0.003,-0.005,862,High confidence,8.2,220.9,1.073,0.2,No,,,C25H46NO7P,No,20,3,20,3,,,,,,,even,Yes,,0,No,6.666666667,EVs (HeLA) + milk
2.59,504.30832,503.30104,[M+H]+,Pos,bruker.bsf.mcube.client.ui.model.impl.BucketTableLine@77d398fe,TRUE,LPE 20:3,MS/MS match,"Lipid Species, Spectral Library - 1-MoNA LipidBlast 2022, Lipid Species, Spectral Library - 1-MoNA LipidBlast 2022, Spectral Library - 1-MoNA LipidBlast 2022, Lipid Species, Lipid Species",,LPE,LPE,-0.147,-0.291,718.3,High confidence,20.4,216.9,1.054,-1.6,,,,C25H46NO7P,No,20,3,20,3,,,,,,,even,Yes,,0,No,6.666666667,Snail brains
1.88,502.29265,501.28537,[M+H]+,Pos,bruker.bsf.mcube.client.ui.model.impl.BucketTableLine@5247acaa,TRUE,LPE 20:4,MS/MS match,"Lipid Species, Lipid Species",,LPE,LPE,-0.17,-0.338,843.5,High confidence,2.2,216.7,1.053,-0.6,No,,,C25H44NO7P,No,20,4,20,4,,,,,,,even,Yes,,0,No,5,EVs (HeLA) + milk
2.21,500.27834,501.28562,[M-H]-,Neg,bruker.bsf.mcube.client.ui.model.impl.BucketTableLine@10a1e96b,TRUE,LPE 20:4,MS/MS match,"Lipid Species, Spectral Library - 1-MoNA LipidBlast 2022",,LPE,LPE,0.079,0.158,939.1,High confidence,13.6,217.7,1.058,0,,,,C25H44NO7P,No,20,4,20,4,,,,,,,even,Yes,,0,No,5,HepG2 cells + PFAS
1.89,500.27801,501.28529,[M-H]-,Neg,bruker.bsf.mcube.client.ui.model.impl.BucketTableLine@3dcfd4d6,TRUE,LPE 20:4,MS/MS match,Lipid Species,,LPE,LPE,-0.254,-0.507,927.2,High confidence,6,217.9,1.059,0.1,No,,,C25H44NO7P,No,20,4,20,4,,,,,,,even,Yes,,0,No,5,EVs (HeLA) + milk
1.77,502.29288,501.2856,[M+H]+,Pos,bruker.bsf.mcube.client.ui.model.impl.BucketTableLine@1d91965f,TRUE,LPE 20:4,MS/MS match,Lipid Species,,LPE,LPE,0.064,0.128,959.2,High confidence,6.8,218.4,1.061,0.2,No,,,C25H44NO7P,No,20,4,20,4,,,,,,,even,Yes,,0,No,5,EVs (HeLA) + milk
2.15,502.29264,501.28537,[M+H]+,Pos,bruker.bsf.mcube.client.ui.model.impl.BucketTableLine@19eb7bc8,TRUE,LPE 20:4,MS/MS match,"Lipid Species, Spectral Library - 1-MoNA LipidBlast 2022, Lipid Species",,LPE,LPE,-0.175,-0.348,909.2,High confidence,5.6,218.5,1.062,0.2,,,,C25H44NO7P,No,20,4,20,4,,,,,,,even,Yes,,0,No,5,Snail brains
3.77,532.34044,533.34771,[M-H]-,Neg,bruker.bsf.mcube.client.ui.model.impl.BucketTableLine@565f5f9e,TRUE,LPE 22:2,MS/MS match,Lipid Species,,LPE,LPE,-0.426,-0.8,746.1,High confidence,6.2,228.6,1.113,0,No,,,C27H52NO7P,No,22,2,22,2,,,,,,,even,Yes,,0,No,11,EVs (HeLA) + milk
3.75,534.35502,533.34775,[M+H]+,Pos,bruker.bsf.mcube.client.ui.model.impl.BucketTableLine@2bf3e383,TRUE,LPE 22:2,MS/MS match,Lipid Species,,LPE,LPE,-0.392,-0.734,674.5,High confidence,10.7,232.1,1.13,1.3,No,,,C27H52NO7P,No,22,2,22,2,,,,,,,even,Yes,,0,No,11,EVs (HeLA) + milk
3.76,532.34059,533.34787,[M-H]-,Neg,bruker.bsf.mcube.client.ui.model.impl.BucketTableLine@6284966,TRUE,LPE 22:2,MS/MS match,"Lipid Species, Lipid Species, Spectral Library - 1-MoNA LipidBlast 2022",,LPE,LPE,-0.275,-0.516,887.2,High confidence,37.7,228.5,1.112,0,,,,C27H52NO7P,No,22,2,22,2,,,,,,,even,Yes,,0,No,11,Snail brains
2.57,530.32342,529.31614,[M+H]+,Pos,bruker.bsf.mcube.client.ui.model.impl.BucketTableLine@3b56207a,TRUE,LPE 22:4,MS/MS match,Lipid Species,,LPE,LPE,-0.7,-1.32,738.9,High confidence,9.3,223.9,1.09,-0.2,No,,,C27H48NO7P,No,22,4,22,4,,,,,,,even,Yes,,0,No,5.5,EVs (HeLA) + milk
2.55,528.3093,529.31657,[M-H]-,Neg,bruker.bsf.mcube.client.ui.model.impl.BucketTableLine@1d9652b9,TRUE,LPE 22:4,MS/MS match,Lipid Species,,LPE,LPE,-0.267,-0.505,973.8,High confidence,5.9,224.3,1.091,-0.2,No,,,C27H48NO7P,No,22,4,22,4,,,,,,,even,Yes,,0,No,5.5,EVs (HeLA) + milk
2.36,528.30944,529.31671,[M-H]-,Neg,bruker.bsf.mcube.client.ui.model.impl.BucketTableLine@37a29e0a,TRUE,LPE 22:4,MS/MS match,Lipid Species,,LPE,LPE,-0.126,-0.239,912.7,High confidence,40,224.4,1.092,-0.2,No,,,C27H48NO7P,No,22,4,22,4,,,,,,,even,Yes,,0,No,5.5,EVs (HeLA) + milk
2.74,528.30945,529.31673,[M-H]-,Neg,bruker.bsf.mcube.client.ui.model.impl.BucketTableLine@6d0921cc,TRUE,LPE 22:4,MS/MS match,"Lipid Species, Lipid Species, Spectral Library - 1-MoNA LipidBlast 2022",,LPE,LPE,-0.109,-0.207,954,High confidence,14.9,223.8,1.089,-0.4,,,,C27H48NO7P,No,22,4,22,4,,,,,,,even,Yes,,0,No,5.5,Snail brains
2.01,528.30822,527.30094,[M+H]+,Pos,bruker.bsf.mcube.client.ui.model.impl.BucketTableLine@7344ac3c,TRUE,LPE 22:5,MS/MS match,Lipid Species,,LPE,LPE,-0.246,-0.466,816.9,High confidence,16.9,220.6,1.073,-0.6,No,,,C27H46NO7P,No,22,5,22,5,,,,,,,even,Yes,,0,No,4.4,EVs (HeLA) + milk
2.04,526.29375,527.30102,[M-H]-,Neg,bruker.bsf.mcube.client.ui.model.impl.BucketTableLine@42332aaa,TRUE,LPE 22:5,MS/MS match,Lipid Species,,LPE,LPE,-0.167,-0.317,958.6,High confidence,5.6,222.7,1.084,0,No,,,C27H46NO7P,No,22,5,22,5,,,,,,,even,Yes,,0,No,4.4,EVs (HeLA) + milk
1.88,528.3081,527.30082,[M+H]+,Pos,bruker.bsf.mcube.client.ui.model.impl.BucketTableLine@74d586bd,TRUE,LPE 22:5,MS/MS match,Lipid Species,,LPE,LPE,-0.368,-0.696,890,High confidence,34.2,223.1,1.086,0.5,No,,,C27H46NO7P,No,22,5,22,5,,,,,,,even,Yes,,0,No,4.4,EVs (HeLA) + milk
1.79,526.29272,525.28544,[M+H]+,Pos,bruker.bsf.mcube.client.ui.model.impl.BucketTableLine@1658d074,TRUE,LPE 22:6,MS/MS match,Lipid Species,,LPE,LPE,-0.097,-0.184,675.5,High confidence,7.5,219.8,1.069,0.1,No,,,C27H44NO7P,No,22,6,22,6,,,,,,,even,Yes,,0,No,3.666666667,EVs (HeLA) + milk
1.78,524.27816,525.28543,[M-H]-,Neg,bruker.bsf.mcube.client.ui.model.impl.BucketTableLine@6745c55d,TRUE,LPE 22:6,MS/MS match,Lipid Species,,LPE,LPE,-0.106,-0.203,759.3,High confidence,9.3,221.9,1.079,0.5,No,,,C27H44NO7P,No,22,6,22,6,,,,,,,even,Yes,,0,No,3.666666667,EVs (HeLA) + milk
2.82,436.28317,437.29044,[M-H]-,Neg,bruker.bsf.mcube.client.ui.model.impl.BucketTableLine@1666393b,TRUE,LPE O-16:1,MS/MS match,Lipid Species,,LPE O-,LPE,-0.182,-0.418,690.6,High confidence,2.3,210.1,1.017,,No,,,C21H44NO6P,Yes,16,1,16,1,,,,,,,even,No,,0,No,16,EVs (HeLA) + milk
3.08,436.2834,437.29067,[M-H]-,Neg,bruker.bsf.mcube.client.ui.model.impl.BucketTableLine@74805e17,TRUE,LPE O-16:1,MS/MS match,"Lipid Species, Lipid Species, Spectral Library - 1-MoNA LipidBlast 2022",,LPE O-,LPE,0.047,0.107,676.7,High confidence,2.1,210.2,1.018,,,,,C21H44NO6P,Yes,16,1,16,1,,,,,,,even,No,,0,No,16,Snail brains
3.78,464.31449,465.32155,"[M-H]-, [M+Na+COO]-",Neg,bruker.bsf.mcube.client.ui.model.impl.BucketTableLine@4e66180f,TRUE,LPE O-18:1,MS/MS match,Lipid Species,,LPE O-,LPE,-0.155,-0.335,724.8,High confidence,1.8,217.5,1.055,,No,,,C23H48NO6P,Yes,18,1,18,1,,,,,,,even,No,,0,No,18,EVs (HeLA) + milk
2.98,462.29889,463.30617,[M-H]-,Neg,bruker.bsf.mcube.client.ui.model.impl.BucketTableLine@b2c02d,TRUE,LPE O-18:2,MS/MS match,Lipid Species,,LPE O-,LPE,-0.105,-0.227,657.2,High confidence,1.4,214.9,1.042,,No,,,C23H46NO6P,Yes,18,2,18,2,,,,,,,even,Yes,,0,No,9,EVs (HeLA) + milk
2.74,599.31995,600.32723,[M-H]-,Neg,bruker.bsf.mcube.client.ui.model.impl.BucketTableLine@78d69d27,TRUE,LPI 18:0,MS/MS match,"Lipid Species, Lipid Species, Spectral Library - 1-MoNA LipidBlast 2022",,LPI,LPI,-0.238,-0.396,669.8,High confidence,11.6,240,1.172,,,,,C27H53O12P,No,18,0,18,0,,,,,,,even,No,,0,No,,Snail brains
6.03,722.49719,677.49899,[M+HCOO]-,Neg,bruker.bsf.mcube.client.ui.model.impl.BucketTableLine@17b5f7b9,TRUE,PC 14:0/14:0,MS/MS match,"Lipid Species, Lipid Species",,PC,PC,-0.569,-0.787,922.7,High confidence,8.5,278,1.362,0.1,No,,,C36H72NO8P,No,28,0,14,0,14,0,,,,,even,No,,0,No,,EVs (HeLA) + milk
6.1,722.49778,677.49958,[M+HCOO]-,Neg,bruker.bsf.mcube.client.ui.model.impl.BucketTableLine@3da4662b,TRUE,PC 14:0/14:0,MS/MS match,"Lipid Species, Spectral Library - 1-MoNA LipidBlast 2022, Lipid Species, Lipid Species, Lipid Species",,PC,PC,0.022,0.031,948.4,High confidence,12.7,277.9,1.361,0,,,,C36H72NO8P,No,28,0,14,0,14,0,,,,,even,No,,0,No,,Snail brains
6.51,736.5126,691.5144,[M+HCOO]-,Neg,bruker.bsf.mcube.client.ui.model.impl.BucketTableLine@2915453a,TRUE,PC 14:0_15:0,MS/MS match,"Lipid Species, Lipid Species",,PC,PC,-0.805,-1.093,974.5,High confidence,26.9,281.1,1.378,0.2,No,,,C37H74NO8P,No,29,0,14,0,15,0,,,,,odd,No,,0,No,,EVs (HeLA) + milk
6.24,748.51328,703.51507,[M+HCOO]-,Neg,bruker.bsf.mcube.client.ui.model.impl.BucketTableLine@633adf19,TRUE,PC 14:0_16:1,MS/MS match,"Lipid Species, Lipid Species, Lipid Species, Lipid Species, Spectral Library - 1-MoNA LipidBlast 2022",,PC,PC,-0.132,-0.176,956.3,High confidence,82.9,281.7,1.381,-0.1,,,,C38H74NO8P,No,30,1,14,0,16,1,,,,,even,No,,0,No,30,Snail brains
5.86,772.51336,727.51516,[M+HCOO]-,Neg,bruker.bsf.mcube.client.ui.model.impl.BucketTableLine@41d09e4d,TRUE,PC 14:0_18:3,MS/MS match,"Lipid Species, Spectral Library - 1-MoNA LipidBlast 2022, Spectral Library - 1-MoNA LipidBlast 2022, Spectral Library - 1-MoNA LipidBlast 2022, Lipid Species, Spectral Library - 1-MoNA LipidBlast 2022, Lipid Species, Lipid Species",,PC,PC,-0.05,-0.065,950.2,High confidence,9.2,284.4,1.395,-0.2,,,,C40H74NO8P,No,32,3,14,0,18,3,,,,,even,Yes,,0,No,10.66666667,Snail brains
6.37,754.53759,753.53025,"[M+H]+, [M+K]+, [M+Na]+",Pos,bruker.bsf.mcube.client.ui.model.impl.BucketTableLine@1a678822,TRUE,PC 14:0_20:4,MS/MS match,"Lipid Species, Spectral Library - 1-MoNA LipidBlast 2022, Lipid Species, Spectral Library - 1-MoNA LipidBlast 2022, Spectral Library - 1-MoNA LipidBlast 2022, Spectral Library - 1-MoNA LipidBlast 2022, Spectral Library - 1-MoNA LipidBlast 2022, Spectral Library - 1-MoNA LipidBlast 2022, Spectral Library - 1-MoNA LipidBlast 2022, Spectral Library - 1-MoNA LipidBlast 2022, Spectral Library - 1-MoNA LipidBlast 2022, Spectral Library - 1-MoNA LipidBlast 2022, Spectral Library - 1-MoNA LipidBlast 2022",,PC,PC,-0.537,-0.712,961.3,High confidence,5.7,287.9,1.412,1.4,,,,C42H76NO8P,No,34,4,14,0,20,4,,,,,even,Yes,,0,No,8.5,HepG2 cells + PFAS
6.34,798.52877,753.53057,[M+HCOO]-,Neg,bruker.bsf.mcube.client.ui.model.impl.BucketTableLine@30124c75,TRUE,PC 14:0_20:4,MS/MS match,"Lipid Species, Lipid Species, Spectral Library - 1-MoNA LipidBlast 2022, Lipid Species, Lipid Species",,PC,PC,-0.284,-0.356,942,High confidence,9.9,289.2,1.42,0,,,,C42H76NO8P,No,34,4,14,0,20,4,,,,,even,Yes,,0,No,8.5,Snail brains
5.76,796.51335,751.51515,[M+HCOO]-,Neg,bruker.bsf.mcube.client.ui.model.impl.BucketTableLine@49a4dac7,TRUE,PC 14:0_20:5,MS/MS match,"Lipid Species, Spectral Library - 1-MoNA LipidBlast 2022, Lipid Species, Spectral Library - 1-MoNA LipidBlast 2022, Spectral Library - 1-MoNA LipidBlast 2022, Spectral Library - 1-MoNA LipidBlast 2022, Spectral Library - 1-MoNA LipidBlast 2022, Lipid Species, Lipid Species",,PC,PC,-0.059,-0.074,972.4,High confidence,8.4,287.4,1.411,-0.1,,,,C42H74NO8P,No,34,5,14,0,20,5,,,,,even,Yes,,0,No,6.8,Snail brains
7.47,764.54419,719.54599,[M+HCOO]-,Neg,bruker.bsf.mcube.client.ui.model.impl.BucketTableLine@1fc5eb93,TRUE,PC 15:0_16:0,MS/MS match,"Lipid Species, Lipid Species, Lipid Species",,PC,PC,-0.515,-0.673,935.5,High confidence,12.1,286,1.403,-0.1,No,,,C39H78NO8P,No,31,0,15,0,16,0,,,,,odd,No,,0,No,,EVs (HeLA) + milk
8.33,734.56902,733.56174,[M+H]+,Pos,bruker.bsf.mcube.client.ui.model.impl.BucketTableLine@47c04042,TRUE,PC 16:0/16:0,MS/MS match,"Lipid Species, Lipid Species",,PC,PC,-0.413,-0.563,943.9,High confidence,7.7,289.3,1.418,1.2,No,,,C40H80NO8P,No,32,0,16,0,16,0,,,,,even,No,,0,No,,EVs (HeLA) + milk
8.68,778.56094,733.56274,[M+HCOO]-,Neg,bruker.bsf.mcube.client.ui.model.impl.BucketTableLine@7ee454ec,TRUE,PC 16:0/16:0,MS/MS match,"Lipid Species, Lipid Species, Spectral Library - 1-MoNA LipidBlast 2022, Lipid Species",,PC,PC,0.581,0.747,926.1,High confidence,45.5,289.3,1.419,0.1,,,,C40H80NO8P,No,32,0,16,0,16,0,,,,,even,No,,0,No,,HepG2 cells + PFAS
8.35,778.55976,733.56155,[M+HCOO]-,Neg,bruker.bsf.mcube.client.ui.model.impl.BucketTableLine@22b511c9,TRUE,PC 16:0/16:0,MS/MS match,"Lipid Species, Lipid Species",,PC,PC,-0.603,-0.774,947.1,High confidence,17.8,289.5,1.42,0.1,No,,,C40H80NO8P,No,32,0,16,0,16,0,,,,,even,No,,0,No,,EVs (HeLA) + milk
8.13,778.55974,733.56153,[M+HCOO]-,Neg,bruker.bsf.mcube.client.ui.model.impl.BucketTableLine@36d6a505,TRUE,PC 16:0/16:0,MS/MS match,"Lipid Species, Lipid Species",,PC,PC,-0.622,-0.799,747.4,High confidence,11,289.6,1.421,0.2,No,,,C40H80NO8P,No,32,0,16,0,16,0,,,,,even,No,,0,No,,EVs (HeLA) + milk
8.6,778.55974,733.56153,[M+HCOO]-,Neg,bruker.bsf.mcube.client.ui.model.impl.BucketTableLine@61634989,TRUE,PC 16:0/16:0,MS/MS match,"Lipid Species, Spectral Library - 1-MoNA LipidBlast 2022, Lipid Species, Lipid Species, Lipid Species",,PC,PC,-0.623,-0.8,889.2,High confidence,20.9,288.5,1.415,-0.2,,,,C40H80NO8P,No,32,0,16,0,16,0,,,,,even,No,,0,No,,Snail brains
7.34,776.54438,731.54617,[M+HCOO]-,Neg,bruker.bsf.mcube.client.ui.model.impl.BucketTableLine@b179473,TRUE,PC 16:0_16:1,MS/MS match,"Lipid Species, Lipid Species, Lipid Species",,PC,PC,-0.332,-0.427,899.8,High confidence,5.5,287.4,1.41,-0.1,No,,,C40H78NO8P,No,32,1,16,0,16,1,,,,,even,No,,0,No,32,EVs (HeLA) + milk
7.21,776.54409,731.54588,[M+HCOO]-,Neg,bruker.bsf.mcube.client.ui.model.impl.BucketTableLine@5046438b,TRUE,PC 16:0_16:1,MS/MS match,"Lipid Species, Lipid Species",,PC,PC,-0.622,-0.801,973.6,High confidence,5.1,287.8,1.412,0,No,,,C40H78NO8P,No,32,1,16,0,16,1,,,,,even,No,,0,No,32,EVs (HeLA) + milk
7.4,776.54495,731.54674,[M+HCOO]-,Neg,bruker.bsf.mcube.client.ui.model.impl.BucketTableLine@76915337,TRUE,PC 16:0_16:1,MS/MS match,"Lipid Species, Spectral Library - 1-MoNA LipidBlast 2022, Spectral Library - 1-MoNA LipidBlast 2022, Spectral Library - 1-MoNA LipidBlast 2022, Lipid Species, Spectral Library - 1-MoNA LipidBlast 2022, Spectral Library - 1-MoNA LipidBlast 2022, Spectral Library - 1-MoNA LipidBlast 2022, Spectral Library - 1-MoNA LipidBlast 2022, Spectral Library - 1-MoNA LipidBlast 2022, Spectral Library - 1-MoNA LipidBlast 2022, Spectral Library - 1-MoNA LipidBlast 2022, Lipid Species, Spectral Library - 1-MoNA LipidBlast 2022",,PC,PC,0.238,0.306,917.2,High confidence,26.3,288.1,1.413,0.1,,,,C40H78NO8P,No,32,1,16,0,16,1,,,,,even,No,,0,No,32,HepG2 cells + PFAS
7.36,776.54466,731.54645,[M+HCOO]-,Neg,bruker.bsf.mcube.client.ui.model.impl.BucketTableLine@4dbc33b5,TRUE,PC 16:0_16:1,MS/MS match,"Lipid Species, Lipid Species, Spectral Library - 1-MoNA LipidBlast 2022, Lipid Species, Spectral Library - 1-MoNA LipidBlast 2022, Spectral Library - 1-MoNA LipidBlast 2022, Spectral Library - 1-MoNA LipidBlast 2022, Spectral Library - 1-MoNA LipidBlast 2022, Spectral Library - 1-MoNA LipidBlast 2022, Spectral Library - 1-MoNA LipidBlast 2022, Spectral Library - 1-MoNA LipidBlast 2022, Spectral Library - 1-MoNA LipidBlast 2022, Lipid Species, Lipid Species, Spectral Library - 1-MoNA LipidBlast 2022, Spectral Library - 1-MoNA LipidBlast 2022, Lipid Species",,PC,PC,-0.051,-0.066,943.2,High confidence,3.7,287.6,1.411,0,,,,C40H78NO8P,No,32,1,16,0,16,1,,,,,even,No,,0,No,32,Snail brains
9.21,792.57614,747.57794,[M+HCOO]-,Neg,bruker.bsf.mcube.client.ui.model.impl.BucketTableLine@759814ee,TRUE,PC 16:0_17:0,MS/MS match,"Lipid Species, Spectral Library - 1-MoNA LipidBlast 2022, Spectral Library - 1-MoNA LipidBlast 2022, Spectral Library - 1-MoNA LipidBlast 2022, Spectral Library - 1-MoNA LipidBlast 2022, Spectral Library - 1-MoNA LipidBlast 2022, Spectral Library - 1-MoNA LipidBlast 2022, Lipid Species",,PC,PC,0.131,0.165,905.5,High confidence,31.3,291.5,1.431,-0.1,,,,C41H82NO8P,No,33,0,16,0,17,0,,,,,odd,No,,0,No,,HepG2 cells + PFAS
9.06,792.5752,747.577,[M+HCOO]-,Neg,bruker.bsf.mcube.client.ui.model.impl.BucketTableLine@14284fc9,TRUE,PC 16:0_17:0,MS/MS match,"Lipid Species, Lipid Species, Lipid Species",,PC,PC,-0.807,-1.018,901.4,High confidence,8.4,292.9,1.438,0.4,No,,,C41H82NO8P,No,33,0,16,0,17,0,,,,,odd,No,,0,No,,EVs (HeLA) + milk
9.13,792.57581,747.57761,[M+HCOO]-,Neg,bruker.bsf.mcube.client.ui.model.impl.BucketTableLine@5f301f96,TRUE,PC 16:0_17:0,MS/MS match,"Lipid Species, Lipid Species, Lipid Species, Lipid Species, Spectral Library - 1-MoNA LipidBlast 2022, Spectral Library - 1-MoNA LipidBlast 2022, Spectral Library - 1-MoNA LipidBlast 2022",,PC,PC,-0.196,-0.247,834.1,High confidence,14.5,292.3,1.435,0.2,,,,C41H82NO8P,No,33,0,16,0,17,0,,,,,odd,No,,0,No,,Snail brains
8.48,760.58485,759.57735,"[M+H]+, [M+K]+, [M+Na]+",Pos,bruker.bsf.mcube.client.ui.model.impl.BucketTableLine@3a2f6adf,TRUE,PC 16:0_18:1,MS/MS match,"Lipid Species, Lipid Species",,PC,PC,-0.228,-0.3,944.1,High confidence,12.9,291.7,1.431,0.6,No,,,C42H82NO8P,No,34,1,16,0,18,1,,,,,even,No,,0,No,34,EVs (HeLA) + milk
9.48,804.57497,759.57676,[M+HCOO]-,Neg,bruker.bsf.mcube.client.ui.model.impl.BucketTableLine@5dc1c166,TRUE,PC 16:0_18:1,MS/MS match,"Lipid Species, Lipid Species",,PC,PC,-1.042,-1.295,770,High confidence,168.2,293.1,1.439,-0.1,No,,,C42H82NO8P,No,34,1,16,0,18,1,,,,,even,No,,0,No,34,EVs (HeLA) + milk
8.84,804.57663,759.57811,"[M+HCOO]-, [M+Cl]-",Neg,bruker.bsf.mcube.client.ui.model.impl.BucketTableLine@b5027de,TRUE,PC 16:0_18:1,MS/MS match,"Lipid Species, Spectral Library - 1-MoNA LipidBlast 2022, Spectral Library - 1-MoNA LipidBlast 2022, Lipid Species, Spectral Library - 1-MoNA LipidBlast 2022, Lipid Species, Spectral Library - 1-MoNA LipidBlast 2022, Spectral Library - 1-MoNA LipidBlast 2022, Spectral Library - 1-MoNA LipidBlast 2022, Spectral Library - 1-MoNA LipidBlast 2022, Lipid Species, Spectral Library - 1-MoNA LipidBlast 2022, Spectral Library - 1-MoNA LipidBlast 2022, Spectral Library - 1-MoNA LipidBlast 2022, Spectral Library - 1-MoNA LipidBlast 2022",,PC,PC,0.617,0.767,931.3,High confidence,50.6,293.1,1.439,-0.1,,,,C42H82NO8P,No,34,1,16,0,18,1,,,,,even,No,,0,No,34,HepG2 cells + PFAS
8.47,804.57542,759.57722,[M+HCOO]-,Neg,bruker.bsf.mcube.client.ui.model.impl.BucketTableLine@5a765ef6,TRUE,PC 16:0_18:1,MS/MS match,"Lipid Species, Lipid Species",,PC,PC,-0.589,-0.733,929.5,High confidence,16.2,293.8,1.442,0.2,No,,,C42H82NO8P,No,34,1,16,0,18,1,,,,,even,No,,0,No,34,EVs (HeLA) + milk
7.45,758.56907,757.56144,"[M+H]+, [M+K]+, [M+Na]+",Pos,bruker.bsf.mcube.client.ui.model.impl.BucketTableLine@11e6dcb3,TRUE,PC 16:0_18:2,MS/MS match,"Lipid Species, Lipid Species",,PC,PC,-0.357,-0.471,944.8,High confidence,8.1,287.4,1.409,-0.2,No,,,C42H80NO8P,No,34,2,16,0,18,2,,,,,even,Yes,,0,No,17,EVs (HeLA) + milk
7.67,758.56919,757.56162,"[M+H]+, [M+Na]+",Pos,bruker.bsf.mcube.client.ui.model.impl.BucketTableLine@4850852d,TRUE,PC 16:0_18:2,MS/MS match,"Lipid Species, Lipid Species, Spectral Library - 1-MoNA LipidBlast 2022, Lipid Species, Lipid Species",,PC,PC,-0.24,-0.317,966.1,High confidence,21.9,289.2,1.418,0.5,,,,C42H80NO8P,No,34,2,16,0,18,2,,,,,even,Yes,,0,No,17,Snail brains
6.86,756.55374,755.54646,[M+H]+,Pos,bruker.bsf.mcube.client.ui.model.impl.BucketTableLine@56404f3e,TRUE,PC 16:0_18:3,MS/MS match,"Lipid Species, Spectral Library - 1-MoNA LipidBlast 2022, Lipid Species, Spectral Library - 1-MoNA LipidBlast 2022, Lipid Species, Spectral Library - 1-MoNA LipidBlast 2022, Spectral Library - 1-MoNA LipidBlast 2022, Spectral Library - 1-MoNA LipidBlast 2022, Spectral Library - 1-MoNA LipidBlast 2022, Lipid Species, Spectral Library - 1-MoNA LipidBlast 2022, Spectral Library - 1-MoNA LipidBlast 2022",,PC,PC,-0.046,-0.061,956,High confidence,15.5,285.5,1.4,-0.1,,,,C42H78NO8P,No,34,3,16,0,18,3,,,,,even,Yes,,0,No,11.33333333,Snail brains
9.67,818.59181,773.5936,[M+HCOO]-,Neg,bruker.bsf.mcube.client.ui.model.impl.BucketTableLine@50dd693b,TRUE,PC 16:0_19:1,MS/MS match,"Lipid Species, Spectral Library - 1-MoNA LipidBlast 2022, Spectral Library - 1-MoNA LipidBlast 2022, Lipid Species, Spectral Library - 1-MoNA LipidBlast 2022, Lipid Species",,PC,PC,0.148,0.18,897.2,High confidence,6.8,296.1,1.454,0,,,,C43H84NO8P,No,35,1,16,0,19,1,,,,,odd,No,,0,No,35,HepG2 cells + PFAS
10.88,788.61585,787.60844,"[M+H]+, [M+Na]+",Pos,bruker.bsf.mcube.client.ui.model.impl.BucketTableLine@4044933e,TRUE,PC 16:0_20:1,MS/MS match,"Lipid Species, Spectral Library - 1-MoNA LipidBlast 2022, Spectral Library - 1-MoNA LipidBlast 2022, Spectral Library - 1-MoNA LipidBlast 2022, Spectral Library - 1-MoNA LipidBlast 2022, Spectral Library - 1-MoNA LipidBlast 2022, Spectral Library - 1-MoNA LipidBlast 2022, Lipid Species, Spectral Library - 1-MoNA LipidBlast 2022, Spectral Library - 1-MoNA LipidBlast 2022, Spectral Library - 1-MoNA LipidBlast 2022, Spectral Library - 1-MoNA LipidBlast 2022, Lipid Species, Spectral Library - 1-MoNA LipidBlast 2022, Lipid Species, Spectral Library - 1-MoNA LipidBlast 2022, Spectral Library - 1-MoNA LipidBlast 2022",,PC,PC,-0.528,-0.669,929,High confidence,13,300.4,1.474,1.5,,,,C44H86NO8P,No,36,1,16,0,20,1,,,,,even,No,,0,No,36,Snail brains
7.18,826.56021,781.56201,[M+HCOO]-,Neg,bruker.bsf.mcube.client.ui.model.impl.BucketTableLine@2ace4484,TRUE,PC 16:0_20:4,MS/MS match,"Lipid Species, Spectral Library - 1-MoNA LipidBlast 2022, Spectral Library - 1-MoNA LipidBlast 2022, Lipid Species, Spectral Library - 1-MoNA LipidBlast 2022, Spectral Library - 1-MoNA LipidBlast 2022, Lipid Species, Spectral Library - 1-MoNA LipidBlast 2022, Lipid Species, Spectral Library - 1-MoNA LipidBlast 2022, Spectral Library - 1-MoNA LipidBlast 2022",,PC,PC,-0.148,-0.18,926.6,High confidence,18.5,294.9,1.448,0,,,,C44H80NO8P,No,36,4,16,0,20,4,,,,,even,Yes,,0,No,9,Snail brains
6.71,780.55387,779.54611,"[M+H]+, [M+Na]+",Pos,bruker.bsf.mcube.client.ui.model.impl.BucketTableLine@3c55fd72,TRUE,PC 16:0_20:5,MS/MS match,"Lipid Species, Lipid Species, Spectral Library - 1-MoNA LipidBlast 2022, Lipid Species, Lipid Species",,PC,PC,0.085,0.109,947.2,High confidence,34.9,289.2,1.419,0.5,,,,C44H78NO8P,No,36,5,16,0,20,5,,,,,even,Yes,,0,No,7.2,Snail brains
6.32,730.53758,729.52848,"[M+H]+, [M+Na]+",Pos,bruker.bsf.mcube.client.ui.model.impl.BucketTableLine@619ec4de,TRUE,PC 16:1/16:1,MS/MS match,"Lipid Species, Lipid Species, Lipid Species",,PC,PC,-0.556,-0.762,826.9,High confidence,5.3,281.4,1.379,-0.2,No,,,C40H76NO8P,No,32,2,16,1,16,1,,,,,even,Yes,,0,No,16,EVs (HeLA) + milk
6.84,730.53845,729.53118,[M+H]+,Pos,bruker.bsf.mcube.client.ui.model.impl.BucketTableLine@1b859cdd,TRUE,PC 16:1/16:1,MS/MS match,"Lipid Species, Lipid Species",,PC,PC,0.32,0.438,882.8,High confidence,14.2,284.5,1.394,1,No,,,C40H76NO8P,No,32,2,16,1,16,1,,,,,even,Yes,,0,No,16,EVs (HeLA) + milk
5.98,754.53764,753.53037,[M+H]+,Pos,bruker.bsf.mcube.client.ui.model.impl.BucketTableLine@2171635b,TRUE,PC 16:1_18:3,MS/MS match,"Lipid Species, Spectral Library - 1-MoNA LipidBlast 2022, Lipid Species, Lipid Species, Spectral Library - 1-MoNA LipidBlast 2022, Lipid Species",,PC,PC,-0.488,-0.647,969.5,High confidence,4.3,283,1.388,-0.3,,,,C42H76NO8P,No,34,4,16,1,18,3,,,,,even,Yes,,0,No,8.5,Snail brains
6.49,824.54469,779.54648,[M+HCOO]-,Neg,bruker.bsf.mcube.client.ui.model.impl.BucketTableLine@75d44e39,TRUE,PC 16:1_20:4,MS/MS match,"Lipid Species, Spectral Library - 1-MoNA LipidBlast 2022, Lipid Species, Lipid Species, Lipid Species, Spectral Library - 1-MoNA LipidBlast 2022, Spectral Library - 1-MoNA LipidBlast 2022, Spectral Library - 1-MoNA LipidBlast 2022",,PC,PC,-0.022,-0.027,932.5,High confidence,2.6,293.6,1.442,0,,,,C44H78NO8P,No,36,5,16,1,20,4,,,,,even,Yes,,0,No,7.2,Snail brains
11.13,820.60716,775.60895,[M+HCOO]-,Neg,bruker.bsf.mcube.client.ui.model.impl.BucketTableLine@3c8e2766,TRUE,PC 17:0_18:0,MS/MS match,"Lipid Species, Lipid Species",,PC,PC,-0.153,-0.186,741.1,High confidence,14.8,297.9,1.463,0.1,,,,C43H86NO8P,No,35,0,17,0,18,0,,,,,odd,No,,0,No,,HepG2 cells + PFAS
9.39,818.59172,773.59352,[M+HCOO]-,Neg,bruker.bsf.mcube.client.ui.model.impl.BucketTableLine@5c487ddc,TRUE,PC 17:0_18:1,MS/MS match,"Lipid Species, Spectral Library - 1-MoNA LipidBlast 2022, Spectral Library - 1-MoNA LipidBlast 2022, Spectral Library - 1-MoNA LipidBlast 2022, Spectral Library - 1-MoNA LipidBlast 2022, Spectral Library - 1-MoNA LipidBlast 2022, Spectral Library - 1-MoNA LipidBlast 2022, Spectral Library - 1-MoNA LipidBlast 2022, Spectral Library - 1-MoNA LipidBlast 2022, Spectral Library - 1-MoNA LipidBlast 2022, Spectral Library - 1-MoNA LipidBlast 2022, Lipid Species",,PC,PC,0.06,0.073,902.4,High confidence,27.4,295.4,1.45,-0.2,,,,C43H84NO8P,No,35,1,17,0,18,1,,,,,odd,No,,0,No,35,HepG2 cells + PFAS
9.19,818.59083,773.59263,[M+HCOO]-,Neg,bruker.bsf.mcube.client.ui.model.impl.BucketTableLine@108f6211,TRUE,PC 17:0_18:1,MS/MS match,"Lipid Species, Lipid Species, Lipid Species",,PC,PC,-0.826,-1.009,688.3,High confidence,4.8,297,1.458,0.3,No,,,C43H84NO8P,No,35,1,17,0,18,1,,,,,odd,No,,0,No,35,EVs (HeLA) + milk
8.89,786.60043,785.59312,"[M+H]+, [M+Na]+",Pos,bruker.bsf.mcube.client.ui.model.impl.BucketTableLine@61f82a6d,TRUE,PC 18:0_18:2,MS/MS match,"Lipid Species, Spectral Library - 1-MoNA LipidBlast 2022, Lipid Species, Spectral Library - 1-MoNA LipidBlast 2022, Spectral Library - 1-MoNA LipidBlast 2022, Spectral Library - 1-MoNA LipidBlast 2022, Spectral Library - 1-MoNA LipidBlast 2022, Spectral Library - 1-MoNA LipidBlast 2022, Lipid Species, Spectral Library - 1-MoNA LipidBlast 2022, Spectral Library - 1-MoNA LipidBlast 2022, Spectral Library - 1-MoNA LipidBlast 2022, Lipid Species, Spectral Library - 1-MoNA LipidBlast 2022, Spectral Library - 1-MoNA LipidBlast 2022, Lipid Species, Lipid Species, Spectral Library - 1-MoNA LipidBlast 2022, Spectral Library - 1-MoNA LipidBlast 2022, Spectral Library - 1-MoNA LipidBlast 2022, Spectral Library - 1-MoNA LipidBlast 2022",,PC,PC,-0.303,-0.386,959.8,High confidence,2,296.5,1.455,0.9,,,,C44H84NO8P,No,36,2,18,0,18,2,,,,,even,Yes,,0,No,18,Snail brains
8.58,786.60007,785.59279,[M+H]+,Pos,bruker.bsf.mcube.client.ui.model.impl.BucketTableLine@69f58e66,TRUE,PC 18:1/18:1,MS/MS match,"Lipid Species, Lipid Species",,PC,PC,-0.665,-0.846,971,High confidence,2.7,295.2,1.449,0.4,No,,,C44H84NO8P,No,36,2,18,1,18,1,,,,,even,Yes,,0,No,18,EVs (HeLA) + milk
9.07,830.59175,785.59355,[M+HCOO]-,Neg,bruker.bsf.mcube.client.ui.model.impl.BucketTableLine@8caf2a6,TRUE,PC 18:1/18:1,MS/MS match,"Lipid Species, Lipid Species, Spectral Library - 1-MoNA LipidBlast 2022, Lipid Species, Lipid Species",,PC,PC,0.096,0.115,927.1,High confidence,32.3,296.9,1.458,-0.2,,,,C44H84NO8P,No,36,2,18,1,18,1,,,,,even,Yes,,0,No,18,HepG2 cells + PFAS
8.6,830.59105,785.59285,[M+HCOO]-,Neg,bruker.bsf.mcube.client.ui.model.impl.BucketTableLine@27365b06,TRUE,PC 18:1/18:1,MS/MS match,"Lipid Species, Lipid Species, Lipid Species, Lipid Species",,PC,PC,-0.606,-0.73,917.9,High confidence,23.4,298.1,1.464,0.2,No,,,C44H84NO8P,No,36,2,18,1,18,1,,,,,even,Yes,,0,No,18,EVs (HeLA) + milk
7.58,828.57554,783.57734,[M+HCOO]-,Neg,bruker.bsf.mcube.client.ui.model.impl.BucketTableLine@7a24ae47,TRUE,PC 18:1_18:2,MS/MS match,"Lipid Species, Lipid Species",,PC,PC,-0.465,-0.561,965.1,High confidence,4.3,295.7,1.452,-0.2,No,,,C44H82NO8P,No,36,3,18,1,18,2,,,,,even,Yes,,0,No,12,EVs (HeLA) + milk
11.74,886.65381,841.65561,[M+HCOO]-,Neg,bruker.bsf.mcube.client.ui.model.impl.BucketTableLine@31783e80,TRUE,PC 18:1_22:1,MS/MS match,"Lipid Species, Lipid Species, Spectral Library - 1-MoNA LipidBlast 2022, Lipid Species",,PC,PC,-0.45,-0.507,905.5,High confidence,6,309.6,1.522,0.3,,,,C48H92NO8P,No,40,2,18,1,22,1,,,,,even,Yes,,0,No,20,HepG2 cells + PFAS
6.67,782.56905,781.56175,"[M+H]+, [M+Na]+, [M+K]+",Pos,bruker.bsf.mcube.client.ui.model.impl.BucketTableLine@c23b82,TRUE,PC 18:2/18:2,MS/MS match,"Lipid Species, Lipid Species",,PC,PC,-0.382,-0.488,933.6,High confidence,9.2,288.9,1.418,-0.3,No,,,C44H80NO8P,No,36,4,18,2,18,2,,,,,even,Yes,,0,No,9,EVs (HeLA) + milk
6.92,782.56945,781.56218,[M+H]+,Pos,bruker.bsf.mcube.client.ui.model.impl.BucketTableLine@3add2afd,TRUE,PC 18:2/18:2,MS/MS match,"Lipid Species, Spectral Library - 1-MoNA LipidBlast 2022, Spectral Library - 1-MoNA LipidBlast 2022, Lipid Species, Spectral Library - 1-MoNA LipidBlast 2022, Spectral Library - 1-MoNA LipidBlast 2022, Spectral Library - 1-MoNA LipidBlast 2022, Spectral Library - 1-MoNA LipidBlast 2022, Spectral Library - 1-MoNA LipidBlast 2022, Spectral Library - 1-MoNA LipidBlast 2022",,PC,PC,0.022,0.028,972.8,High confidence,30.1,290.3,1.424,0.1,,,,C44H80NO8P,No,36,4,18,2,18,2,,,,,even,Yes,,0,No,9,HepG2 cells + PFAS
6.94,826.56016,781.56196,[M+HCOO]-,Neg,bruker.bsf.mcube.client.ui.model.impl.BucketTableLine@4b055da7,TRUE,PC 18:2/18:2,MS/MS match,"Lipid Species, Spectral Library - 1-MoNA LipidBlast 2022, Lipid Species, Lipid Species, Lipid Species",,PC,PC,-0.195,-0.236,950.7,High confidence,18.8,293.1,1.44,-0.6,,,,C44H80NO8P,No,36,4,18,2,18,2,,,,,even,Yes,,0,No,9,Snail brains
7.77,854.59177,809.59357,[M+HCOO]-,Neg,bruker.bsf.mcube.client.ui.model.impl.BucketTableLine@4d46cc58,TRUE,PC 18:2_20:2,MS/MS match,"Lipid Species, Lipid Species",,PC,PC,0.115,0.135,975.2,High confidence,5.6,299.9,1.473,-0.2,No,,,C46H84NO8P,No,38,4,18,2,20,2,,,,,even,Yes,,0,No,9.5,EVs (HeLA) + milk
6.48,874.56056,829.56236,[M+HCOO]-,Neg,bruker.bsf.mcube.client.ui.model.impl.BucketTableLine@378a50e5,TRUE,PC 18:2_22:6,MS/MS match,"Lipid Species, Lipid Species, Spectral Library - 1-MoNA LipidBlast 2022, Spectral Library - 1-MoNA LipidBlast 2022, Lipid Species, Spectral Library - 1-MoNA LipidBlast 2022",,PC,PC,0.205,0.234,887.4,High confidence,104,299.1,1.47,-0.5,,,,C48H80NO8P,No,40,8,18,2,22,6,,,,,even,Yes,,0,No,5,HepG2 cells + PFAS
12.02,914.68441,869.68621,[M+HCOO]-,Neg,bruker.bsf.mcube.client.ui.model.impl.BucketTableLine@4db4fcdc,TRUE,PC 18:2_24:0,MS/MS match,"Lipid Species, Lipid Species",,PC,PC,-1.151,-1.258,732.4,High confidence,200,315.2,1.55,0.3,No,,,C50H96NO8P,No,42,2,18,2,24,0,,,,,even,Yes,,0,No,21,EVs (HeLA) + milk
5.47,822.52756,777.52935,[M+HCOO]-,Neg,bruker.bsf.mcube.client.ui.model.impl.BucketTableLine@4d43d364,TRUE,PC 18:3/18:3,MS/MS match,"Lipid Species, Lipid Species",,PC,PC,-1.503,-1.827,854.1,High confidence,31,290.5,1.427,-0.5,No,,,C44H76NO8P,No,36,6,18,3,18,3,,,,,even,Yes,,0,No,6,EVs (HeLA) + milk
6.43,806.56865,805.5611,"[M+H]+, [M+Na]+",Pos,bruker.bsf.mcube.client.ui.model.impl.BucketTableLine@714603dc,TRUE,PC 18:3_20:3,MS/MS match,"Lipid Species, Spectral Library - 1-MoNA LipidBlast 2022, Spectral Library - 1-MoNA LipidBlast 2022, Lipid Species, Lipid Species, Spectral Library - 1-MoNA LipidBlast 2022, Spectral Library - 1-MoNA LipidBlast 2022, Spectral Library - 1-MoNA LipidBlast 2022, Lipid Species, Spectral Library - 1-MoNA LipidBlast 2022, Spectral Library - 1-MoNA LipidBlast 2022, Spectral Library - 1-MoNA LipidBlast 2022, Spectral Library - 1-MoNA LipidBlast 2022, Spectral Library - 1-MoNA LipidBlast 2022, Spectral Library - 1-MoNA LipidBlast 2022, Spectral Library - 1-MoNA LipidBlast 2022, Spectral Library - 1-MoNA LipidBlast 2022, Spectral Library - 1-MoNA LipidBlast 2022",,PC,PC,-0.778,-0.964,979.8,High confidence,7.8,291.1,1.429,-0.3,,,,C46H80NO8P,No,38,6,18,3,20,3,,,,,even,Yes,,0,No,6.333333333,Snail brains
5.53,846.52923,801.53103,[M+HCOO]-,Neg,bruker.bsf.mcube.client.ui.model.impl.BucketTableLine@13aadff1,TRUE,PC 18:3_20:5,MS/MS match,"Lipid Species, Lipid Species, Spectral Library - 1-MoNA LipidBlast 2022, Spectral Library - 1-MoNA LipidBlast 2022, Spectral Library - 1-MoNA LipidBlast 2022, Spectral Library - 1-MoNA LipidBlast 2022, Lipid Species, Spectral Library - 1-MoNA LipidBlast 2022, Lipid Species, Spectral Library - 1-MoNA LipidBlast 2022, Spectral Library - 1-MoNA LipidBlast 2022",,PC,PC,0.173,0.204,938.8,High confidence,34.4,293.4,1.441,-0.6,,,,C46H76NO8P,No,38,8,18,3,20,5,,,,,even,Yes,,0,No,4.75,Snail brains
10.94,896.63857,851.64037,[M+HCOO]-,Neg,bruker.bsf.mcube.client.ui.model.impl.BucketTableLine@4da5d322,TRUE,PC 19:0_22:4,MS/MS match,"Lipid Species, Spectral Library - 1-MoNA LipidBlast 2022, Lipid Species, Lipid Species, Spectral Library - 1-MoNA LipidBlast 2022, Spectral Library - 1-MoNA LipidBlast 2022, Spectral Library - 1-MoNA LipidBlast 2022, Spectral Library - 1-MoNA LipidBlast 2022, Spectral Library - 1-MoNA LipidBlast 2022, Spectral Library - 1-MoNA LipidBlast 2022, Spectral Library - 1-MoNA LipidBlast 2022, Lipid Species, Spectral Library - 1-MoNA LipidBlast 2022, Spectral Library - 1-MoNA LipidBlast 2022, Spectral Library - 1-MoNA LipidBlast 2022, Spectral Library - 1-MoNA LipidBlast 2022, Spectral Library - 1-MoNA LipidBlast 2022, Spectral Library - 1-MoNA LipidBlast 2022, Spectral Library - 1-MoNA LipidBlast 2022",,PC,PC,-0.04,-0.045,960.1,High confidence,53.4,308,1.515,-0.3,,,,C49H90NO8P,No,41,4,19,0,22,4,,,,,odd,Yes,,0,No,10.25,Snail brains
11.14,884.63861,839.64041,[M+HCOO]-,Neg,bruker.bsf.mcube.client.ui.model.impl.BucketTableLine@56c8e8f4,TRUE,PC 20:1_20:2,MS/MS match,"Lipid Species, Lipid Species, Lipid Species, Spectral Library - 1-MoNA LipidBlast 2022, Spectral Library - 1-MoNA LipidBlast 2022, Lipid Species, Lipid Species, Lipid Species",,PC,PC,0.001,0.001,903.7,High confidence,11.6,307.5,1.512,0,,,,C48H90NO8P,No,40,3,20,1,20,2,,,,,even,Yes,,0,No,13.33333333,Snail brains
9.58,882.62281,837.6246,[M+HCOO]-,Neg,bruker.bsf.mcube.client.ui.model.impl.BucketTableLine@4f7d5ae4,TRUE,PC 20:2/20:2,MS/MS match,"Lipid Species, Lipid Species, Spectral Library - 1-MoNA LipidBlast 2022, Spectral Library - 1-MoNA LipidBlast 2022, Spectral Library - 1-MoNA LipidBlast 2022, Lipid Species, Lipid Species, Spectral Library - 1-MoNA LipidBlast 2022, Lipid Species, Spectral Library - 1-MoNA LipidBlast 2022, Spectral Library - 1-MoNA LipidBlast 2022, Spectral Library - 1-MoNA LipidBlast 2022, Lipid Species",,PC,PC,-0.152,-0.172,926.9,High confidence,19.9,305.9,1.504,-0.1,,,,C48H88NO8P,No,40,4,20,2,20,2,,,,,even,Yes,,0,No,10,Snail brains
7.03,876.57612,831.57791,[M+HCOO]-,Neg,bruker.bsf.mcube.client.ui.model.impl.BucketTableLine@37daf0df,TRUE,PC 20:2_20:5,MS/MS match,"Lipid Species, Spectral Library - 1-MoNA LipidBlast 2022, Spectral Library - 1-MoNA LipidBlast 2022, Spectral Library - 1-MoNA LipidBlast 2022, Spectral Library - 1-MoNA LipidBlast 2022, Spectral Library - 1-MoNA LipidBlast 2022, Spectral Library - 1-MoNA LipidBlast 2022, Spectral Library - 1-MoNA LipidBlast 2022, Spectral Library - 1-MoNA LipidBlast 2022, Spectral Library - 1-MoNA LipidBlast 2022, Spectral Library - 1-MoNA LipidBlast 2022, Spectral Library - 1-MoNA LipidBlast 2022, Spectral Library - 1-MoNA LipidBlast 2022, Lipid Species, Spectral Library - 1-MoNA LipidBlast 2022, Spectral Library - 1-MoNA LipidBlast 2022, Lipid Species, Spectral Library - 1-MoNA LipidBlast 2022, Lipid Species",,PC,PC,0.109,0.124,937.6,High confidence,2.7,301.5,1.482,-0.2,,,,C48H82NO8P,No,40,7,20,2,20,5,,,,,even,Yes,,0,No,5.714285714,Snail brains
11.35,910.65427,865.65607,[M+HCOO]-,Neg,bruker.bsf.mcube.client.ui.model.impl.BucketTableLine@51446986,TRUE,PC 20:2_22:2,MS/MS match,"Lipid Species, Lipid Species, Spectral Library - 1-MoNA LipidBlast 2022, Lipid Species, Lipid Species",,PC,PC,0.01,0.011,924.3,High confidence,50.2,310.7,1.528,-0.3,,,,C50H92NO8P,No,42,4,20,2,22,2,,,,,even,Yes,,0,No,10.5,Snail brains
9.26,932.6385,887.6403,[M+HCOO]-,Neg,bruker.bsf.mcube.client.ui.model.impl.BucketTableLine@7f92a6de,TRUE,PC 20:2_24:5,MS/MS match,"Lipid Species, Spectral Library - 1-MoNA LipidBlast 2022, Spectral Library - 1-MoNA LipidBlast 2022, Lipid Species, Spectral Library - 1-MoNA LipidBlast 2022, Lipid Species, Spectral Library - 1-MoNA LipidBlast 2022, Spectral Library - 1-MoNA LipidBlast 2022, Spectral Library - 1-MoNA LipidBlast 2022, Spectral Library - 1-MoNA LipidBlast 2022, Spectral Library - 1-MoNA LipidBlast 2022, Spectral Library - 1-MoNA LipidBlast 2022, Spectral Library - 1-MoNA LipidBlast 2022, Lipid Species",,PC,PC,-0.106,-0.114,883.4,High confidence,49.2,311.6,1.533,-0.5,,,,C52H90NO8P,No,44,7,20,2,24,5,,,,,even,Yes,,0,No,6.285714286,Snail brains
6.6,874.55904,829.56083,[M+HCOO]-,Neg,bruker.bsf.mcube.client.ui.model.impl.BucketTableLine@3be58ed2,TRUE,PC 20:4/20:4,MS/MS match,"Lipid Species, Spectral Library - 1-MoNA LipidBlast 2022, Lipid Species, Lipid Species, Lipid Species",,PC,PC,-1.321,-1.511,791,High confidence,58.3,299.5,1.472,-0.4,,,,C48H80NO8P,No,40,8,20,4,20,4,,,,,even,Yes,,0,No,5,Snail brains
8.18,904.60721,859.60901,[M+HCOO]-,Neg,bruker.bsf.mcube.client.ui.model.impl.BucketTableLine@4acf75fe,TRUE,PC 20:4_22:3,MS/MS match,"Lipid Species, Lipid Species, Spectral Library - 1-MoNA LipidBlast 2022, Spectral Library - 1-MoNA LipidBlast 2022, Lipid Species, Spectral Library - 1-MoNA LipidBlast 2022, Spectral Library - 1-MoNA LipidBlast 2022, Lipid Species, Spectral Library - 1-MoNA LipidBlast 2022, Spectral Library - 1-MoNA LipidBlast 2022, Spectral Library - 1-MoNA LipidBlast 2022",,PC,PC,-0.1,-0.11,946.7,High confidence,44.9,306.4,1.507,-0.4,,,,C50H86NO8P,No,42,7,20,4,22,3,,,,,even,Yes,,0,No,6,Snail brains
6.47,660.46033,661.46761,[M-H]-,Neg,bruker.bsf.mcube.client.ui.model.impl.BucketTableLine@655ceab4,TRUE,PE 14:0_16:1,MS/MS match,"Lipid Species, Spectral Library - 1-MoNA LipidBlast 2022, Spectral Library - 1-MoNA LipidBlast 2022, Spectral Library - 1-MoNA LipidBlast 2022, Lipid Species",,PE,PE,-0.647,-0.979,623.9,High confidence,36,256.9,1.257,2.7,,,,C35H68NO8P,No,30,1,14,0,16,1,,,,,even,No,,0,No,30,HepG2 cells + PFAS
6.36,734.47659,735.48387,[M-H]-,Neg,bruker.bsf.mcube.client.ui.model.impl.BucketTableLine@4987129f,TRUE,PE 14:0_22:6,MS/MS match,"Lipid Species, Lipid Species, Spectral Library - 1-MoNA LipidBlast 2022",,PE,PE,-0.034,-0.047,763.6,High confidence,1.5,269.6,1.321,3,,,,C41H70NO8P,No,36,6,14,0,22,6,,,,,even,Yes,,0,No,6,HepG2 cells + PFAS
8.62,690.50754,691.51482,[M-H]-,Neg,bruker.bsf.mcube.client.ui.model.impl.BucketTableLine@1354719a,TRUE,PE 16:0/16:0,MS/MS match,"Lipid Species, Lipid Species",,PE,PE,-0.386,-0.559,850.3,High confidence,3.5,264.4,1.294,2.6,No,,,C37H74NO8P,No,32,0,16,0,16,0,,,,,even,No,,0,No,,EVs (HeLA) + milk
7.57,688.49225,689.49953,[M-H]-,Neg,bruker.bsf.mcube.client.ui.model.impl.BucketTableLine@7a86db9d,TRUE,PE 16:0_16:1,MS/MS match,"Lipid Species, Lipid Species",,PE,PE,-0.028,-0.041,615.8,High confidence,7,262.7,1.286,2.5,No,,,C37H72NO8P,No,32,1,16,0,16,1,,,,,even,No,,0,No,32,EVs (HeLA) + milk
8.43,702.50781,703.51509,[M-H]-,Neg,bruker.bsf.mcube.client.ui.model.impl.BucketTableLine@18026a60,TRUE,PE 16:0_17:1,MS/MS match,"Lipid Species, Spectral Library - 1-MoNA LipidBlast 2022, Lipid Species, Spectral Library - 1-MoNA LipidBlast 2022",,PE,PE,-0.115,-0.163,660.8,High confidence,13.4,265.7,1.301,2.5,,,,C38H74NO8P,No,33,1,16,0,17,1,,,,,odd,No,,0,No,33,HepG2 cells + PFAS
10.99,718.53907,719.54641,"[M-H]-, [M+Na+COO]-",Neg,bruker.bsf.mcube.client.ui.model.impl.BucketTableLine@5033ab79,TRUE,PE 16:0_18:0,MS/MS match,"Lipid Species, Lipid Species, Spectral Library - 1-MoNA LipidBlast 2022, Spectral Library - 1-MoNA LipidBlast 2022",,PE,PE,-0.159,-0.221,854.3,High confidence,8.4,271.2,1.329,2.8,,,,C39H78NO8P,No,34,0,16,0,18,0,,,,,even,No,,0,No,,HepG2 cells + PFAS
8.74,716.52314,717.53035,"[M-H]-, [M+Na+COO]-",Neg,bruker.bsf.mcube.client.ui.model.impl.BucketTableLine@7f705790,TRUE,PE 16:0_18:1,MS/MS match,"Lipid Species, Lipid Species",,PE,PE,-0.434,-0.606,890.2,High confidence,3.2,269.1,1.318,2.5,No,,,C39H76NO8P,No,34,1,16,0,18,1,,,,,even,No,,0,No,34,EVs (HeLA) + milk
8.73,718.53773,717.53041,"[M+H]+, [M+Na]+",Pos,bruker.bsf.mcube.client.ui.model.impl.BucketTableLine@10421eb1,TRUE,PE 16:0_18:1,MS/MS match,"Lipid Species, Lipid Species",,PE,PE,-0.398,-0.554,973.3,High confidence,3.4,277.8,1.361,1.8,No,,,C39H76NO8P,No,34,1,16,0,18,1,,,,,even,No,,0,No,34,EVs (HeLA) + milk
7.67,714.50746,715.51465,"[M-H]-, [M+Na+COO]-",Neg,bruker.bsf.mcube.client.ui.model.impl.BucketTableLine@126b9668,TRUE,PE 16:0_18:2,MS/MS match,"Lipid Species, Lipid Species",,PE,PE,-0.471,-0.66,825.3,High confidence,1.6,267.5,1.31,2.5,No,,,C39H74NO8P,No,34,2,16,0,18,2,,,,,even,Yes,,0,No,17,EVs (HeLA) + milk
8.05,714.50786,715.51515,"[M-H]-, [M+Na+COO]-",Neg,bruker.bsf.mcube.client.ui.model.impl.BucketTableLine@6d01caaf,TRUE,PE 16:0_18:2,MS/MS match,"Lipid Species, Spectral Library - 1-MoNA LipidBlast 2022, Lipid Species",,PE,PE,-0.064,-0.089,786.2,High confidence,1.8,267.6,1.311,2.5,,,,C39H74NO8P,No,34,2,16,0,18,2,,,,,even,Yes,,0,No,17,HepG2 cells + PFAS
7.5,738.50739,739.51467,[M-H]-,Neg,bruker.bsf.mcube.client.ui.model.impl.BucketTableLine@d972096,TRUE,PE 16:0_20:4,MS/MS match,"Lipid Species, Lipid Species",,PE,PE,-0.537,-0.727,844.1,High confidence,14.3,271.4,1.33,2.6,No,,,C41H74NO8P,No,36,4,16,0,20,4,,,,,even,Yes,,0,No,9,EVs (HeLA) + milk
7.82,738.50792,739.51515,"[M-H]-, [M+Na+COO]-",Neg,bruker.bsf.mcube.client.ui.model.impl.BucketTableLine@1e1f031a,TRUE,PE 16:0_20:4,MS/MS match,"Lipid Species, Spectral Library - 1-MoNA LipidBlast 2022, Lipid Species",,PE,PE,-0.01,-0.014,837.6,High confidence,5.1,271.6,1.331,2.7,,,,C41H74NO8P,No,36,4,16,0,20,4,,,,,even,Yes,,0,No,9,HepG2 cells + PFAS
8.96,766.5391,767.54633,"[M-H]-, [M-H-H2O]-",Neg,bruker.bsf.mcube.client.ui.model.impl.BucketTableLine@1ec168aa,TRUE,PE 16:0_22:4,MS/MS match,"Lipid Species, Lipid Species, Spectral Library - 1-MoNA LipidBlast 2022",,PE,PE,-0.131,-0.171,732.3,High confidence,24.8,277.4,1.36,2.4,,,,C43H78NO8P,No,38,4,16,0,22,4,,,,,even,Yes,,0,No,9.5,HepG2 cells + PFAS
7.51,762.50791,763.51519,[M-H]-,Neg,bruker.bsf.mcube.client.ui.model.impl.BucketTableLine@5d5521c7,TRUE,PE 16:0_22:6,MS/MS match,"Lipid Species, Lipid Species, Spectral Library - 1-MoNA LipidBlast 2022",,PE,PE,-0.02,-0.026,753.2,High confidence,5.9,275.6,1.352,2.8,,,,C43H74NO8P,No,38,6,16,0,22,6,,,,,even,Yes,,0,No,6.333333333,HepG2 cells + PFAS
6.45,686.47661,687.48388,[M-H]-,Neg,bruker.bsf.mcube.client.ui.model.impl.BucketTableLine@67b444e,TRUE,PE 16:1/16:1,MS/MS match,"Lipid Species, Lipid Species",,PE,PE,-0.022,-0.033,612.1,High confidence,54.8,260.7,1.276,2.3,No,,,C37H70NO8P,No,32,2,16,1,16,1,,,,,even,Yes,,0,No,16,EVs (HeLA) + milk
7.86,714.5078,715.51508,[M-H]-,Neg,bruker.bsf.mcube.client.ui.model.impl.BucketTableLine@3fc418e8,TRUE,PE 16:1_18:1,MS/MS match,"Lipid Species, Lipid Species, Spectral Library - 1-MoNA LipidBlast 2022",,PE,PE,-0.129,-0.181,890,High confidence,3.6,266.8,1.307,2.2,,,,C39H74NO8P,No,34,2,16,1,18,1,,,,,even,Yes,,0,No,17,HepG2 cells + PFAS
6.69,712.49217,713.49945,[M-H]-,Neg,bruker.bsf.mcube.client.ui.model.impl.BucketTableLine@253d9893,TRUE,PE 16:1_18:2,MS/MS match,"Lipid Species, Lipid Species",,PE,PE,-0.104,-0.146,759,High confidence,24.4,265.1,1.298,2.1,No,,,C39H72NO8P,No,34,3,16,1,18,2,,,,,even,Yes,,0,No,11.33333333,EVs (HeLA) + milk
6.89,712.49224,713.49942,"[M-H]-, [M+Na+COO]-",Neg,bruker.bsf.mcube.client.ui.model.impl.BucketTableLine@24da085e,TRUE,PE 16:1_18:2,MS/MS match,"Lipid Species, Spectral Library - 1-MoNA LipidBlast 2022, Spectral Library - 1-MoNA LipidBlast 2022, Lipid Species",,PE,PE,-0.04,-0.056,897.9,High confidence,3,265.5,1.301,2.2,,,,C39H72NO8P,No,34,3,16,1,18,2,,,,,even,Yes,,0,No,11.33333333,HepG2 cells + PFAS
6.73,736.4924,737.49956,"[M-H]-, [M+Na+COO]-",Neg,bruker.bsf.mcube.client.ui.model.impl.BucketTableLine@479ca5ca,TRUE,PE 16:1_20:4,MS/MS match,"Lipid Species, Lipid Species, Spectral Library - 1-MoNA LipidBlast 2022",,PE,PE,0.12,0.163,823.5,High confidence,3.1,269.2,1.319,2.3,,,,C41H72NO8P,No,36,5,16,1,20,4,,,,,even,Yes,,0,No,7.2,HepG2 cells + PFAS
7.18,736.49162,737.4989,[M-H]-,Neg,bruker.bsf.mcube.client.ui.model.impl.BucketTableLine@1f32a919,TRUE,PE 16:1_20:4,MS/MS match,"Lipid Species, Lipid Species",,PE,PE,-0.655,-0.889,838.9,High confidence,247.6,270.5,1.326,2.8,No,,,C41H72NO8P,No,36,5,16,1,20,4,,,,,even,Yes,,0,No,7.2,EVs (HeLA) + milk
6.73,738.50648,737.49918,"[M+H]+, [M+Na]+",Pos,bruker.bsf.mcube.client.ui.model.impl.BucketTableLine@105bbbe9,TRUE,PE 16:1_20:4,MS/MS match,"Lipid Species, Spectral Library - 1-MoNA LipidBlast 2022, Spectral Library - 1-MoNA LipidBlast 2022, Lipid Species",,PE,PE,-0.353,-0.478,923.5,High confidence,2.1,275.5,1.351,1.4,,,,C41H72NO8P,No,36,5,16,1,20,4,,,,,even,Yes,,0,No,7.2,HepG2 cells + PFAS
6.84,762.5079,763.51518,[M-H]-,Neg,bruker.bsf.mcube.client.ui.model.impl.BucketTableLine@173961ec,TRUE,PE 16:1_22:5,MS/MS match,"Lipid Species, Lipid Species, Spectral Library - 1-MoNA LipidBlast 2022, Spectral Library - 1-MoNA LipidBlast 2022",,PE,PE,-0.024,-0.032,644.7,High confidence,12.5,273.8,1.343,2.2,,,,C43H74NO8P,No,38,6,16,1,22,5,,,,,even,Yes,,0,No,6.333333333,HepG2 cells + PFAS
6.48,760.49206,761.49934,[M-H]-,Neg,bruker.bsf.mcube.client.ui.model.impl.BucketTableLine@52137a4b,TRUE,PE 16:1_22:6,MS/MS match,"Lipid Species, Lipid Species, Spectral Library - 1-MoNA LipidBlast 2022, Spectral Library - 1-MoNA LipidBlast 2022, Spectral Library - 1-MoNA LipidBlast 2022",,PE,PE,-0.214,-0.282,680.3,High confidence,14.4,273.5,1.341,2.6,,,,C43H72NO8P,No,38,7,16,1,22,6,,,,,even,Yes,,0,No,5.428571429,HepG2 cells + PFAS
9.5,730.53873,731.54601,[M-H]-,Neg,bruker.bsf.mcube.client.ui.model.impl.BucketTableLine@2896e871,TRUE,PE 17:0_18:1,MS/MS match,"Lipid Species, Lipid Species",,PE,PE,-0.5,-0.684,742.5,High confidence,3.5,273,1.338,2.8,No,,,C40H78NO8P,No,35,1,17,0,18,1,,,,,odd,No,,0,No,35,EVs (HeLA) + milk
11.5,758.57019,759.57747,[M-H]-,Neg,bruker.bsf.mcube.client.ui.model.impl.BucketTableLine@ac1c738,TRUE,PE 17:0_20:1,MS/MS match,"Lipid Species, Spectral Library - 1-MoNA LipidBlast 2022, Lipid Species, Lipid Species, Lipid Species",,PE,PE,-0.334,-0.441,912.2,High confidence,9.9,278.3,1.365,2.4,,,,C42H82NO8P,No,37,1,17,0,20,1,,,,,odd,No,,0,No,37,Snail brains
8.33,752.52333,753.5306,[M-H]-,Neg,bruker.bsf.mcube.client.ui.model.impl.BucketTableLine@3aff1aff,TRUE,PE 17:0_20:4,MS/MS match,"Lipid Species, Lipid Species, Spectral Library - 1-MoNA LipidBlast 2022",,PE,PE,-0.251,-0.333,832.5,High confidence,4.6,274.6,1.347,2.6,,,,C42H76NO8P,No,37,4,17,0,20,4,,,,,odd,Yes,,0,No,9.25,HepG2 cells + PFAS
8.5,752.52319,753.53046,[M-H]-,Neg,bruker.bsf.mcube.client.ui.model.impl.BucketTableLine@f8c6142,TRUE,PE 17:0_20:4,MS/MS match,"Lipid Species, Lipid Species, Lipid Species, Lipid Species, Spectral Library - 1-MoNA LipidBlast 2022",,PE,PE,-0.391,-0.519,796.8,High confidence,9.6,276,1.353,3.1,,,,C42H76NO8P,No,37,4,17,0,20,4,,,,,odd,Yes,,0,No,9.25,Snail brains
7.31,750.50762,751.51489,[M-H]-,Neg,bruker.bsf.mcube.client.ui.model.impl.BucketTableLine@3ecbb70,TRUE,PE 17:0_20:5,MS/MS match,"Lipid Species, Lipid Species, Lipid Species, Spectral Library - 1-MoNA LipidBlast 2022, Lipid Species",,PE,PE,-0.313,-0.417,882.9,High confidence,6.7,273.2,1.339,2.6,,,,C42H74NO8P,No,37,5,17,0,20,5,,,,,odd,Yes,,0,No,7.4,Snail brains
7.57,750.50765,751.51492,[M-H]-,Neg,bruker.bsf.mcube.client.ui.model.impl.BucketTableLine@7db8e1ed,TRUE,PE 17:0_20:5,MS/MS match,"Lipid Species, Lipid Species, Spectral Library - 1-MoNA LipidBlast 2022, Lipid Species, Lipid Species",,PE,PE,-0.281,-0.374,786.1,High confidence,10.5,273.8,1.342,2.8,,,,C42H74NO8P,No,37,5,17,0,20,5,,,,,odd,Yes,,0,No,7.4,Snail brains
9.45,780.55466,781.56194,[M-H]-,Neg,bruker.bsf.mcube.client.ui.model.impl.BucketTableLine@462fdaa4,TRUE,PE 17:0_22:4,MS/MS match,"Lipid Species, Lipid Species, Spectral Library - 1-MoNA LipidBlast 2022, Lipid Species, Lipid Species",,PE,PE,-0.22,-0.282,919.2,High confidence,25.1,281.2,1.38,2.7,,,,C44H80NO8P,No,39,4,17,0,22,4,,,,,odd,Yes,,0,No,9.75,Snail brains
7.5,726.50785,727.51513,[M-H]-,Neg,bruker.bsf.mcube.client.ui.model.impl.BucketTableLine@6373ff19,TRUE,PE 17:1_18:2,MS/MS match,"Lipid Species, Spectral Library - 1-MoNA LipidBlast 2022, Lipid Species",,PE,PE,-0.079,-0.109,900.5,High confidence,39.9,268.5,1.315,2.1,,,,C40H74NO8P,No,35,3,17,1,18,2,,,,,odd,Yes,,0,No,11.66666667,HepG2 cells + PFAS
11.77,746.57004,747.57731,[M-H]-,Neg,bruker.bsf.mcube.client.ui.model.impl.BucketTableLine@3e86d052,TRUE,PE 18:0/18:0,MS/MS match,"Lipid Species, Spectral Library - 1-MoNA LipidBlast 2022, Spectral Library - 1-MoNA LipidBlast 2022, Lipid Species",,PE,PE,-0.494,-0.661,626.4,High confidence,24.1,278.3,1.364,3,,,,C41H82NO8P,No,36,0,18,0,18,0,,,,,even,No,,0,No,,HepG2 cells + PFAS
10.29,744.55432,745.56153,"[M-H]-, [M+Na+COO]-",Neg,bruker.bsf.mcube.client.ui.model.impl.BucketTableLine@65a7f3ae,TRUE,PE 18:0_18:1,MS/MS match,"Lipid Species, Lipid Species",,PE,PE,-0.563,-0.755,839.2,High confidence,13.5,276.2,1.354,2.8,No,,,C41H80NO8P,No,36,1,18,0,18,1,,,,,even,No,,0,No,36,EVs (HeLA) + milk
10.26,746.56959,745.56143,"[M+H]+, [M+K]+, [M+Na]+",Pos,bruker.bsf.mcube.client.ui.model.impl.BucketTableLine@1b52441e,TRUE,PE 18:0_18:1,MS/MS match,"Lipid Species, Lipid Species",,PE,PE,0.162,0.217,955,High confidence,12,284.6,1.395,1.9,No,,,C41H80NO8P,No,36,1,18,0,18,1,,,,,even,No,,0,No,36,EVs (HeLA) + milk
9.08,742.53866,743.54587,"[M-H]-, [M+Na+COO]-",Neg,bruker.bsf.mcube.client.ui.model.impl.BucketTableLine@583b3ca2,TRUE,PE 18:0_18:2,MS/MS match,"Lipid Species, Lipid Species",,PE,PE,-0.569,-0.766,714.8,High confidence,7.7,274.6,1.346,2.7,No,,,C41H78NO8P,No,36,2,18,0,18,2,,,,,even,Yes,,0,No,18,EVs (HeLA) + milk
9.06,744.55345,743.54588,"[M+H]+, [M+Na]+",Pos,bruker.bsf.mcube.client.ui.model.impl.BucketTableLine@61d33625,TRUE,PE 18:0_18:2,MS/MS match,"Lipid Species, Lipid Species, Lipid Species",,PE,PE,-0.329,-0.442,976.2,High confidence,4,281.6,1.38,1.5,No,,,C41H78NO8P,No,36,2,18,0,18,2,,,,,even,Yes,,0,No,18,EVs (HeLA) + milk
9.62,742.53895,743.54623,[M-H]-,Neg,bruker.bsf.mcube.client.ui.model.impl.BucketTableLine@61074700,TRUE,PE 18:0_18:2,MS/MS match,"Lipid Species, Lipid Species, Lipid Species, Spectral Library - 1-MoNA LipidBlast 2022, Lipid Species",,PE,PE,-0.277,-0.372,871.7,High confidence,24.9,273.6,1.341,2.4,,,,C41H78NO8P,No,36,2,18,0,18,2,,,,,even,Yes,,0,No,18,Snail brains
10.24,768.55482,769.56204,"[M-H]-, [M+Na+COO]-",Neg,bruker.bsf.mcube.client.ui.model.impl.BucketTableLine@7a580a2,TRUE,PE 18:0_20:3,MS/MS match,"Lipid Species, Lipid Species, Spectral Library - 1-MoNA LipidBlast 2022",,PE,PE,-0.062,-0.08,819.3,High confidence,1.7,279.1,1.369,2.6,,,,C43H80NO8P,No,38,3,18,0,20,3,,,,,even,Yes,,0,No,12.66666667,HepG2 cells + PFAS
10.86,768.55469,769.56197,[M-H]-,Neg,bruker.bsf.mcube.client.ui.model.impl.BucketTableLine@6c2a8690,TRUE,PE 18:0_20:3,MS/MS match,"Lipid Species, Lipid Species, Spectral Library - 1-MoNA LipidBlast 2022",,PE,PE,-0.186,-0.242,873,High confidence,9.2,279.3,1.37,2.6,,,,C43H80NO8P,No,38,3,18,0,20,3,,,,,even,Yes,,0,No,12.66666667,HepG2 cells + PFAS
10.43,768.55476,769.56194,"[M-H]-, [M+Na+COO]-",Neg,bruker.bsf.mcube.client.ui.model.impl.BucketTableLine@78104d73,TRUE,PE 18:0_20:3,MS/MS match,"Lipid Species, Spectral Library - 1-MoNA LipidBlast 2022, Lipid Species",,PE,PE,-0.115,-0.15,882.7,High confidence,1.8,279.7,1.372,2.8,,,,C43H80NO8P,No,38,3,18,0,20,3,,,,,even,Yes,,0,No,12.66666667,HepG2 cells + PFAS
9.61,768.55404,769.56132,[M-H]-,Neg,bruker.bsf.mcube.client.ui.model.impl.BucketTableLine@53f2c0ad,TRUE,PE 18:0_20:3,MS/MS match,"Lipid Species, Lipid Species",,PE,PE,-0.837,-1.088,871.6,High confidence,4.9,280.9,1.378,3.2,No,,,C43H80NO8P,No,38,3,18,0,20,3,,,,,even,Yes,,0,No,12.66666667,EVs (HeLA) + milk
8.83,766.53843,767.54563,"[M-H]-, [M+Na+COO]-",Neg,bruker.bsf.mcube.client.ui.model.impl.BucketTableLine@550d6e84,TRUE,PE 18:0_20:4,MS/MS match,"Lipid Species, Lipid Species",,PE,PE,-0.798,-1.042,838.6,High confidence,10.5,278.1,1.364,2.7,No,,,C43H78NO8P,No,38,4,18,0,20,4,,,,,even,Yes,,0,No,9.5,EVs (HeLA) + milk
9.46,766.53966,767.54694,[M-H]-,Neg,bruker.bsf.mcube.client.ui.model.impl.BucketTableLine@66ad9490,TRUE,PE 18:0_20:4,MS/MS match,"Lipid Species, Lipid Species, Spectral Library - 1-MoNA LipidBlast 2022",,PE,PE,0.43,0.562,823,High confidence,42.1,278.3,1.365,2.8,,,,C43H78NO8P,No,38,4,18,0,20,4,,,,,even,Yes,,0,No,9.5,HepG2 cells + PFAS
8.63,766.53831,767.54559,[M-H]-,Neg,bruker.bsf.mcube.client.ui.model.impl.BucketTableLine@788254dd,TRUE,PE 18:0_20:4,MS/MS match,"Lipid Species, Lipid Species",,PE,PE,-0.919,-1.198,664.4,High confidence,19.6,278.5,1.366,2.9,No,,,C43H78NO8P,No,38,4,18,0,20,4,,,,,even,Yes,,0,No,9.5,EVs (HeLA) + milk
9.38,766.53983,767.5468,"[M-H]-, [M+Na+COO]-",Neg,bruker.bsf.mcube.client.ui.model.impl.BucketTableLine@5877d0dc,TRUE,PE 18:0_20:4,MS/MS match,"Lipid Species, Lipid Species, Lipid Species, Spectral Library - 1-MoNA LipidBlast 2022, Lipid Species",,PE,PE,0.604,0.788,808.4,High confidence,53.3,278.1,1.364,2.7,,,,C43H78NO8P,No,38,4,18,0,20,4,,,,,even,Yes,,0,No,9.5,Snail brains
8.28,764.52347,765.53064,"[M-H]-, [M+Na+COO]-",Neg,bruker.bsf.mcube.client.ui.model.impl.BucketTableLine@407b97ab,TRUE,PE 18:0_20:5,MS/MS match,"Lipid Species, Lipid Species, Lipid Species, Lipid Species, Spectral Library - 1-MoNA LipidBlast 2022",,PE,PE,-0.108,-0.141,801.3,High confidence,4.6,276.7,1.357,2.7,,,,C43H76NO8P,No,38,5,18,0,20,5,,,,,even,Yes,,0,No,7.6,Snail brains
10.88,794.57054,795.57768,"[M-H]-, [M+Na+COO]-",Neg,bruker.bsf.mcube.client.ui.model.impl.BucketTableLine@e80b8af,TRUE,PE 18:0_22:4,MS/MS match,"Lipid Species, Lipid Species, Spectral Library - 1-MoNA LipidBlast 2022",,PE,PE,0.014,0.017,877.8,High confidence,4.1,284,1.394,2.5,,,,C45H82NO8P,No,40,4,18,0,22,4,,,,,even,Yes,,0,No,10,HepG2 cells + PFAS
10.75,796.58465,795.57737,[M+H]+,Pos,bruker.bsf.mcube.client.ui.model.impl.BucketTableLine@6f25b4af,TRUE,PE 18:0_22:4,MS/MS match,"Lipid Species, Lipid Species, Lipid Species, Spectral Library - 1-MoNA LipidBlast 2022, Lipid Species",,PE,PE,-0.433,-0.544,910.3,High confidence,3.9,292.6,1.436,2.2,,,,C45H82NO8P,No,40,4,18,0,22,4,,,,,even,Yes,,0,No,10,Snail brains
10.75,794.57022,795.57746,"[M-H]-, [M+Na+COO]-",Neg,bruker.bsf.mcube.client.ui.model.impl.BucketTableLine@28c50d19,TRUE,PE 18:0_22:4,MS/MS match,"Lipid Species, Lipid Species, Lipid Species, Lipid Species, Spectral Library - 1-MoNA LipidBlast 2022",,PE,PE,-0.314,-0.395,841.2,High confidence,2.9,284.7,1.397,2.8,,,,C45H82NO8P,No,40,4,18,0,22,4,,,,,even,Yes,,0,No,10,Snail brains
9.03,790.53925,791.54631,"[M-H]-, [M+Na+COO]-",Neg,bruker.bsf.mcube.client.ui.model.impl.BucketTableLine@25fb5926,TRUE,PE 18:0_22:6,MS/MS match,"Lipid Species, Lipid Species, Spectral Library - 1-MoNA LipidBlast 2022",,PE,PE,0.017,0.022,785.9,High confidence,20.5,282,1.384,2.9,,,,C45H78NO8P,No,40,6,18,0,22,6,,,,,even,Yes,,0,No,6.666666667,HepG2 cells + PFAS
9.45,742.53916,743.54644,[M-H]-,Neg,bruker.bsf.mcube.client.ui.model.impl.BucketTableLine@15af01ca,TRUE,PE 18:1/18:1,MS/MS match,"Lipid Species, Spectral Library - 1-MoNA LipidBlast 2022, Lipid Species, Spectral Library - 1-MoNA LipidBlast 2022",,PE,PE,-0.066,-0.09,837.9,High confidence,1.2,273.2,1.339,2.2,,,,C41H78NO8P,No,36,2,18,1,18,1,,,,,even,Yes,,0,No,18,HepG2 cells + PFAS
9.75,742.53854,743.54581,[M-H]-,Neg,bruker.bsf.mcube.client.ui.model.impl.BucketTableLine@25b8459e,TRUE,PE 18:1/18:1,MS/MS match,"Lipid Species, Lipid Species",,PE,PE,-0.691,-0.931,703.1,High confidence,49.8,276.1,1.354,3.3,No,,,C41H78NO8P,No,36,2,18,1,18,1,,,,,even,Yes,,0,No,18,EVs (HeLA) + milk
8.86,744.55309,743.54581,"[M+H]+, [M-H2O+H]+",Pos,bruker.bsf.mcube.client.ui.model.impl.BucketTableLine@31c6b682,TRUE,PE 18:1/18:1,MS/MS match,"Lipid Species, Lipid Species",,PE,PE,-0.692,-0.929,966.9,High confidence,13.3,281.3,1.379,1.4,No,,,C41H78NO8P,No,36,2,18,1,18,1,,,,,even,Yes,,0,No,18,EVs (HeLA) + milk
7.84,740.52325,741.53021,"[M-H]-, [M+Na+COO]-",Neg,bruker.bsf.mcube.client.ui.model.impl.BucketTableLine@7e999b67,TRUE,PE 18:1_18:2,MS/MS match,"Lipid Species, Lipid Species",,PE,PE,-0.331,-0.447,870,High confidence,1.8,271.8,1.332,2.2,No,,,C41H76NO8P,No,36,3,18,1,18,2,,,,,even,Yes,,0,No,12,EVs (HeLA) + milk
8,740.52294,741.53021,[M-H]-,Neg,bruker.bsf.mcube.client.ui.model.impl.BucketTableLine@5afe4b5a,TRUE,PE 18:1_18:2,MS/MS match,"Lipid Species, Lipid Species",,PE,PE,-0.641,-0.866,952.2,High confidence,5.7,273,1.338,2.7,No,,,C41H76NO8P,No,36,3,18,1,18,2,,,,,even,Yes,,0,No,12,EVs (HeLA) + milk
8.61,740.5231,741.53038,[M-H]-,Neg,bruker.bsf.mcube.client.ui.model.impl.BucketTableLine@5867c94c,TRUE,PE 18:1_18:2,MS/MS match,"Lipid Species, Lipid Species",,PE,PE,-0.478,-0.645,829.3,High confidence,7.9,273,1.338,2.7,No,,,C41H76NO8P,No,36,3,18,1,18,2,,,,,even,Yes,,0,No,12,EVs (HeLA) + milk
8.19,742.53769,741.53031,"[M+H]+, [M+Na]+",Pos,bruker.bsf.mcube.client.ui.model.impl.BucketTableLine@1a9867cf,TRUE,PE 18:1_18:2,MS/MS match,"Lipid Species, Spectral Library - 1-MoNA LipidBlast 2022, Spectral Library - 1-MoNA LipidBlast 2022, Spectral Library - 1-MoNA LipidBlast 2022, Spectral Library - 1-MoNA LipidBlast 2022, Lipid Species, Spectral Library - 1-MoNA LipidBlast 2022, Spectral Library - 1-MoNA LipidBlast 2022, Spectral Library - 1-MoNA LipidBlast 2022, Spectral Library - 1-MoNA LipidBlast 2022, Spectral Library - 1-MoNA LipidBlast 2022, Spectral Library - 1-MoNA LipidBlast 2022, Spectral Library - 1-MoNA LipidBlast 2022, Spectral Library - 1-MoNA LipidBlast 2022, Spectral Library - 1-MoNA LipidBlast 2022",,PE,PE,-0.437,-0.589,936.2,High confidence,4.1,279.4,1.37,1.4,,,,C41H76NO8P,No,36,3,18,1,18,2,,,,,even,Yes,,0,No,12,HepG2 cells + PFAS
10.35,770.56992,771.57704,"[M-H]-, [M+Na+COO]-",Neg,bruker.bsf.mcube.client.ui.model.impl.BucketTableLine@775e6f85,TRUE,PE 18:1_20:1,MS/MS match,"Lipid Species, Lipid Species",,PE,PE,-0.608,-0.79,888.6,High confidence,0.5,280.9,1.378,2.7,No,,,C43H82NO8P,No,38,2,18,1,20,1,,,,,even,Yes,,0,No,19,EVs (HeLA) + milk
9.74,770.56884,769.56157,[M+H]+,Pos,bruker.bsf.mcube.client.ui.model.impl.BucketTableLine@7698f982,TRUE,PE 18:1_20:2,MS/MS match,"Lipid Species, Lipid Species, Spectral Library - 1-MoNA LipidBlast 2022, Lipid Species",,PE,PE,-0.587,-0.762,964.1,High confidence,6.6,287.2,1.409,1.9,,,,C43H80NO8P,No,38,3,18,1,20,2,,,,,even,Yes,,0,No,12.66666667,HepG2 cells + PFAS
8.23,766.53868,767.54595,[M-H]-,Neg,bruker.bsf.mcube.client.ui.model.impl.BucketTableLine@67022ca,TRUE,PE 18:1_20:3,MS/MS match,"Lipid Species, Lipid Species",,PE,PE,-0.551,-0.718,909.1,High confidence,16,277.3,1.36,2.4,No,,,C43H78NO8P,No,38,4,18,1,20,3,,,,,even,Yes,,0,No,9.5,EVs (HeLA) + milk
8.59,766.53902,767.54633,"[M-H]-, [M-CH3]-",Neg,bruker.bsf.mcube.client.ui.model.impl.BucketTableLine@353310c7,TRUE,PE 18:1_20:3,MS/MS match,"Lipid Species, Spectral Library - 1-MoNA LipidBlast 2022, Lipid Species",,PE,PE,-0.204,-0.266,840.7,High confidence,4.5,277.3,1.36,2.4,,,,C43H78NO8P,No,38,4,18,1,20,3,,,,,even,Yes,,0,No,9.5,HepG2 cells + PFAS
8.8,766.5393,767.54658,[M-H]-,Neg,bruker.bsf.mcube.client.ui.model.impl.BucketTableLine@4f48ca93,TRUE,PE 18:1_20:3,MS/MS match,"Lipid Species, Lipid Species, Spectral Library - 1-MoNA LipidBlast 2022",,PE,PE,0.073,0.096,870.2,High confidence,9,277.3,1.36,2.4,,,,C43H78NO8P,No,38,4,18,1,20,3,,,,,even,Yes,,0,No,9.5,HepG2 cells + PFAS
8.62,768.55301,767.54574,[M+H]+,Pos,bruker.bsf.mcube.client.ui.model.impl.BucketTableLine@378089ba,TRUE,PE 18:1_20:3,MS/MS match,"Lipid Species, Spectral Library - 1-MoNA LipidBlast 2022, Spectral Library - 1-MoNA LipidBlast 2022, Spectral Library - 1-MoNA LipidBlast 2022, Spectral Library - 1-MoNA LipidBlast 2022, Spectral Library - 1-MoNA LipidBlast 2022, Spectral Library - 1-MoNA LipidBlast 2022, Spectral Library - 1-MoNA LipidBlast 2022, Spectral Library - 1-MoNA LipidBlast 2022, Spectral Library - 1-MoNA LipidBlast 2022, Spectral Library - 1-MoNA LipidBlast 2022, Spectral Library - 1-MoNA LipidBlast 2022, Spectral Library - 1-MoNA LipidBlast 2022, Lipid Species, Spectral Library - 1-MoNA LipidBlast 2022, Spectral Library - 1-MoNA LipidBlast 2022, Spectral Library - 1-MoNA LipidBlast 2022, Spectral Library - 1-MoNA LipidBlast 2022",,PE,PE,-0.769,-1,942,High confidence,29.2,283.2,1.389,1.2,,,,C43H78NO8P,No,38,4,18,1,20,3,,,,,even,Yes,,0,No,9.5,HepG2 cells + PFAS
7.59,764.52302,765.53029,[M-H]-,Neg,bruker.bsf.mcube.client.ui.model.impl.BucketTableLine@2ee9ec97,TRUE,PE 18:1_20:4,MS/MS match,"Lipid Species, Lipid Species",,PE,PE,-0.564,-0.738,765.1,High confidence,15.7,275.4,1.351,2.2,No,,,C43H76NO8P,No,38,5,18,1,20,4,,,,,even,Yes,,0,No,7.6,EVs (HeLA) + milk
8.02,764.52397,765.53124,[M-H]-,Neg,bruker.bsf.mcube.client.ui.model.impl.BucketTableLine@6d8c5e96,TRUE,PE 18:1_20:4,MS/MS match,"Lipid Species, Spectral Library - 1-MoNA LipidBlast 2022, Lipid Species",,PE,PE,0.389,0.509,792.9,High confidence,35.1,276.1,1.354,2.5,,,,C43H76NO8P,No,38,5,18,1,20,4,,,,,even,Yes,,0,No,7.6,HepG2 cells + PFAS
7.91,764.52351,765.53071,"[M-H]-, [M+HCOO]-",Neg,bruker.bsf.mcube.client.ui.model.impl.BucketTableLine@62ce4888,TRUE,PE 18:1_20:4,MS/MS match,"Lipid Species, Lipid Species, Lipid Species, Lipid Species, Spectral Library - 1-MoNA LipidBlast 2022",,PE,PE,-0.073,-0.095,839.9,High confidence,2.7,276.2,1.355,2.6,,,,C43H76NO8P,No,38,5,18,1,20,4,,,,,even,Yes,,0,No,7.6,Snail brains
7.03,762.50777,763.51504,[M-H]-,Neg,bruker.bsf.mcube.client.ui.model.impl.BucketTableLine@46c34316,TRUE,PE 18:1_20:5,MS/MS match,"Lipid Species, Lipid Species, Spectral Library - 1-MoNA LipidBlast 2022, Lipid Species, Lipid Species",,PE,PE,-0.163,-0.214,752.9,High confidence,5.3,274.5,1.346,2.4,,,,C43H74NO8P,No,38,6,18,1,20,5,,,,,even,Yes,,0,No,6.333333333,Snail brains
7.29,762.50755,763.51482,[M-H]-,Neg,bruker.bsf.mcube.client.ui.model.impl.BucketTableLine@7caae908,TRUE,PE 18:1_20:5,MS/MS match,"Lipid Species, Lipid Species, Lipid Species, Lipid Species, Spectral Library - 1-MoNA LipidBlast 2022",,PE,PE,-0.384,-0.503,839.6,High confidence,24.6,274.9,1.348,2.6,,,,C43H74NO8P,No,38,6,18,1,20,5,,,,,even,Yes,,0,No,6.333333333,Snail brains
11.99,800.61636,801.62364,[M-H]-,Neg,bruker.bsf.mcube.client.ui.model.impl.BucketTableLine@60a59707,TRUE,PE 18:1_22:0,MS/MS match,"Lipid Species, Lipid Species",,PE,PE,-1.119,-1.398,637.2,High confidence,9.1,288.9,1.418,2.8,No,,,C45H88NO8P,No,40,1,18,1,22,0,,,,,even,No,,0,No,40,EVs (HeLA) + milk
11.5,798.60108,799.60823,"[M-H]-, [M+Na+COO]-",Neg,bruker.bsf.mcube.client.ui.model.impl.BucketTableLine@474497fe,TRUE,PE 18:1_22:1,MS/MS match,"Lipid Species, Lipid Species",,PE,PE,-0.752,-0.942,725.3,High confidence,4.7,286.5,1.406,2.4,No,,,C45H86NO8P,No,40,2,18,1,22,1,,,,,even,Yes,,0,No,20,EVs (HeLA) + milk
11.82,798.60168,799.60892,"[M-H]-, [M+Na+COO]-",Neg,bruker.bsf.mcube.client.ui.model.impl.BucketTableLine@90ad2f7,TRUE,PE 18:1_22:1,MS/MS match,"Lipid Species, Spectral Library - 1-MoNA LipidBlast 2022, Lipid Species",,PE,PE,-0.145,-0.181,775.6,High confidence,1.9,287.1,1.409,2.6,,,,C45H86NO8P,No,40,2,18,1,22,1,,,,,even,Yes,,0,No,20,HepG2 cells + PFAS
8.55,792.55357,793.56085,[M-H]-,Neg,bruker.bsf.mcube.client.ui.model.impl.BucketTableLine@68cb8839,TRUE,PE 18:1_22:4,MS/MS match,"Lipid Species, Lipid Species",,PE,PE,-1.309,-1.651,677,High confidence,29.7,281.6,1.382,2.2,No,,,C45H80NO8P,No,40,5,18,1,22,4,,,,,even,Yes,,0,No,8,EVs (HeLA) + milk
9,792.55456,793.56184,[M-H]-,Neg,bruker.bsf.mcube.client.ui.model.impl.BucketTableLine@1fe5d1f3,TRUE,PE 18:1_22:4,MS/MS match,"Lipid Species, Lipid Species, Lipid Species, Spectral Library - 1-MoNA LipidBlast 2022, Lipid Species",,PE,PE,-0.32,-0.403,636.7,High confidence,4.2,282.5,1.386,2.5,,,,C45H80NO8P,No,40,5,18,1,22,4,,,,,even,Yes,,0,No,8,Snail brains
8.59,790.53914,791.54642,[M-H]-,Neg,bruker.bsf.mcube.client.ui.model.impl.BucketTableLine@5304bbec,TRUE,PE 18:1_22:5,MS/MS match,"Lipid Species, Lipid Species, Spectral Library - 1-MoNA LipidBlast 2022, Spectral Library - 1-MoNA LipidBlast 2022",,PE,PE,-0.084,-0.107,621.4,High confidence,2.5,281.3,1.381,2.6,,,,C45H78NO8P,No,40,6,18,1,22,5,,,,,even,Yes,,0,No,6.666666667,HepG2 cells + PFAS
7.64,788.52356,789.53082,"[M-H]-, [M+Na+COO]-",Neg,bruker.bsf.mcube.client.ui.model.impl.BucketTableLine@55a8035d,TRUE,PE 18:1_22:6,MS/MS match,"Lipid Species, Lipid Species, Spectral Library - 1-MoNA LipidBlast 2022",,PE,PE,-0.016,-0.021,737.4,High confidence,4.5,279.6,1.372,2.5,,,,C45H76NO8P,No,40,7,18,1,22,6,,,,,even,Yes,,0,No,5.714285714,HepG2 cells + PFAS
10.68,820.58597,821.59325,[M-H]-,Neg,bruker.bsf.mcube.client.ui.model.impl.BucketTableLine@77d6ccb7,TRUE,PE 18:1_24:4,MS/MS match,"Lipid Species, Lipid Species, Spectral Library - 1-MoNA LipidBlast 2022",,PE,PE,-0.207,-0.253,862.7,High confidence,22,287.4,1.411,2,,,,C47H84NO8P,No,42,5,18,1,24,4,,,,,even,Yes,,0,No,8.4,HepG2 cells + PFAS
11.99,852.6474,853.65468,[M-H]-,Neg,bruker.bsf.mcube.client.ui.model.impl.BucketTableLine@1007f229,TRUE,PE 18:1_26:2,MS/MS match,"Lipid Species, Lipid Species",,PE,PE,-1.375,-1.613,609.8,High confidence,49.7,298.3,1.466,2.6,No,,,C49H92NO8P,No,44,3,18,1,26,2,,,,,even,Yes,,0,No,14.66666667,EVs (HeLA) + milk
6.95,738.50733,739.51461,[M-H]-,Neg,bruker.bsf.mcube.client.ui.model.impl.BucketTableLine@5d888a8c,TRUE,PE 18:2/18:2,MS/MS match,"Lipid Species, Lipid Species",,PE,PE,-0.595,-0.806,689.7,High confidence,4.5,270.2,1.324,2.1,No,,,C41H74NO8P,No,36,4,18,2,18,2,,,,,even,Yes,,0,No,9,EVs (HeLA) + milk
6.88,740.52195,739.51467,[M+H]+,Pos,bruker.bsf.mcube.client.ui.model.impl.BucketTableLine@4a6982a5,TRUE,PE 18:2/18:2,MS/MS match,"Lipid Species, Lipid Species",,PE,PE,-0.535,-0.722,975.5,High confidence,14.3,275.1,1.348,0.5,No,,,C41H74NO8P,No,36,4,18,2,18,2,,,,,even,Yes,,0,No,9,EVs (HeLA) + milk
7.45,764.52323,765.53051,[M-H]-,Neg,bruker.bsf.mcube.client.ui.model.impl.BucketTableLine@2b5c8cba,TRUE,PE 18:3_20:2,MS/MS match,"Lipid Species, Lipid Species, Lipid Species, Lipid Species, Spectral Library - 1-MoNA LipidBlast 2022",,PE,PE,-0.346,-0.452,622,High confidence,38,275.5,1.351,2.3,,,,C43H76NO8P,No,38,5,18,3,20,2,,,,,even,Yes,,0,No,7.6,Snail brains
10.4,780.55452,781.5618,[M-H]-,Neg,bruker.bsf.mcube.client.ui.model.impl.BucketTableLine@7dfd47ac,TRUE,PE 19:0_20:4,MS/MS match,"Lipid Species, Spectral Library - 1-MoNA LipidBlast 2022, Lipid Species",,PE,PE,-0.354,-0.454,870.9,High confidence,17.5,281.4,1.381,2.8,,,,C44H80NO8P,No,39,4,19,0,20,4,,,,,odd,Yes,,0,No,9.75,HepG2 cells + PFAS
9.91,780.55459,781.56187,[M-H]-,Neg,bruker.bsf.mcube.client.ui.model.impl.BucketTableLine@6e02fd6f,TRUE,PE 19:0_20:4,MS/MS match,"Lipid Species, Spectral Library - 1-MoNA LipidBlast 2022, Lipid Species, Lipid Species, Lipid Species",,PE,PE,-0.286,-0.366,892.2,High confidence,18.8,280.5,1.376,2.4,,,,C44H80NO8P,No,39,4,19,0,20,4,,,,,odd,Yes,,0,No,9.75,Snail brains
11.93,812.61731,813.62465,"[M-H]-, [M+Na+COO]-",Neg,bruker.bsf.mcube.client.ui.model.impl.BucketTableLine@20285ecd,TRUE,PE 19:0_22:2,MS/MS match,"Lipid Species, Spectral Library - 1-MoNA LipidBlast 2022, Lipid Species, Lipid Species, Lipid Species",,PE,PE,-0.167,-0.205,871.3,High confidence,9.6,291.2,1.43,2.9,,,,C46H88NO8P,No,41,2,19,0,22,2,,,,,odd,Yes,,0,No,20.5,Snail brains
11.25,808.58596,809.59313,"[M-H]-, [M-CH3]-, [M+Na+COO]-",Neg,bruker.bsf.mcube.client.ui.model.impl.BucketTableLine@643b5601,TRUE,PE 19:0_22:4,MS/MS match,"Lipid Species, Lipid Species, Spectral Library - 1-MoNA LipidBlast 2022, Spectral Library - 1-MoNA LipidBlast 2022, Lipid Species, Lipid Species",,PE,PE,-0.222,-0.275,808.6,High confidence,10.4,287.3,1.411,2.6,,,,C46H84NO8P,No,41,4,19,0,22,4,,,,,odd,Yes,,0,No,10.25,Snail brains
7.51,776.52342,777.5307,[M-H]-,Neg,bruker.bsf.mcube.client.ui.model.impl.BucketTableLine@64cc20a4,TRUE,PE 19:2_20:4,MS/MS match,"Lipid Species, Lipid Species, Lipid Species, Spectral Library - 1-MoNA LipidBlast 2022, Lipid Species",,PE,PE,-0.159,-0.204,738.4,High confidence,16.7,277.3,1.36,2.3,,,,C44H76NO8P,No,39,6,19,2,20,4,,,,,odd,Yes,,0,No,6.5,Snail brains
6.69,774.50784,775.51511,[M-H]-,Neg,bruker.bsf.mcube.client.ui.model.impl.BucketTableLine@7f917b45,TRUE,PE 19:2_20:5,MS/MS match,"Lipid Species, Lipid Species, Lipid Species, Spectral Library - 1-MoNA LipidBlast 2022, Lipid Species",,PE,PE,-0.091,-0.117,734.5,High confidence,14.6,275.9,1.353,2.3,,,,C44H74NO8P,No,39,7,19,2,20,5,,,,,odd,Yes,,0,No,5.571428571,Snail brains
9.46,792.55481,793.56199,"[M-H]-, [M+Na+COO]-",Neg,bruker.bsf.mcube.client.ui.model.impl.BucketTableLine@4937b06,TRUE,PE 20:1_20:4,MS/MS match,"Lipid Species, Lipid Species, Lipid Species, Lipid Species, Spectral Library - 1-MoNA LipidBlast 2022",,PE,PE,-0.069,-0.087,756.2,High confidence,1.1,282.8,1.388,2.6,,,,C45H80NO8P,No,40,5,20,1,20,4,,,,,even,Yes,,0,No,8,Snail brains
8.16,790.53945,791.54654,"[M-H]-, [M+Na+COO]-",Neg,bruker.bsf.mcube.client.ui.model.impl.BucketTableLine@5db8f233,TRUE,PE 20:2_20:4,MS/MS match,"Lipid Species, Spectral Library - 1-MoNA LipidBlast 2022, Lipid Species, Lipid Species, Lipid Species",,PE,PE,0.219,0.276,829.3,High confidence,40.6,280.5,1.376,2.3,,,,C45H78NO8P,No,40,6,20,2,20,4,,,,,even,Yes,,0,No,6.666666667,Snail brains
11.51,822.60156,823.60888,"[M-H]-, [M+Na+COO]-",Neg,bruker.bsf.mcube.client.ui.model.impl.BucketTableLine@7343b472,TRUE,PE 20:2_22:2,MS/MS match,"Lipid Species, Lipid Species, Spectral Library - 1-MoNA LipidBlast 2022, Lipid Species, Spectral Library - 1-MoNA LipidBlast 2022, Lipid Species",,PE,PE,-0.267,-0.325,899.2,High confidence,2,290.3,1.426,2.5,,,,C47H86NO8P,No,42,4,20,2,22,2,,,,,even,Yes,,0,No,10.5,Snail brains
10.47,820.58613,821.59341,[M-H]-,Neg,bruker.bsf.mcube.client.ui.model.impl.BucketTableLine@21ff392e,TRUE,PE 20:2_22:3,MS/MS match,"Lipid Species, Lipid Species, Lipid Species, Lipid Species, Spectral Library - 1-MoNA LipidBlast 2022",,PE,PE,-0.048,-0.059,907.6,High confidence,23.3,288.2,1.415,2.3,,,,C47H84NO8P,No,42,5,20,2,22,3,,,,,even,Yes,,0,No,8.4,Snail brains
9.33,820.58441,819.57714,[M+H]+,Pos,bruker.bsf.mcube.client.ui.model.impl.BucketTableLine@57ab5acd,TRUE,PE 20:2_22:4,MS/MS match,"Lipid Species, Lipid Species, Spectral Library - 1-MoNA LipidBlast 2022, Spectral Library - 1-MoNA LipidBlast 2022, Lipid Species, Spectral Library - 1-MoNA LipidBlast 2022, Lipid Species, Spectral Library - 1-MoNA LipidBlast 2022, Spectral Library - 1-MoNA LipidBlast 2022",,PE,PE,-0.67,-0.816,970,High confidence,4.3,293.4,1.441,1.6,,,,C47H82NO8P,No,42,6,20,2,22,4,,,,,even,Yes,,0,No,7,Snail brains
9.35,818.57044,819.57772,[M-H]-,Neg,bruker.bsf.mcube.client.ui.model.impl.BucketTableLine@9a77c13,TRUE,PE 20:2_22:4,MS/MS match,"Lipid Species, Lipid Species, Lipid Species, Lipid Species, Spectral Library - 1-MoNA LipidBlast 2022",,PE,PE,-0.09,-0.11,657.6,High confidence,4.2,286.8,1.408,2.3,,,,C47H82NO8P,No,42,6,20,2,22,4,,,,,even,Yes,,0,No,7,Snail brains
6.52,786.50769,787.51514,"[M-H]-, [M+Na+COO]-",Neg,bruker.bsf.mcube.client.ui.model.impl.BucketTableLine@7ad31374,TRUE,PE 20:3_20:5,MS/MS match,"Lipid Species, Lipid Species, Lipid Species, Spectral Library - 1-MoNA LipidBlast 2022, Lipid Species",,PE,PE,-0.241,-0.307,803.1,High confidence,4.5,277.8,1.363,2.3,,,,C45H74NO8P,No,40,8,20,3,20,5,,,,,even,Yes,,0,No,5,Snail brains
11.65,808.58597,809.59324,[M-H]-,Neg,bruker.bsf.mcube.client.ui.model.impl.BucketTableLine@4220055b,TRUE,PE 20:4_21:0,MS/MS match,"Lipid Species, Spectral Library - 1-MoNA LipidBlast 2022, Lipid Species",,PE,PE,-0.212,-0.262,952.5,High confidence,24.5,286.9,1.409,2.5,,,,C46H84NO8P,No,41,4,20,4,21,0,,,,,odd,Yes,,0,No,10.25,HepG2 cells + PFAS
11.85,822.60156,823.6088,"[M-H]-, [M+Na+COO]-",Neg,bruker.bsf.mcube.client.ui.model.impl.BucketTableLine@174f2176,TRUE,PE 20:4_22:0,MS/MS match,"Lipid Species, Lipid Species, Spectral Library - 1-MoNA LipidBlast 2022",,PE,PE,-0.266,-0.323,928.8,High confidence,244.8,290.8,1.428,2.7,,,,C47H86NO8P,No,42,4,20,4,22,0,,,,,even,Yes,,0,No,10.5,HepG2 cells + PFAS
5.17,721.50231,722.50906,"[M-H]-, [M+Na+COO]-",Neg,bruker.bsf.mcube.client.ui.model.impl.BucketTableLine@626e2d71,TRUE,PG 16:0/16:0,MS/MS match,"Lipid Species, Lipid Species, Lipid Species, Lipid Species, Spectral Library - 1-MoNA LipidBlast 2022, Lipid Species, Lipid Species",,PG,PG,-0.199,-0.276,980.7,High confidence,11.6,273.4,1.34,,,,,C38H75O10P,No,32,0,16,0,16,0,,,,,even,No,,0,No,,Snail brains
5.27,721.5024,722.50968,[M-H]-,Neg,bruker.bsf.mcube.client.ui.model.impl.BucketTableLine@62ec9fe,TRUE,PG 16:0/16:0,MS/MS match,"Lipid Species, Lipid Species, Lipid Species, Lipid Species, Lipid Species, Spectral Library - 1-MoNA LipidBlast 2022, Lipid Species",,PG,PG,-0.107,-0.148,931.7,High confidence,20.5,273.3,1.339,,,,,C38H75O10P,No,32,0,16,0,16,0,,,,,even,No,,0,No,,Snail brains
5.67,721.50244,722.50971,[M-H]-,Neg,bruker.bsf.mcube.client.ui.model.impl.BucketTableLine@2465d25b,TRUE,PG 16:0/16:0,MS/MS match,"Lipid Species, Lipid Species, Lipid Species, Lipid Species, Spectral Library - 1-MoNA LipidBlast 2022, Lipid Species, Lipid Species",,PG,PG,-0.071,-0.099,660.7,High confidence,9.1,274.8,1.347,,,,,C38H75O10P,No,32,0,16,0,16,0,,,,,even,No,,0,No,,Snail brains
5.99,721.50226,722.50953,[M-H]-,Neg,bruker.bsf.mcube.client.ui.model.impl.BucketTableLine@339bff27,TRUE,PG 16:0/16:0,MS/MS match,"Lipid Species, Lipid Species, Lipid Species, Lipid Species, Lipid Species, Lipid Species, Spectral Library - 1-MoNA LipidBlast 2022",,PG,PG,-0.251,-0.347,830.9,High confidence,6.6,275.4,1.349,,,,,C38H75O10P,No,32,0,16,0,16,0,,,,,even,No,,0,No,,Snail brains
7.06,747.51809,748.52537,[M-H]-,Neg,bruker.bsf.mcube.client.ui.model.impl.BucketTableLine@6cf94e1c,TRUE,PG 16:0_18:1,MS/MS match,"Lipid Species, Lipid Species, Spectral Library - 1-MoNA LipidBlast 2022, Lipid Species",,PG,PG,-0.07,-0.094,828.8,High confidence,10.9,275.7,1.352,,,,,C40H77O10P,No,34,1,16,0,18,1,,,,,even,No,,0,No,34,HepG2 cells + PFAS
6.76,747.51779,748.52506,[M-H]-,Neg,bruker.bsf.mcube.client.ui.model.impl.BucketTableLine@42b8ec0,TRUE,PG 16:0_18:1,MS/MS match,"Lipid Species, Lipid Species, Lipid Species",,PG,PG,-0.373,-0.5,859.9,High confidence,6.6,276.2,1.354,,No,,,C40H77O10P,No,34,1,16,0,18,1,,,,,even,No,,0,No,34,EVs (HeLA) + milk
6.22,747.51765,748.52493,[M-H]-,Neg,bruker.bsf.mcube.client.ui.model.impl.BucketTableLine@64adb199,TRUE,PG 16:0_18:1,MS/MS match,"Lipid Species, Spectral Library - 1-MoNA LipidBlast 2022, Lipid Species, Lipid Species",,PG,PG,-0.507,-0.678,835.2,High confidence,∞,279.8,1.372,,,,,C40H77O10P,No,34,1,16,0,18,1,,,,,even,No,,0,No,34,HepG2 cells + PFAS
5.65,747.51758,748.52485,[M-H]-,Neg,bruker.bsf.mcube.client.ui.model.impl.BucketTableLine@43220099,TRUE,PG 16:0_18:1,MS/MS match,"Lipid Species, Lipid Species, Lipid Species, Lipid Species, Lipid Species, Lipid Species, Spectral Library - 1-MoNA LipidBlast 2022",,PG,PG,-0.582,-0.778,865.5,High confidence,8,278.8,1.367,,,,,C40H77O10P,No,34,1,16,0,18,1,,,,,even,No,,0,No,34,Snail brains
6.09,747.51797,748.52525,[M-H]-,Neg,bruker.bsf.mcube.client.ui.model.impl.BucketTableLine@1758585c,TRUE,PG 16:0_18:1,MS/MS match,"Lipid Species, Lipid Species, Lipid Species, Lipid Species, Lipid Species, Spectral Library - 1-MoNA LipidBlast 2022, Lipid Species",,PG,PG,-0.19,-0.254,756.5,High confidence,35.7,279.9,1.372,,,,,C40H77O10P,No,34,1,16,0,18,1,,,,,even,No,,0,No,34,Snail brains
6.08,745.5021,746.50969,"[M-H]-, [M+Na+COO]-",Neg,bruker.bsf.mcube.client.ui.model.impl.BucketTableLine@22592daf,TRUE,PG 16:0_18:2,MS/MS match,"Lipid Species, Lipid Species, Lipid Species",,PG,PG,-0.413,-0.554,914.7,High confidence,5.3,274.6,1.346,,No,,,C40H75O10P,No,34,2,16,0,18,2,,,,,even,Yes,,0,No,17,EVs (HeLA) + milk
5.52,762.52785,744.49402,[M+NH4]+,Pos,bruker.bsf.mcube.client.ui.model.impl.BucketTableLine@75ac6e1e,TRUE,PG 16:0_18:3,MS/MS match,"Lipid Species, Lipid Species, Lipid Species, Lipid Species",,PG,PG,-0.114,-0.15,918.2,High confidence,18.1,285.1,1.398,,No,,,C40H73O10P,No,34,3,16,0,18,3,,,,,even,Yes,,0,No,11.33333333,EVs (HeLA) + milk
5.43,788.5429,770.50908,[M+NH4]+,Pos,bruker.bsf.mcube.client.ui.model.impl.BucketTableLine@39877190,TRUE,PG 16:0_20:4,MS/MS match,"Lipid Species, Lipid Species, Lipid Species, Lipid Species, Lipid Species, Spectral Library - 1-MoNA LipidBlast 2022, Lipid Species",,PG,PG,-0.708,-0.897,798.3,High confidence,14.6,292.2,1.434,,,,,C42H75O10P,No,36,4,16,0,20,4,,,,,even,Yes,,0,No,9,Snail brains
5.1,769.50193,770.50921,[M-H]-,Neg,bruker.bsf.mcube.client.ui.model.impl.BucketTableLine@5dfd354b,TRUE,PG 16:0_20:4,MS/MS match,"Lipid Species, Lipid Species, Lipid Species, Lipid Species, Spectral Library - 1-MoNA LipidBlast 2022, Lipid Species, Lipid Species",,PG,PG,-0.575,-0.747,837.1,High confidence,9.8,280.8,1.378,,,,,C42H75O10P,No,36,4,16,0,20,4,,,,,even,Yes,,0,No,9,Snail brains
5.06,786.52727,768.49344,[M+NH4]+,Pos,bruker.bsf.mcube.client.ui.model.impl.BucketTableLine@74a1cacb,TRUE,PG 16:0_20:5,MS/MS match,"Lipid Species, Lipid Species, Spectral Library - 1-MoNA LipidBlast 2022, Lipid Species, Lipid Species, Lipid Species, Lipid Species",,PG,PG,-0.693,-0.881,805.7,High confidence,244.3,290.6,1.426,,,,,C42H73O10P,No,36,5,16,0,20,5,,,,,even,Yes,,0,No,7.2,Snail brains
4.84,767.48669,768.49396,[M-H]-,Neg,bruker.bsf.mcube.client.ui.model.impl.BucketTableLine@31923ae3,TRUE,PG 16:0_20:5,MS/MS match,"Lipid Species, Lipid Species, Lipid Species, Lipid Species, Lipid Species, Spectral Library - 1-MoNA LipidBlast 2022, Lipid Species",,PG,PG,-0.174,-0.227,922.6,High confidence,17.4,280.3,1.375,,,,,C42H73O10P,No,36,5,16,0,20,5,,,,,even,Yes,,0,No,7.2,Snail brains
5.6,733.50223,734.50951,[M-H]-,Neg,bruker.bsf.mcube.client.ui.model.impl.BucketTableLine@76fe973e,TRUE,PG 16:1_17:0,MS/MS match,"Lipid Species, Lipid Species, Spectral Library - 1-MoNA LipidBlast 2022, Lipid Species, Lipid Species, Lipid Species, Lipid Species",,PG,PG,-0.278,-0.379,817.2,High confidence,107.4,276.8,1.356,,,,,C39H75O10P,No,33,1,16,1,17,0,,,,,odd,No,,0,No,33,Snail brains
4.97,786.52724,768.49341,[M+NH4]+,Pos,bruker.bsf.mcube.client.ui.model.impl.BucketTableLine@300f1f46,TRUE,PG 16:1_20:4,MS/MS match,"Lipid Species, Lipid Species, Spectral Library - 1-MoNA LipidBlast 2022, Lipid Species, Lipid Species, Lipid Species, Lipid Species",,PG,PG,-0.723,-0.919,881.8,High confidence,21.1,288.7,1.417,,,,,C42H73O10P,No,36,5,16,1,20,4,,,,,even,Yes,,0,No,7.2,Snail brains
4.61,765.47107,766.47835,[M-H]-,Neg,bruker.bsf.mcube.client.ui.model.impl.BucketTableLine@64bc5d,TRUE,PG 16:1_20:5,MS/MS match,"Lipid Species, Spectral Library - 1-MoNA LipidBlast 2022, Lipid Species, Lipid Species, Lipid Species, Lipid Species, Lipid Species, Spectral Library - 1-MoNA LipidBlast 2022",,PG,PG,-0.137,-0.179,616.6,High confidence,11.5,279,1.368,,,,,C42H71O10P,No,36,6,16,1,20,5,,,,,even,Yes,,0,No,6,Snail brains
4.92,791.48654,792.49381,[M-H]-,Neg,bruker.bsf.mcube.client.ui.model.impl.BucketTableLine@6cfc855a,TRUE,PG 16:1_22:6,MS/MS match,"Lipid Species, Lipid Species, Lipid Species, Spectral Library - 1-MoNA LipidBlast 2022",,PG,PG,-0.324,-0.409,836.3,High confidence,16.1,284.2,1.395,,,,,C44H73O10P,No,38,7,16,1,22,6,,,,,even,Yes,,0,No,5.428571429,HepG2 cells + PFAS
6.61,749.53355,750.54083,[M-H]-,Neg,bruker.bsf.mcube.client.ui.model.impl.BucketTableLine@7b5fbd11,TRUE,PG 17:0/17:0,MS/MS match,"Lipid Species, Lipid Species, Spectral Library - 1-MoNA LipidBlast 2022, Lipid Species, Lipid Species, Lipid Species, Lipid Species",,PG,PG,-0.256,-0.341,959.7,High confidence,3.1,281.2,1.379,,,,,C40H79O10P,No,34,0,17,0,17,0,,,,,even,No,,0,No,,Snail brains
5.66,802.55849,784.52467,[M+NH4]+,Pos,bruker.bsf.mcube.client.ui.model.impl.BucketTableLine@33d7b966,TRUE,PG 17:0_20:4,MS/MS match,"Lipid Species, Lipid Species, Lipid Species, Spectral Library - 1-MoNA LipidBlast 2022, Lipid Species, Lipid Species, Lipid Species",,PG,PG,-0.768,-0.957,651.3,High confidence,6.6,294.5,1.446,,,,,C43H77O10P,No,37,4,17,0,20,4,,,,,odd,Yes,,0,No,9.25,Snail brains
5.68,783.51804,784.52532,[M-H]-,Neg,bruker.bsf.mcube.client.ui.model.impl.BucketTableLine@3441994b,TRUE,PG 17:0_20:4,MS/MS match,"Lipid Species, Lipid Species, Lipid Species, Lipid Species, Lipid Species, Lipid Species, Spectral Library - 1-MoNA LipidBlast 2022",,PG,PG,-0.116,-0.148,935,High confidence,1.6,284.9,1.398,,,,,C43H77O10P,No,37,4,17,0,20,4,,,,,odd,Yes,,0,No,9.25,Snail brains
5.26,800.54279,782.50896,[M+NH4]+,Pos,bruker.bsf.mcube.client.ui.model.impl.BucketTableLine@1a7258ec,TRUE,PG 17:0_20:5,MS/MS match,"Lipid Species, Lipid Species, Lipid Species, Spectral Library - 1-MoNA LipidBlast 2022, Lipid Species, Lipid Species, Lipid Species",,PG,PG,-0.822,-1.027,738.1,High confidence,∞,293.5,1.441,,,,,C43H75O10P,No,37,5,17,0,20,5,,,,,odd,Yes,,0,No,7.4,Snail brains
5.27,781.50238,782.50966,[M-H]-,Neg,bruker.bsf.mcube.client.ui.model.impl.BucketTableLine@2d9a9073,TRUE,PG 17:0_20:5,MS/MS match,"Lipid Species, Lipid Species, Lipid Species, Lipid Species, Lipid Species, Spectral Library - 1-MoNA LipidBlast 2022, Lipid Species",,PG,PG,-0.124,-0.159,818.3,High confidence,13.9,283.6,1.392,,,,,C43H75O10P,No,37,5,17,0,20,5,,,,,odd,Yes,,0,No,7.4,Snail brains
7.27,775.54886,776.55614,[M-H]-,Neg,bruker.bsf.mcube.client.ui.model.impl.BucketTableLine@b92b5a1,TRUE,PG 18:0_18:1,MS/MS match,"Lipid Species, Lipid Species, Lipid Species, Spectral Library - 1-MoNA LipidBlast 2022",,PG,PG,-0.6,-0.773,901.2,High confidence,∞,287.2,1.409,,,,,C42H81O10P,No,36,1,18,0,18,1,,,,,even,No,,0,No,36,HepG2 cells + PFAS
7.27,773.53354,774.54082,[M-H]-,Neg,bruker.bsf.mcube.client.ui.model.impl.BucketTableLine@ff27e62,TRUE,PG 18:1/18:1,MS/MS match,"Lipid Species, Spectral Library - 1-MoNA LipidBlast 2022, Lipid Species, Lipid Species",,PG,PG,-0.27,-0.349,806.6,High confidence,3.8,280.4,1.375,,,,,C42H79O10P,No,36,2,18,1,18,1,,,,,even,Yes,,0,No,18,HepG2 cells + PFAS
6.34,773.5336,774.54088,[M-H]-,Neg,bruker.bsf.mcube.client.ui.model.impl.BucketTableLine@5340c1bd,TRUE,PG 18:1/18:1,MS/MS match,"Lipid Species, Lipid Species, Spectral Library - 1-MoNA LipidBlast 2022, Lipid Species",,PG,PG,-0.205,-0.265,932.1,High confidence,107.5,284.8,1.397,,,,,C42H79O10P,No,36,2,18,1,18,1,,,,,even,Yes,,0,No,18,HepG2 cells + PFAS
6.34,792.5739,774.54007,[M+NH4]+,Pos,bruker.bsf.mcube.client.ui.model.impl.BucketTableLine@30e63a00,TRUE,PG 18:1/18:1,MS/MS match,"Lipid Species, Lipid Species, Lipid Species, Spectral Library - 1-MoNA LipidBlast 2022",,PG,PG,-1.014,-1.279,715.8,High confidence,77.2,296.8,1.457,,,,,C42H79O10P,No,36,2,18,1,18,1,,,,,even,Yes,,0,No,18,HepG2 cells + PFAS
5.72,771.51728,772.52456,[M-H]-,Neg,bruker.bsf.mcube.client.ui.model.impl.BucketTableLine@665198c,TRUE,PG 18:1_18:2,MS/MS match,"Lipid Species, Lipid Species, Lipid Species",,PG,PG,-0.879,-1.139,899.7,High confidence,7.3,282.7,1.387,,No,,,C42H77O10P,No,36,3,18,1,18,2,,,,,even,Yes,,0,No,12,EVs (HeLA) + milk
5.71,790.55874,772.52492,[M+NH4]+,Pos,bruker.bsf.mcube.client.ui.model.impl.BucketTableLine@3e986e5a,TRUE,PG 18:1_18:2,MS/MS match,"Lipid Species, Lipid Species, Lipid Species",,PG,PG,-0.519,-0.657,762.4,High confidence,10.7,288.1,1.414,,No,,,C42H77O10P,No,36,3,18,1,18,2,,,,,even,Yes,,0,No,12,EVs (HeLA) + milk
7.34,801.56464,802.57192,[M-H]-,Neg,bruker.bsf.mcube.client.ui.model.impl.BucketTableLine@3d8cac68,TRUE,PG 18:1_20:1,MS/MS match,"Lipid Species, Lipid Species, Spectral Library - 1-MoNA LipidBlast 2022, Lipid Species",,PG,PG,-0.467,-0.582,738.4,High confidence,8.4,291.5,1.431,,,,,C44H83O10P,No,38,2,18,1,20,1,,,,,even,Yes,,0,No,19,HepG2 cells + PFAS
5.68,814.55804,796.52421,[M+NH4]+,Pos,bruker.bsf.mcube.client.ui.model.impl.BucketTableLine@b010a6f,TRUE,PG 18:1_20:4,MS/MS match,"Lipid Species, Lipid Species, Spectral Library - 1-MoNA LipidBlast 2022, Lipid Species",,PG,PG,-1.221,-1.499,830.9,High confidence,13.2,295,1.449,,,,,C44H77O10P,No,38,5,18,1,20,4,,,,,even,Yes,,0,No,7.6,HepG2 cells + PFAS
5.53,814.55842,796.52459,[M+NH4]+,Pos,bruker.bsf.mcube.client.ui.model.impl.BucketTableLine@7298e028,TRUE,PG 18:1_20:4,MS/MS match,"Lipid Species, Lipid Species, Lipid Species, Lipid Species, Spectral Library - 1-MoNA LipidBlast 2022, Lipid Species, Lipid Species",,PG,PG,-0.845,-1.037,808.6,High confidence,34.3,294.8,1.447,,,,,C44H77O10P,No,38,5,18,1,20,4,,,,,even,Yes,,0,No,7.6,Snail brains
5.97,840.57419,822.54036,[M+NH4]+,Pos,bruker.bsf.mcube.client.ui.model.impl.BucketTableLine@57318af4,TRUE,PG 18:1_22:5,MS/MS match,"Lipid Species, Lipid Species, Spectral Library - 1-MoNA LipidBlast 2022, Lipid Species",,PG,PG,-0.723,-0.861,962.2,High confidence,1.7,300.9,1.478,,,,,C46H79O10P,No,40,6,18,1,22,5,,,,,even,Yes,,0,No,6.666666667,HepG2 cells + PFAS
5.51,838.55844,820.52461,[M+NH4]+,Pos,bruker.bsf.mcube.client.ui.model.impl.BucketTableLine@3bd3dd2e,TRUE,PG 18:1_22:6,MS/MS match,"Lipid Species, Lipid Species, Lipid Species, Spectral Library - 1-MoNA LipidBlast 2022",,PG,PG,-0.826,-0.985,936.5,High confidence,1.7,297.9,1.463,,,,,C46H77O10P,No,40,7,18,1,22,6,,,,,even,Yes,,0,No,5.714285714,HepG2 cells + PFAS
5.55,769.50215,770.50942,[M-H]-,Neg,bruker.bsf.mcube.client.ui.model.impl.BucketTableLine@65cbb419,TRUE,PG 18:2/18:2,MS/MS match,"Lipid Species, Lipid Species, Lipid Species",,PG,PG,-0.361,-0.469,830.6,High confidence,9.6,276.9,1.358,,No,,,C42H75O10P,No,36,4,18,2,18,2,,,,,even,Yes,,0,No,9,EVs (HeLA) + milk
5.25,769.50256,770.50984,[M-H]-,Neg,bruker.bsf.mcube.client.ui.model.impl.BucketTableLine@7c245ae9,TRUE,PG 18:2/18:2,MS/MS match,"Lipid Species, Lipid Species, Spectral Library - 1-MoNA LipidBlast 2022, Lipid Species",,PG,PG,0.05,0.065,912.8,High confidence,7.2,281,1.378,,,,,C42H75O10P,No,36,4,18,2,18,2,,,,,even,Yes,,0,No,9,HepG2 cells + PFAS
5.53,788.54359,770.50976,[M+NH4]+,Pos,bruker.bsf.mcube.client.ui.model.impl.BucketTableLine@7600e871,TRUE,PG 18:2/18:2,MS/MS match,"Lipid Species, Lipid Species, Lipid Species, Lipid Species",,PG,PG,-0.024,-0.031,909.1,High confidence,3.2,287.3,1.41,,No,,,C42H75O10P,No,36,4,18,2,18,2,,,,,even,Yes,,0,No,9,EVs (HeLA) + milk
5.12,812.54271,794.50888,[M+NH4]+,Pos,bruker.bsf.mcube.client.ui.model.impl.BucketTableLine@3ba2060b,TRUE,PG 18:2_20:4,MS/MS match,"Lipid Species, Lipid Species, Lipid Species, Lipid Species, Lipid Species, Spectral Library - 1-MoNA LipidBlast 2022, Lipid Species",,PG,PG,-0.906,-1.115,722.8,High confidence,46.8,294.8,1.448,,,,,C44H75O10P,No,38,6,18,2,20,4,,,,,even,Yes,,0,No,6.333333333,Snail brains
5.12,793.50226,794.50954,[M-H]-,Neg,bruker.bsf.mcube.client.ui.model.impl.BucketTableLine@432fc76e,TRUE,PG 18:2_20:4,MS/MS match,"Lipid Species, Spectral Library - 1-MoNA LipidBlast 2022, Lipid Species, Lipid Species, Lipid Species, Lipid Species, Lipid Species",,PG,PG,-0.25,-0.314,790.7,High confidence,8.7,285.1,1.399,,,,,C44H75O10P,No,38,6,18,2,20,4,,,,,even,Yes,,0,No,6.333333333,Snail brains
4.75,791.48669,792.49397,[M-H]-,Neg,bruker.bsf.mcube.client.ui.model.impl.BucketTableLine@63d05da8,TRUE,PG 18:2_20:5,MS/MS match,"Lipid Species, Lipid Species, Lipid Species, Spectral Library - 1-MoNA LipidBlast 2022, Lipid Species, Spectral Library - 1-MoNA LipidBlast 2022, Lipid Species, Lipid Species",,PG,PG,-0.164,-0.207,636.8,High confidence,11.8,283.9,1.393,,,,,C44H73O10P,No,38,7,18,2,20,5,,,,,even,Yes,,0,No,5.428571429,Snail brains
5.24,819.51808,820.52535,[M-H]-,Neg,bruker.bsf.mcube.client.ui.model.impl.BucketTableLine@cc7c8e7,TRUE,PG 18:2_22:5,MS/MS match,"Lipid Species, Lipid Species, Spectral Library - 1-MoNA LipidBlast 2022, Lipid Species",,PG,PG,-0.082,-0.1,627.8,High confidence,21.5,289.3,1.421,,,,,C46H77O10P,No,40,7,18,2,22,5,,,,,even,Yes,,0,No,5.714285714,HepG2 cells + PFAS
5.08,817.50258,818.50986,[M-H]-,Neg,bruker.bsf.mcube.client.ui.model.impl.BucketTableLine@4765269,TRUE,PG 18:2_22:6,MS/MS match,"Lipid Species, Lipid Species, Lipid Species, Spectral Library - 1-MoNA LipidBlast 2022",,PG,PG,0.07,0.086,899.5,High confidence,2.2,288,1.414,,,,,C46H75O10P,No,40,8,18,2,22,6,,,,,even,Yes,,0,No,5,HepG2 cells + PFAS
4.93,817.50221,818.50948,[M-H]-,Neg,bruker.bsf.mcube.client.ui.model.impl.BucketTableLine@3a8f1c33,TRUE,PG 20:3_20:5,MS/MS match,"Lipid Species, Lipid Species, Lipid Species, Lipid Species, Lipid Species, Spectral Library - 1-MoNA LipidBlast 2022, Lipid Species",,PG,PG,-0.301,-0.369,750.6,High confidence,17.5,288.4,1.416,,,,,C46H75O10P,No,40,8,20,3,20,5,,,,,even,Yes,,0,No,5,Snail brains
5.03,817.50235,818.50961,"[M-H]-, [M+Na+COO]-",Neg,bruker.bsf.mcube.client.ui.model.impl.BucketTableLine@dc96ed,TRUE,PG 20:4/20:4,MS/MS match,"Lipid Species, Lipid Species, Spectral Library - 1-MoNA LipidBlast 2022, Lipid Species, Lipid Species, Lipid Species, Lipid Species",,PG,PG,-0.161,-0.197,958.2,High confidence,1.4,288.4,1.416,,,,,C46H75O10P,No,40,8,20,4,20,4,,,,,even,Yes,,0,No,5,Snail brains
5.48,845.53361,846.54089,[M-H]-,Neg,bruker.bsf.mcube.client.ui.model.impl.BucketTableLine@3df87459,TRUE,PG 20:4_22:4,MS/MS match,"Lipid Species, Lipid Species, Spectral Library - 1-MoNA LipidBlast 2022, Lipid Species, Lipid Species, Lipid Species, Lipid Species",,PG,PG,-0.2,-0.236,881.7,High confidence,10.6,293.9,1.444,,,,,C48H79O10P,No,42,8,20,4,22,4,,,,,even,Yes,,0,No,5.25,Snail brains
5.92,833.51816,834.52551,"[M-H]-, [M+Na+COO]-",Neg,bruker.bsf.mcube.client.ui.model.impl.BucketTableLine@372bed7a,TRUE,PI 16:0_18:2,MS/MS match,"Lipid Species, Lipid Species",,PI,PI,-0.39,-0.468,606.1,High confidence,4.5,288.7,1.418,,No,,,C43H79O13P,No,34,2,16,0,18,2,,,,,even,Yes,,0,No,17,EVs (HeLA) + milk
5.39,831.50236,832.50964,[M-H]-,Neg,bruker.bsf.mcube.client.ui.model.impl.BucketTableLine@3e0b50a9,TRUE,PI 16:0_18:3,MS/MS match,"Lipid Species, Lipid Species",,PI,PI,-0.543,-0.654,896,High confidence,5.7,287.9,1.414,,No,,,C43H77O13P,No,34,3,16,0,18,3,,,,,even,Yes,,0,No,11.33333333,EVs (HeLA) + milk
6.04,857.51891,858.52597,"[M-H]-, [M+Na+COO]-",Neg,bruker.bsf.mcube.client.ui.model.impl.BucketTableLine@561ce24,TRUE,PI 16:0_20:4,MS/MS match,"Lipid Species, Spectral Library - 1-MoNA LipidBlast 2022, Lipid Species",,PI,PI,0.353,0.411,672.6,High confidence,43.7,293.1,1.441,,,,,C45H79O13P,No,36,4,16,0,20,4,,,,,even,Yes,,0,No,9,HepG2 cells + PFAS
7.89,889.58063,890.5879,[M-H]-,Neg,bruker.bsf.mcube.client.ui.model.impl.BucketTableLine@767f3a2e,TRUE,PI 18:0_20:2,MS/MS match,"Lipid Species, Lipid Species",,PI,PI,-0.526,-0.592,780,High confidence,0.8,301.2,1.481,,No,,,C47H87O13P,No,38,2,18,0,20,2,,,,,even,Yes,,0,No,19,EVs (HeLA) + milk
8.18,889.58073,890.58801,[M-H]-,Neg,bruker.bsf.mcube.client.ui.model.impl.BucketTableLine@60467e39,TRUE,PI 18:0_20:2,MS/MS match,"Lipid Species, Lipid Species",,PI,PI,-0.422,-0.474,682.7,High confidence,7.4,302.8,1.489,,No,,,C47H87O13P,No,38,2,18,0,20,2,,,,,even,Yes,,0,No,19,EVs (HeLA) + milk
7.19,887.5648,888.57207,[M-H]-,Neg,bruker.bsf.mcube.client.ui.model.impl.BucketTableLine@3fde89e5,TRUE,PI 18:0_20:3,MS/MS match,"Lipid Species, Lipid Species",,PI,PI,-0.706,-0.795,749.9,High confidence,7.9,300.2,1.476,,No,,,C47H85O13P,No,38,3,18,0,20,3,,,,,even,Yes,,0,No,12.66666667,EVs (HeLA) + milk
6.7,885.54944,886.55631,"[M-H]-, [M+Na+COO]-",Neg,bruker.bsf.mcube.client.ui.model.impl.BucketTableLine@60a92fa8,TRUE,PI 18:0_20:4,MS/MS match,"Lipid Species, Lipid Species",,PI,PI,-0.414,-0.468,741.5,High confidence,3.9,298.7,1.469,,No,,,C47H83O13P,No,38,4,18,0,20,4,,,,,even,Yes,,0,No,9.5,EVs (HeLA) + milk
6.91,885.54988,886.55707,"[M-H]-, [M+Na+COO]-",Neg,bruker.bsf.mcube.client.ui.model.impl.BucketTableLine@48585f32,TRUE,PI 18:0_20:4,MS/MS match,"Lipid Species, Spectral Library - 1-MoNA LipidBlast 2022, Lipid Species, Lipid Species, Lipid Species",,PI,PI,0.031,0.035,744.4,High confidence,18.5,298.5,1.468,,,,,C47H83O13P,No,38,4,18,0,20,4,,,,,even,Yes,,0,No,9.5,Snail brains
6.3,883.53419,884.54142,"[M-H]-, [M+Na+COO]-",Neg,bruker.bsf.mcube.client.ui.model.impl.BucketTableLine@38394f26,TRUE,PI 18:0_20:5,MS/MS match,"Lipid Species, Lipid Species, Lipid Species, Spectral Library - 1-MoNA LipidBlast 2022, Lipid Species",,PI,PI,-0.014,-0.015,652.5,High confidence,32.9,297.5,1.463,,,,,C47H81O13P,No,38,5,18,0,20,5,,,,,even,Yes,,0,No,7.6,Snail brains
7.99,913.58113,914.5884,[M-H]-,Neg,bruker.bsf.mcube.client.ui.model.impl.BucketTableLine@5cc3b067,TRUE,PI 18:0_22:4,MS/MS match,"Lipid Species, Lipid Species, Spectral Library - 1-MoNA LipidBlast 2022",,PI,PI,-0.028,-0.03,622.6,High confidence,13.7,303.5,1.493,,,,,C49H87O13P,No,40,4,18,0,22,4,,,,,even,Yes,,0,No,10,HepG2 cells + PFAS
6.72,861.54918,862.55646,[M-H]-,Neg,bruker.bsf.mcube.client.ui.model.impl.BucketTableLine@5a4c203,TRUE,PI 18:1/18:1,MS/MS match,"Lipid Species, Lipid Species",,PI,PI,-0.67,-0.778,684,High confidence,2,294.7,1.448,,No,,,C45H83O13P,No,36,2,18,1,18,1,,,,,even,Yes,,0,No,18,EVs (HeLA) + milk
6,859.53348,860.54097,"[M-H]-, [M+Na+COO]-",Neg,bruker.bsf.mcube.client.ui.model.impl.BucketTableLine@11b9779d,TRUE,PI 18:1_18:2,MS/MS match,"Lipid Species, Lipid Species",,PI,PI,-0.724,-0.842,713.8,High confidence,6,293.5,1.442,,No,,,C45H81O13P,No,36,3,18,1,18,2,,,,,even,Yes,,0,No,12,EVs (HeLA) + milk
6.7,885.54994,886.55722,[M-H]-,Neg,bruker.bsf.mcube.client.ui.model.impl.BucketTableLine@1311c699,TRUE,PI 18:1_20:3,MS/MS match,"Lipid Species, Spectral Library - 1-MoNA LipidBlast 2022, Lipid Species",,PI,PI,0.089,0.101,666,High confidence,11.4,298.7,1.468,,,,,C47H83O13P,No,38,4,18,1,20,3,,,,,even,Yes,,0,No,9.5,HepG2 cells + PFAS
6.41,885.54918,886.55645,[M-H]-,Neg,bruker.bsf.mcube.client.ui.model.impl.BucketTableLine@668192e7,TRUE,PI 18:1_20:3,MS/MS match,"Lipid Species, Lipid Species",,PI,PI,-0.676,-0.763,903.6,High confidence,10.3,298.8,1.469,,No,,,C47H83O13P,No,38,4,18,1,20,3,,,,,even,Yes,,0,No,9.5,EVs (HeLA) + milk
6.14,883.53494,884.54186,"[M-H]-, [M+Na+COO]-",Neg,bruker.bsf.mcube.client.ui.model.impl.BucketTableLine@337fcd41,TRUE,PI 18:1_20:4,MS/MS match,"Lipid Species, Spectral Library - 1-MoNA LipidBlast 2022, Lipid Species",,PI,PI,0.733,0.83,689.8,High confidence,60.2,297.1,1.461,,,,,C47H81O13P,No,38,5,18,1,20,4,,,,,even,Yes,,0,No,7.6,HepG2 cells + PFAS
5.86,883.53379,884.54083,"[M-H]-, [M+Na+COO]-",Neg,bruker.bsf.mcube.client.ui.model.impl.BucketTableLine@5d719bda,TRUE,PI 18:1_20:4,MS/MS match,"Lipid Species, Lipid Species",,PI,PI,-0.409,-0.463,932.5,High confidence,11.6,297.3,1.462,,No,,,C47H81O13P,No,38,5,18,1,20,4,,,,,even,Yes,,0,No,7.6,EVs (HeLA) + milk
7.3,899.56559,900.57286,[M-H]-,Neg,bruker.bsf.mcube.client.ui.model.impl.BucketTableLine@4b83f457,TRUE,PI 19:0_20:4,MS/MS match,"Lipid Species, Lipid Species, Spectral Library - 1-MoNA LipidBlast 2022, Lipid Species, Lipid Species",,PI,PI,0.085,0.095,710.4,High confidence,24,301.5,1.483,,,,,C48H85O13P,No,39,4,19,0,20,4,,,,,odd,Yes,,0,No,9.75,Snail brains
6.2,909.54988,910.55705,"[M-H]-, [M+Na+COO]-",Neg,bruker.bsf.mcube.client.ui.model.impl.BucketTableLine@579ca342,TRUE,PI 20:2_20:4,MS/MS match,"Lipid Species, Lipid Species, Lipid Species, Spectral Library - 1-MoNA LipidBlast 2022, Lipid Species",,PI,PI,0.031,0.034,657.6,High confidence,45.1,301.5,1.483,,,,,C49H83O13P,No,40,6,20,2,20,4,,,,,even,Yes,,0,No,6.666666667,Snail brains
5.69,907.53414,908.54129,"[M-H]-, [M+Na+COO]-",Neg,bruker.bsf.mcube.client.ui.model.impl.BucketTableLine@739f11d4,TRUE,PI 20:2_20:5,MS/MS match,"Lipid Species, Lipid Species, Lipid Species, Lipid Species",,PI,PI,-0.065,-0.071,647.7,High confidence,0.9,300.1,1.476,,,,,C49H81O13P,No,40,7,20,2,20,5,,,,,even,Yes,,0,No,5.714285714,Snail brains
6.78,736.5123,735.50502,[M+H]+,Pos,bruker.bsf.mcube.client.ui.model.impl.BucketTableLine@d5a8295,TRUE,PS 16:0/16:0,MS/MS match,"Lipid Species, Lipid Species",,PS,PS,-0.015,-0.021,981.5,High confidence,23.1,283,1.387,2.7,No,,,C38H74NO10P,No,32,0,16,0,16,0,,,,,even,No,,0,No,,EVs (HeLA) + milk
6.04,732.48197,733.48924,[M-H]-,Neg,bruker.bsf.mcube.client.ui.model.impl.BucketTableLine@2e069646,TRUE,PS 16:0_16:1,MS/MS match,"Lipid Species, Spectral Library - 1-MoNA LipidBlast 2022, Lipid Species",,PS,PS,-0.141,-0.192,756.4,High confidence,4.8,273.4,1.34,,,,,C38H72NO10P,No,32,1,16,0,16,1,,,,,even,No,,0,No,32,HepG2 cells + PFAS
6.97,760.51348,761.52075,[M-H]-,Neg,bruker.bsf.mcube.client.ui.model.impl.BucketTableLine@1efd446f,TRUE,PS 16:0_18:1,MS/MS match,"Lipid Species, Spectral Library - 1-MoNA LipidBlast 2022, Spectral Library - 1-MoNA LipidBlast 2022, Lipid Species, Lipid Species",,PS,PS,0.068,0.09,755.7,High confidence,8,279.3,1.37,,,,,C40H76NO10P,No,34,1,16,0,18,1,,,,,even,No,,0,No,34,HepG2 cells + PFAS
6.97,760.51255,761.51983,[M-H]-,Neg,bruker.bsf.mcube.client.ui.model.impl.BucketTableLine@2299faf7,TRUE,PS 16:0_18:1,MS/MS match,"Lipid Species, Lipid Species",,PS,PS,-0.859,-1.13,784.2,High confidence,12,279.5,1.371,,No,,,C40H76NO10P,No,34,1,16,0,18,1,,,,,even,No,,0,No,34,EVs (HeLA) + milk
6.86,762.52753,761.52026,[M+H]+,Pos,bruker.bsf.mcube.client.ui.model.impl.BucketTableLine@36a7d011,TRUE,PS 16:0_18:1,MS/MS match,"Lipid Species, Lipid Species",,PS,PS,-0.429,-0.562,925.1,High confidence,1.8,285.2,1.399,2,No,,,C40H76NO10P,No,34,1,16,0,18,1,,,,,even,No,,0,No,34,EVs (HeLA) + milk
6.1,782.49763,783.5049,[M-H]-,Neg,bruker.bsf.mcube.client.ui.model.impl.BucketTableLine@23218001,TRUE,PS 16:0_20:4,MS/MS match,"Lipid Species, Lipid Species, Lipid Species, Spectral Library - 1-MoNA LipidBlast 2022, Lipid Species, Spectral Library - 1-MoNA LipidBlast 2022",,PS,PS,-0.132,-0.168,767.4,High confidence,1,281.5,1.381,,,,,C42H74NO10P,No,36,4,16,0,20,4,,,,,even,Yes,,0,No,9,Snail brains
7.4,774.52848,775.53576,[M-H]-,Neg,bruker.bsf.mcube.client.ui.model.impl.BucketTableLine@306719fb,TRUE,PS 17:0_18:1,MS/MS match,"Lipid Species, Lipid Species",,PS,PS,-0.574,-0.741,879.4,High confidence,74.5,281.8,1.383,,No,,,C41H78NO10P,No,35,1,17,0,18,1,,,,,odd,No,,0,No,35,EVs (HeLA) + milk
7.6,774.528,775.53595,"[M-H]-, [M-CH3]-",Neg,bruker.bsf.mcube.client.ui.model.impl.BucketTableLine@d066890,TRUE,PS 17:0_18:1,MS/MS match,"Lipid Species, Lipid Species",,PS,PS,-1.056,-1.363,808.1,High confidence,47.7,282.5,1.386,,No,,,C41H78NO10P,No,35,1,17,0,18,1,,,,,odd,No,,0,No,35,EVs (HeLA) + milk
6.56,798.52763,797.52,"[M+H]+, [M+Na]+",Pos,bruker.bsf.mcube.client.ui.model.impl.BucketTableLine@53bb43de,TRUE,PS 17:0_20:4,MS/MS match,"Lipid Species, Lipid Species, Lipid Species, Lipid Species, Spectral Library - 1-MoNA LipidBlast 2022",,PS,PS,-0.334,-0.419,905.9,High confidence,2,289.6,1.421,2.5,,,,C43H76NO10P,No,37,4,17,0,20,4,,,,,odd,Yes,,0,No,9.25,Snail brains
14.4,788.54377,789.55104,[M-H]-,Neg,bruker.bsf.mcube.client.ui.model.impl.BucketTableLine@2e78681c,TRUE,PS 18:0_18:1,MS/MS match,"Lipid Species, Lipid Species",,PS,PS,-0.943,-1.195,791,High confidence,25.4,285.7,1.402,,No,,,C42H80NO10P,No,36,1,18,0,18,1,,,,,even,No,,0,No,36,EVs (HeLA) + milk
8,788.54403,789.55131,[M-H]-,Neg,bruker.bsf.mcube.client.ui.model.impl.BucketTableLine@1fd82cfa,TRUE,PS 18:0_18:1,MS/MS match,"Lipid Species, Lipid Species",,PS,PS,-0.679,-0.861,777.6,High confidence,14.6,285.7,1.402,,No,,,C42H80NO10P,No,36,1,18,0,18,1,,,,,even,No,,0,No,36,EVs (HeLA) + milk
9.49,788.54373,789.55101,[M-H]-,Neg,bruker.bsf.mcube.client.ui.model.impl.BucketTableLine@292df4a1,TRUE,PS 18:0_18:1,MS/MS match,"Lipid Species, Lipid Species",,PS,PS,-0.976,-1.237,828.9,High confidence,75.9,285.7,1.402,,No,,,C42H80NO10P,No,36,1,18,0,18,1,,,,,even,No,,0,No,36,EVs (HeLA) + milk
8.15,788.54363,789.5509,[M-H]-,Neg,bruker.bsf.mcube.client.ui.model.impl.BucketTableLine@5c2afcf3,TRUE,PS 18:0_18:1,MS/MS match,"Lipid Species, Lipid Species",,PS,PS,-1.082,-1.372,754.5,High confidence,8.2,285.8,1.403,,No,,,C42H80NO10P,No,36,1,18,0,18,1,,,,,even,No,,0,No,36,EVs (HeLA) + milk
11.72,788.54353,789.55081,[M-H]-,Neg,bruker.bsf.mcube.client.ui.model.impl.BucketTableLine@5c77afe3,TRUE,PS 18:0_18:1,MS/MS match,"Lipid Species, Lipid Species",,PS,PS,-1.175,-1.49,785.6,High confidence,12.5,286.2,1.404,,No,,,C42H80NO10P,No,36,1,18,0,18,1,,,,,even,No,,0,No,36,EVs (HeLA) + milk
7.93,790.55866,789.55132,"[M+H]+, [M+Na]+",Pos,bruker.bsf.mcube.client.ui.model.impl.BucketTableLine@6049c101,TRUE,PS 18:0_18:1,MS/MS match,"Lipid Species, Lipid Species",,PS,PS,-0.606,-0.766,939,High confidence,7.3,292.5,1.435,2.5,No,,,C42H80NO10P,No,36,1,18,0,18,1,,,,,even,No,,0,No,36,EVs (HeLA) + milk
7.2,786.52843,787.53571,[M-H]-,Neg,bruker.bsf.mcube.client.ui.model.impl.BucketTableLine@5334e4c0,TRUE,PS 18:0_18:2,MS/MS match,"Lipid Species, Lipid Species, Lipid Species",,PS,PS,-0.629,-0.8,766.4,High confidence,8.3,284.8,1.398,,No,,,C42H78NO10P,No,36,2,18,0,18,2,,,,,even,Yes,,0,No,18,EVs (HeLA) + milk
6.78,810.52792,811.5352,[M-H]-,Neg,bruker.bsf.mcube.client.ui.model.impl.BucketTableLine@3c3a327c,TRUE,PS 18:0_20:4,MS/MS match,"Lipid Species, Lipid Species",,PS,PS,-1.137,-1.403,806.8,High confidence,29.2,287.9,1.414,,No,,,C44H78NO10P,No,38,4,18,0,20,4,,,,,even,Yes,,0,No,9.5,EVs (HeLA) + milk
6.45,808.51351,809.52078,[M-H]-,Neg,bruker.bsf.mcube.client.ui.model.impl.BucketTableLine@2e05e57,TRUE,PS 18:0_20:5,MS/MS match,"Lipid Species, Lipid Species, Lipid Species, Lipid Species, Spectral Library - 1-MoNA LipidBlast 2022",,PS,PS,0.098,0.121,696.7,High confidence,3.3,286.2,1.405,,,,,C44H76NO10P,No,38,5,18,0,20,5,,,,,even,Yes,,0,No,7.6,Snail brains
7.98,838.56024,839.56751,[M-H]-,Neg,bruker.bsf.mcube.client.ui.model.impl.BucketTableLine@49e90a47,TRUE,PS 18:0_22:4,MS/MS match,"Lipid Species, Lipid Species, Lipid Species, Lipid Species, Spectral Library - 1-MoNA LipidBlast 2022, Spectral Library - 1-MoNA LipidBlast 2022",,PS,PS,-0.121,-0.144,793.3,High confidence,109.2,294.1,1.445,,,,,C46H82NO10P,No,40,4,18,0,22,4,,,,,even,Yes,,0,No,10,Snail brains
6.98,836.54402,837.55129,[M-H]-,Neg,bruker.bsf.mcube.client.ui.model.impl.BucketTableLine@6bafa5d8,TRUE,PS 18:0_22:5,MS/MS match,"Lipid Species, Lipid Species",,PS,PS,-0.691,-0.826,820.5,High confidence,3.3,292.7,1.438,,No,,,C46H80NO10P,No,40,5,18,0,22,5,,,,,even,Yes,,0,No,8,EVs (HeLA) + milk
7.28,836.54472,837.552,[M-H]-,Neg,bruker.bsf.mcube.client.ui.model.impl.BucketTableLine@2a2cbd0f,TRUE,PS 18:0_22:5,MS/MS match,"Lipid Species, Lipid Species, Spectral Library - 1-MoNA LipidBlast 2022",,PS,PS,0.012,0.014,800.7,High confidence,10.4,292.8,1.438,,,,,C46H80NO10P,No,40,5,18,0,22,5,,,,,even,Yes,,0,No,8,HepG2 cells + PFAS
6.91,834.52911,835.53639,[M-H]-,Neg,bruker.bsf.mcube.client.ui.model.impl.BucketTableLine@350db1c9,TRUE,PS 18:0_22:6,MS/MS match,"Lipid Species, Spectral Library - 1-MoNA LipidBlast 2022, Spectral Library - 1-MoNA LipidBlast 2022, Lipid Species",,PS,PS,0.056,0.068,703,High confidence,57.2,290.9,1.429,,,,,C46H78NO10P,No,40,6,18,0,22,6,,,,,even,Yes,,0,No,6.666666667,HepG2 cells + PFAS
7.06,786.52873,787.53601,[M-H]-,Neg,bruker.bsf.mcube.client.ui.model.impl.BucketTableLine@38d25ab7,TRUE,PS 18:1/18:1,MS/MS match,"Lipid Species, Lipid Species, Lipid Species",,PS,PS,-0.329,-0.419,764.4,High confidence,19.2,283.3,1.39,,No,,,C42H78NO10P,No,36,2,18,1,18,1,,,,,even,Yes,,0,No,18,EVs (HeLA) + milk
7.11,788.54291,787.53563,[M+H]+,Pos,bruker.bsf.mcube.client.ui.model.impl.BucketTableLine@3a804500,TRUE,PS 18:1/18:1,MS/MS match,"Lipid Species, Lipid Species",,PS,PS,-0.705,-0.894,948.1,High confidence,14.1,288.9,1.418,1.9,No,,,C42H78NO10P,No,36,2,18,1,18,1,,,,,even,Yes,,0,No,18,EVs (HeLA) + milk
6.42,784.513,785.52028,[M-H]-,Neg,bruker.bsf.mcube.client.ui.model.impl.BucketTableLine@553ef1f0,TRUE,PS 18:1_18:2,MS/MS match,"Lipid Species, Lipid Species",,PS,PS,-0.404,-0.515,778.9,High confidence,9.1,282.5,1.386,,No,,,C42H76NO10P,No,36,3,18,1,18,2,,,,,even,Yes,,0,No,12,EVs (HeLA) + milk
9.99,816.57581,817.58309,[M-H]-,Neg,bruker.bsf.mcube.client.ui.model.impl.BucketTableLine@4fefba73,TRUE,PS 18:1_20:0,MS/MS match,"Lipid Species, Lipid Species, Lipid Species, Spectral Library - 1-MoNA LipidBlast 2022, Spectral Library - 1-MoNA LipidBlast 2022",,PS,PS,-0.198,-0.243,665.7,High confidence,27.8,291.1,1.429,,,,,C44H84NO10P,No,38,1,18,1,20,0,,,,,even,No,,0,No,38,HepG2 cells + PFAS
8.02,814.55974,815.56702,[M-H]-,Neg,bruker.bsf.mcube.client.ui.model.impl.BucketTableLine@1348ca3b,TRUE,PS 18:1_20:1,MS/MS match,"Lipid Species, Lipid Species",,PS,PS,-0.619,-0.76,806.2,High confidence,9.2,290.4,1.426,,No,,,C44H82NO10P,No,38,2,18,1,20,1,,,,,even,Yes,,0,No,19,EVs (HeLA) + milk
6.71,810.52892,811.5362,[M-H]-,Neg,bruker.bsf.mcube.client.ui.model.impl.BucketTableLine@1342719e,TRUE,PS 18:1_20:3,MS/MS match,"Lipid Species, Spectral Library - 1-MoNA LipidBlast 2022, Lipid Species, Spectral Library - 1-MoNA LipidBlast 2022",,PS,PS,-0.134,-0.166,695.7,High confidence,13.1,286.5,1.407,,,,,C44H78NO10P,No,38,4,18,1,20,3,,,,,even,Yes,,0,No,9.5,HepG2 cells + PFAS
6.16,808.5132,809.52048,[M-H]-,Neg,bruker.bsf.mcube.client.ui.model.impl.BucketTableLine@23c0e7c1,TRUE,PS 18:1_20:4,MS/MS match,"Lipid Species, Lipid Species, Lipid Species, Spectral Library - 1-MoNA LipidBlast 2022, Lipid Species",,PS,PS,-0.208,-0.258,676.1,High confidence,5.6,285.7,1.403,,,,,C44H76NO10P,No,38,5,18,1,20,4,,,,,even,Yes,,0,No,7.6,Snail brains
5.65,806.49741,807.50469,[M-H]-,Neg,bruker.bsf.mcube.client.ui.model.impl.BucketTableLine@4c86dd7,TRUE,PS 18:1_20:5,MS/MS match,"Lipid Species, Lipid Species, Lipid Species, Lipid Species, Spectral Library - 1-MoNA LipidBlast 2022",,PS,PS,-0.349,-0.432,710.5,High confidence,13.4,284.3,1.396,,,,,C44H74NO10P,No,38,6,18,1,20,5,,,,,even,Yes,,0,No,6.333333333,Snail brains
9.52,842.59089,843.59817,[M-H]-,Neg,bruker.bsf.mcube.client.ui.model.impl.BucketTableLine@610e794d,TRUE,PS 18:1_22:1,MS/MS match,"Lipid Species, Lipid Species",,PS,PS,-0.768,-0.912,855,High confidence,4.8,296,1.454,,No,,,C46H86NO10P,No,40,2,18,1,22,1,,,,,even,Yes,,0,No,20,EVs (HeLA) + milk
5.79,784.51163,783.50435,[M+H]+,Pos,bruker.bsf.mcube.client.ui.model.impl.BucketTableLine@6735c536,TRUE,PS 18:2/18:2,MS/MS match,"Lipid Species, Spectral Library - 1-MoNA LipidBlast 2022, Spectral Library - 1-MoNA LipidBlast 2022, Lipid Species, Spectral Library - 1-MoNA LipidBlast 2022, Spectral Library - 1-MoNA LipidBlast 2022, Spectral Library - 1-MoNA LipidBlast 2022, Spectral Library - 1-MoNA LipidBlast 2022, Spectral Library - 1-MoNA LipidBlast 2022, Spectral Library - 1-MoNA LipidBlast 2022, Spectral Library - 1-MoNA LipidBlast 2022, Spectral Library - 1-MoNA LipidBlast 2022",,PS,PS,-0.686,-0.874,977,High confidence,16.1,282.3,1.385,0.9,,,,C42H74NO10P,No,36,4,18,2,18,2,,,,,even,Yes,,0,No,9,HepG2 cells + PFAS
10.73,773.65247,772.64525,"[M+H]+, [M+Na]+",Pos,bruker.bsf.mcube.client.ui.model.impl.BucketTableLine@42077d53,TRUE,SM 16:1;O2/23:0,MS/MS match,"Lipid Species, Lipid Species",,SM,SM,-0.63,-0.814,887.3,High confidence,11,302.4,1.483,1.8,No,,,C44H89N2O6P,No,39,1,16,1,23,0,,,,,odd,No,,0,No,39,EVs (HeLA) + milk
6.5,689.5591,688.55156,"[M+H]+, [M+K]+, [M+Na]+",Pos,bruker.bsf.mcube.client.ui.model.impl.BucketTableLine@75b4491a,TRUE,SM 17:1;O2/16:0,MS/MS match,"Lipid Species, Lipid Species",,SM,SM,-0.105,-0.152,885.2,High confidence,0.4,284.6,1.393,2.5,No,,,C38H77N2O6P,No,33,1,17,1,16,0,,,,,odd,No,,0,No,33,EVs (HeLA) + milk
5.99,675.54358,674.53606,"[M+H]+, [M+Na]+, [M+K]+",Pos,bruker.bsf.mcube.client.ui.model.impl.BucketTableLine@1c198a7d,TRUE,SM 18:1;O2/14:0,MS/MS match,"Lipid Species, Lipid Species, Lipid Species",,SM,SM,0.032,0.047,864.3,High confidence,7.4,282.4,1.382,3,No,,,C37H75N2O6P,No,32,1,18,1,14,0,,,,,even,No,,0,No,32,EVs (HeLA) + milk
7.07,703.57504,702.56776,[M+H]+,Pos,bruker.bsf.mcube.client.ui.model.impl.BucketTableLine@7fca5c99,TRUE,SM 18:1;O2/16:0,MS/MS match,"Lipid Species, Lipid Species",,SM,SM,0.186,0.265,867.5,High confidence,21,288.7,1.414,2.8,No,,,C39H79N2O6P,No,34,1,18,1,16,0,,,,,even,No,,0,No,34,EVs (HeLA) + milk
11.29,813.68406,812.67678,[M+H]+,Pos,bruker.bsf.mcube.client.ui.model.impl.BucketTableLine@2a5279d8,TRUE,SM 18:1;O2/24:1,MS/MS match,"Lipid Species, Lipid Species",,SM,SM,-0.341,-0.419,862.7,High confidence,6.3,307.4,1.509,1,No,,,C47H93N2O6P,No,42,2,18,1,24,1,,,,,even,Yes,,0,No,21,EVs (HeLA) + milk
6.14,701.55917,700.55138,"[M+H]+, [M+Na]+, [M+K]+",Pos,bruker.bsf.mcube.client.ui.model.impl.BucketTableLine@1c2c4a53,TRUE,SM 18:2;O2/16:0,MS/MS match,"Lipid Species, Lipid Species",,SM,SM,-0.036,-0.051,864.5,High confidence,10.9,284.7,1.394,2.2,No,,,C39H77N2O6P,No,34,2,18,2,16,0,,,,,even,Yes,,0,No,17,EVs (HeLA) + milk
7.24,729.59007,728.5828,[M+H]+,Pos,bruker.bsf.mcube.client.ui.model.impl.BucketTableLine@3ed90d02,TRUE,SM 18:2;O2/18:0,MS/MS match,"Lipid Species, Lipid Species",,SM,SM,-0.427,-0.585,898,High confidence,15.2,291.3,1.428,2.2,No,,,C41H81N2O6P,No,36,2,18,2,18,0,,,,,even,Yes,,0,No,18,EVs (HeLA) + milk
5.25,860.55427,842.52045,[M+NH4]+,Pos,bruker.bsf.mcube.client.ui.model.impl.BucketTableLine@7e878235,TRUE,SQDG 18:2/18:2,MS/MS match,"Lipid Species, Lipid Species",,SQDG,SQDG,-0.953,-1.107,656.8,High confidence,14.5,292.4,1.437,,No,,,C45H78O12S,No,36,4,18,2,18,2,,,,,even,Yes,,0,No,9,EVs (HeLA) + milk
4.84,858.53874,840.50491,[M+NH4]+,Pos,bruker.bsf.mcube.client.ui.model.impl.BucketTableLine@482e4c,TRUE,SQDG 18:2_18:3,MS/MS match,"Lipid Species, Lipid Species",,SQDG,SQDG,-0.838,-0.976,680.6,High confidence,63.3,289.3,1.422,,No,,,C45H76O12S,No,36,5,18,2,18,3,,,,,even,Yes,,0,No,7.2,EVs (HeLA) + milk
7.22,369.35153,386.354866,[M-H2O+H]+,Pos,bruker.bsf.mcube.client.ui.model.impl.BucketTableLine@1f4c1d63,TRUE,ST 27:1;O,MS/MS match,"Lipid Species, Spectral Library - 1-MoNA LipidBlast 2022, Lipid Species, Lipid Species, Lipid Species",,ST,ST,0.04,0.107,,High confidence,9.6,204.6,0.985,0,,,,C27D6H40O,No,27,1,27,1,,,,,,,odd,No,O,1,Yes,27,HepG2 cells + PFAS
13.01,740.67555,722.64173,[M+NH4]+,Pos,bruker.bsf.mcube.client.ui.model.impl.BucketTableLine@7cad4a41,TRUE,TG 12:0_14:0_16:0,MS/MS match,"Lipid Species, Lipid Species",,TG,TG,-0.714,-0.964,817.6,High confidence,34.9,297.7,1.459,1.4,,,,C45H86O6,No,42,0,12,0,14,0,16,0,,,even,No,,0,No,,Snail brains
13.85,796.73806,778.70423,[M+NH4]+,Pos,bruker.bsf.mcube.client.ui.model.impl.BucketTableLine@e7ebb50,TRUE,TG 12:0_16:0_18:0,MS/MS match,"Lipid Species, Lipid Species, Lipid Species",,TG,TG,-0.806,-1.012,703.3,High confidence,40.3,308.2,1.513,0.7,No,,,C49H94O6,No,46,0,12,0,16,0,18,0,,,even,No,,0,No,,EVs (HeLA) + milk
13.53,794.72302,776.6892,[M+NH4]+,Pos,bruker.bsf.mcube.client.ui.model.impl.BucketTableLine@1b6aba21,TRUE,TG 12:0_16:0_18:1,MS/MS match,"Lipid Species, Lipid Species",,TG,TG,-0.191,-0.241,716.7,High confidence,2.6,306.9,1.506,0.8,No,,,C49H92O6,No,46,1,12,0,16,0,18,1,,,even,No,,0,No,46,EVs (HeLA) + milk
12.35,810.65986,792.62604,[M+NH4]+,Pos,bruker.bsf.mcube.client.ui.model.impl.BucketTableLine@5733b9b7,TRUE,TG 12:1_14:0_22:6,MS/MS match,"Lipid Species, Spectral Library - 1-MoNA LipidBlast 2022, Spectral Library - 1-MoNA LipidBlast 2022, Lipid Species, Spectral Library - 1-MoNA LipidBlast 2022",,TG,TG,-0.751,-0.927,545.2,High confidence,32.1,306.1,1.503,1.3,,,,C51H84O6,No,48,7,12,1,14,0,22,6,,,even,Yes,,0,No,6.857142857,HepG2 cells + PFAS
13.09,806.72331,788.68948,[M+NH4]+,Pos,bruker.bsf.mcube.client.ui.model.impl.BucketTableLine@704f84b9,TRUE,TG 13:0_16:0_18:2,MS/MS match,"Lipid Species, Lipid Species",,TG,TG,0.093,0.115,650,High confidence,∞,316.5,1.554,3.4,,,,C50H92O6,No,47,2,13,0,16,0,18,2,,,odd,Yes,,0,No,23.5,HepG2 cells + PFAS
13.74,796.73798,778.70415,[M+NH4]+,Pos,bruker.bsf.mcube.client.ui.model.impl.BucketTableLine@2c23fc06,TRUE,TG 14:0_16:0_16:0,MS/MS match,"Lipid Species, Lipid Species, Spectral Library - 1-MoNA LipidBlast 2022, Lipid Species",,TG,TG,-0.888,-1.114,909.7,High confidence,34.1,310.3,1.523,1.4,,,,C49H94O6,No,46,0,14,0,16,0,16,0,,,even,No,,0,No,,HepG2 cells + PFAS
13.98,810.75414,792.72032,[M+NH4]+,Pos,bruker.bsf.mcube.client.ui.model.impl.BucketTableLine@7b8cdc1c,TRUE,TG 14:0_16:0_17:0,MS/MS match,"Lipid Species, Lipid Species, Lipid Species, Lipid Species",,TG,TG,-0.375,-0.462,653.2,High confidence,21.3,311.7,1.53,0.8,No,,,C50H96O6,No,47,0,14,0,16,0,17,0,,,odd,No,,0,No,,EVs (HeLA) + milk
13.99,808.73795,790.70413,[M+NH4]+,Pos,bruker.bsf.mcube.client.ui.model.impl.BucketTableLine@706b3251,TRUE,TG 14:0_16:0_17:1,MS/MS match,"Lipid Species, Lipid Species",,TG,TG,-0.915,-1.131,626.3,High confidence,100.1,309.2,1.518,0.5,No,,,C50H94O6,No,47,1,14,0,16,0,17,1,,,odd,No,,0,No,47,EVs (HeLA) + milk
14.18,824.76887,806.73504,[M+NH4]+,Pos,bruker.bsf.mcube.client.ui.model.impl.BucketTableLine@4790db15,TRUE,TG 14:0_16:0_18:0,MS/MS match,"Lipid Species, Lipid Species, Lipid Species, Lipid Species",,TG,TG,-1.297,-1.572,940.7,High confidence,40.1,314.5,1.545,0.7,No,,,C51H98O6,No,48,0,14,0,16,0,18,0,,,even,No,,0,No,,EVs (HeLA) + milk
14.09,824.76971,806.73588,[M+NH4]+,Pos,bruker.bsf.mcube.client.ui.model.impl.BucketTableLine@4a51e2c7,TRUE,TG 14:0_16:0_18:0,MS/MS match,"Lipid Species, Lipid Species, Lipid Species, Lipid Species, Lipid Species, Lipid Species, Lipid Species, Spectral Library - 1-MoNA LipidBlast 2022, Lipid Species",,TG,TG,-0.457,-0.554,943,High confidence,10.1,316.6,1.555,1.4,,,,C51H98O6,No,48,0,14,0,16,0,18,0,,,even,No,,0,No,,Snail brains
13.86,822.75377,804.71994,[M+NH4]+,Pos,bruker.bsf.mcube.client.ui.model.impl.BucketTableLine@1ba61faf,TRUE,TG 14:0_16:0_18:1,MS/MS match,"Lipid Species, Lipid Species",,TG,TG,-0.75,-0.912,827.9,High confidence,3.8,313.1,1.538,0.7,No,,,C51H96O6,No,48,1,14,0,16,0,18,1,,,even,No,,0,No,48,EVs (HeLA) + milk
13.75,822.75416,804.72033,[M+NH4]+,Pos,bruker.bsf.mcube.client.ui.model.impl.BucketTableLine@ee6387a,TRUE,TG 14:0_16:0_18:1,MS/MS match,"Lipid Species, Lipid Species, Spectral Library - 1-MoNA LipidBlast 2022, Spectral Library - 1-MoNA LipidBlast 2022, Spectral Library - 1-MoNA LipidBlast 2022, Spectral Library - 1-MoNA LipidBlast 2022, Spectral Library - 1-MoNA LipidBlast 2022, Lipid Species, Spectral Library - 1-MoNA LipidBlast 2022, Spectral Library - 1-MoNA LipidBlast 2022, Spectral Library - 1-MoNA LipidBlast 2022, Lipid Species, Lipid Species, Spectral Library - 1-MoNA LipidBlast 2022, Spectral Library - 1-MoNA LipidBlast 2022, Spectral Library - 1-MoNA LipidBlast 2022, Lipid Species, Spectral Library - 1-MoNA LipidBlast 2022",,TG,TG,-0.361,-0.439,634.4,High confidence,28.1,316.1,1.552,1.7,,,,C51H96O6,No,48,1,14,0,16,0,18,1,,,even,No,,0,No,48,Snail brains
13.46,844.7384,826.70458,[M+NH4]+,Pos,bruker.bsf.mcube.client.ui.model.impl.BucketTableLine@58c16d87,TRUE,TG 14:0_16:0_20:4,MS/MS match,"Lipid Species, Lipid Species",,TG,TG,-0.466,-0.551,711.4,High confidence,26.3,318.3,1.564,1.8,No,,,C53H94O6,No,50,4,14,0,16,0,20,4,,,even,Yes,,0,No,12.5,EVs (HeLA) + milk
13.09,842.72221,824.68838,[M+NH4]+,Pos,bruker.bsf.mcube.client.ui.model.impl.BucketTableLine@2e102500,TRUE,TG 14:0_16:0_20:5,MS/MS match,"Lipid Species, Lipid Species, Spectral Library - 1-MoNA LipidBlast 2022, Spectral Library - 1-MoNA LipidBlast 2022, Spectral Library - 1-MoNA LipidBlast 2022, Spectral Library - 1-MoNA LipidBlast 2022, Lipid Species, Spectral Library - 1-MoNA LipidBlast 2022, Lipid Species, Spectral Library - 1-MoNA LipidBlast 2022",,TG,TG,-1.01,-1.198,712.9,High confidence,113.2,315.6,1.55,1.4,,,,C53H92O6,No,50,5,14,0,16,0,20,5,,,even,Yes,,0,No,10,Snail brains
13.68,872.76909,854.73527,[M+NH4]+,Pos,bruker.bsf.mcube.client.ui.model.impl.BucketTableLine@3a0e9745,TRUE,TG 14:0_18:0_20:4,MS/MS match,"Lipid Species, Lipid Species, Spectral Library - 1-MoNA LipidBlast 2022, Lipid Species, Spectral Library - 1-MoNA LipidBlast 2022, Lipid Species, Lipid Species, Spectral Library - 1-MoNA LipidBlast 2022, Spectral Library - 1-MoNA LipidBlast 2022, Spectral Library - 1-MoNA LipidBlast 2022, Spectral Library - 1-MoNA LipidBlast 2022, Lipid Species, Spectral Library - 1-MoNA LipidBlast 2022, Spectral Library - 1-MoNA LipidBlast 2022",,TG,TG,-1.072,-1.229,618.4,High confidence,55.3,323.2,1.589,1.4,,,,C55H98O6,No,52,4,14,0,18,0,20,4,,,even,Yes,,0,No,13,Snail brains
13.62,846.75352,828.7197,[M+NH4]+,Pos,bruker.bsf.mcube.client.ui.model.impl.BucketTableLine@3b9865f4,TRUE,TG 14:0_18:1_18:2,MS/MS match,"Lipid Species, Lipid Species",,TG,TG,-0.995,-1.175,701.4,High confidence,6.1,315.3,1.549,0.4,No,,,C53H96O6,No,50,3,14,0,18,1,18,2,,,even,Yes,,0,No,16.66666667,EVs (HeLA) + milk
13.46,846.75467,828.71979,"[M+NH4]+, [M+K]+, [M+Na]+",Pos,bruker.bsf.mcube.client.ui.model.impl.BucketTableLine@efb8ef,TRUE,TG 14:0_18:1_18:2,MS/MS match,"Lipid Species, Lipid Species, Spectral Library - 1-MoNA LipidBlast 2022, Spectral Library - 1-MoNA LipidBlast 2022, Spectral Library - 1-MoNA LipidBlast 2022, Spectral Library - 1-MoNA LipidBlast 2022, Lipid Species, Spectral Library - 1-MoNA LipidBlast 2022, Spectral Library - 1-MoNA LipidBlast 2022",,TG,TG,0.151,0.178,656.6,High confidence,30.7,317.5,1.56,1.1,,,,C53H96O6,No,50,3,14,0,18,1,18,2,,,even,Yes,,0,No,16.66666667,HepG2 cells + PFAS
13.01,842.72374,824.68992,[M+NH4]+,Pos,bruker.bsf.mcube.client.ui.model.impl.BucketTableLine@3ff21346,TRUE,TG 14:0_18:2_18:3,MS/MS match,"Lipid Species, Lipid Species, Lipid Species",,TG,TG,0.528,0.627,649.6,High confidence,7.1,311,1.528,-0.1,No,,,C53H92O6,No,50,5,14,0,18,2,18,3,,,even,Yes,,0,No,10,EVs (HeLA) + milk
12.76,890.7227,872.68888,[M+NH4]+,Pos,bruker.bsf.mcube.client.ui.model.impl.BucketTableLine@6792fea9,TRUE,TG 14:0_20:4_20:5,MS/MS match,"Lipid Species, Spectral Library - 1-MoNA LipidBlast 2022, Lipid Species, Lipid Species, Lipid Species",,TG,TG,-0.512,-0.575,837.9,High confidence,122.1,318.9,1.568,0.3,,,,C57H92O6,No,54,9,14,0,20,4,20,5,,,even,Yes,,0,No,6,Snail brains
13.11,792.70697,774.67314,[M+NH4]+,Pos,bruker.bsf.mcube.client.ui.model.impl.BucketTableLine@1a52cd63,TRUE,TG 14:1_16:0_16:1,MS/MS match,"Lipid Species, Lipid Species, Lipid Species, Spectral Library - 1-MoNA LipidBlast 2022, Lipid Species, Lipid Species, Lipid Species, Lipid Species, Lipid Species, Lipid Species, Lipid Species",,TG,TG,-0.597,-0.753,637.1,High confidence,26,305,1.497,0.6,,,,C49H90O6,No,46,2,14,1,16,0,16,1,,,even,Yes,,0,No,23,Snail brains
13.55,820.73831,802.70449,[M+NH4]+,Pos,bruker.bsf.mcube.client.ui.model.impl.BucketTableLine@795da889,TRUE,TG 14:1_16:0_18:1,MS/MS match,"Lipid Species, Lipid Species, Lipid Species",,TG,TG,-0.555,-0.676,645.5,High confidence,1.8,311.5,1.529,0.7,No,,,C51H94O6,No,48,2,14,1,16,0,18,1,,,even,Yes,,0,No,24,EVs (HeLA) + milk
12.88,816.70775,798.67385,"[M+NH4]+, [M+K]+, [M+Na]+",Pos,bruker.bsf.mcube.client.ui.model.impl.BucketTableLine@6b1a186d,TRUE,TG 14:1_16:1_18:2,MS/MS match,"Lipid Species, Spectral Library - 1-MoNA LipidBlast 2022, Spectral Library - 1-MoNA LipidBlast 2022, Spectral Library - 1-MoNA LipidBlast 2022, Lipid Species, Spectral Library - 1-MoNA LipidBlast 2022, Spectral Library - 1-MoNA LipidBlast 2022, Spectral Library - 1-MoNA LipidBlast 2022, Spectral Library - 1-MoNA LipidBlast 2022, Spectral Library - 1-MoNA LipidBlast 2022, Spectral Library - 1-MoNA LipidBlast 2022",,TG,TG,0.182,0.223,564.2,High confidence,26.2,309.5,1.52,1,,,,C51H90O6,No,48,4,14,1,16,1,18,2,,,even,Yes,,0,No,12,HepG2 cells + PFAS
13.03,830.72318,812.68936,[M+NH4]+,Pos,bruker.bsf.mcube.client.ui.model.impl.BucketTableLine@3cdf5452,TRUE,TG 14:1_17:1_18:2,MS/MS match,"Lipid Species, Spectral Library - 1-MoNA LipidBlast 2022, Spectral Library - 1-MoNA LipidBlast 2022, Spectral Library - 1-MoNA LipidBlast 2022, Spectral Library - 1-MoNA LipidBlast 2022, Spectral Library - 1-MoNA LipidBlast 2022, Spectral Library - 1-MoNA LipidBlast 2022, Spectral Library - 1-MoNA LipidBlast 2022, Spectral Library - 1-MoNA LipidBlast 2022, Spectral Library - 1-MoNA LipidBlast 2022, Spectral Library - 1-MoNA LipidBlast 2022, Lipid Species",,TG,TG,-0.032,-0.038,564.4,High confidence,2.3,312.3,1.534,0.9,,,,C52H92O6,No,49,4,14,1,17,1,18,2,,,odd,Yes,,0,No,12.25,HepG2 cells + PFAS
13.87,810.75408,792.72025,[M+NH4]+,Pos,bruker.bsf.mcube.client.ui.model.impl.BucketTableLine@a8666c3,TRUE,TG 15:0_16:0_16:0,MS/MS match,"Lipid Species, Lipid Species, Lipid Species, Lipid Species, Spectral Library - 1-MoNA LipidBlast 2022, Lipid Species, Lipid Species, Lipid Species, Lipid Species",,TG,TG,-0.441,-0.544,728.9,High confidence,20.4,313.7,1.54,1.5,,,,C50H96O6,No,47,0,15,0,16,0,16,0,,,odd,No,,0,No,,Snail brains
14.29,838.78582,820.75199,[M+NH4]+,Pos,bruker.bsf.mcube.client.ui.model.impl.BucketTableLine@6136af73,TRUE,TG 15:0_16:0_18:0,MS/MS match,"Lipid Species, Lipid Species",,TG,TG,0.003,0.004,881.5,High confidence,29.8,317.6,1.56,0.7,No,,,C52H100O6,No,49,0,15,0,16,0,18,0,,,odd,No,,0,No,,EVs (HeLA) + milk
14.29,838.78456,820.75074,[M+NH4]+,Pos,bruker.bsf.mcube.client.ui.model.impl.BucketTableLine@4c309727,TRUE,TG 15:0_16:0_18:0,MS/MS match,"Lipid Species, Lipid Species, Spectral Library - 1-MoNA LipidBlast 2022",,TG,TG,-1.256,-1.497,739,High confidence,76.9,319.5,1.57,1.3,,,,C52H100O6,No,49,0,15,0,16,0,18,0,,,odd,No,,0,No,,HepG2 cells + PFAS
14,836.76938,818.73556,[M+NH4]+,Pos,bruker.bsf.mcube.client.ui.model.impl.BucketTableLine@23543611,TRUE,TG 15:0_16:0_18:1,MS/MS match,"Lipid Species, Lipid Species",,TG,TG,-0.783,-0.935,812.7,High confidence,0.8,316.2,1.553,0.7,No,,,C52H98O6,No,49,1,15,0,16,0,18,1,,,odd,No,,0,No,49,EVs (HeLA) + milk
13.96,836.76953,818.73571,[M+NH4]+,Pos,bruker.bsf.mcube.client.ui.model.impl.BucketTableLine@3ac864b1,TRUE,TG 15:0_16:0_18:1,MS/MS match,"Lipid Species, Spectral Library - 1-MoNA LipidBlast 2022, Spectral Library - 1-MoNA LipidBlast 2022, Spectral Library - 1-MoNA LipidBlast 2022, Spectral Library - 1-MoNA LipidBlast 2022, Spectral Library - 1-MoNA LipidBlast 2022, Spectral Library - 1-MoNA LipidBlast 2022, Spectral Library - 1-MoNA LipidBlast 2022, Spectral Library - 1-MoNA LipidBlast 2022, Lipid Species, Spectral Library - 1-MoNA LipidBlast 2022, Spectral Library - 1-MoNA LipidBlast 2022, Spectral Library - 1-MoNA LipidBlast 2022, Spectral Library - 1-MoNA LipidBlast 2022",,TG,TG,-0.633,-0.757,674,High confidence,9.3,317.6,1.56,1.2,,,,C52H98O6,No,49,1,15,0,16,0,18,1,,,odd,No,,0,No,49,HepG2 cells + PFAS
13.75,860.77047,842.73566,"[M+NH4]+, [M+Na]+, [M+K]+",Pos,bruker.bsf.mcube.client.ui.model.impl.BucketTableLine@53e8a160,TRUE,TG 15:0_18:1_18:2,MS/MS match,"Lipid Species, Lipid Species",,TG,TG,0.301,0.35,716.8,High confidence,0.1,319,1.568,0.5,No,,,C54H98O6,No,51,3,15,0,18,1,18,2,,,odd,Yes,,0,No,17,EVs (HeLA) + milk
13.31,858.75394,840.72012,[M+NH4]+,Pos,bruker.bsf.mcube.client.ui.model.impl.BucketTableLine@45b8b7de,TRUE,TG 15:0_18:1_18:3,MS/MS match,"Lipid Species, Lipid Species, Spectral Library - 1-MoNA LipidBlast 2022, Spectral Library - 1-MoNA LipidBlast 2022, Spectral Library - 1-MoNA LipidBlast 2022, Lipid Species, Lipid Species",,TG,TG,-0.572,-0.666,687.7,High confidence,15.2,316.5,1.555,0.2,,,,C54H96O6,No,51,4,15,0,18,1,18,3,,,odd,Yes,,0,No,12.75,Snail brains
13.45,858.75419,840.72018,"[M+NH4]+, [M+K]+, [M+Na]+",Pos,bruker.bsf.mcube.client.ui.model.impl.BucketTableLine@76f0a79f,TRUE,TG 15:0_18:2_18:2,MS/MS match,"Lipid Species, Lipid Species, Lipid Species",,TG,TG,-0.326,-0.38,679.9,High confidence,4.3,317,1.558,0.4,No,,,C54H96O6,No,51,4,15,0,18,2,18,2,,,odd,Yes,,0,No,12.75,EVs (HeLA) + milk
13.19,856.73971,838.70567,"[M+NH4]+, [M+Na]+, [M+K]+",Pos,bruker.bsf.mcube.client.ui.model.impl.BucketTableLine@5c38c378,TRUE,TG 15:0_18:2_18:3,MS/MS match,"Lipid Species, Lipid Species",,TG,TG,0.846,0.988,792.1,High confidence,2.1,314.6,1.546,0.1,No,,,C54H94O6,No,51,5,15,0,18,2,18,3,,,odd,Yes,,0,No,10.2,EVs (HeLA) + milk
12.97,854.72282,836.68899,[M+NH4]+,Pos,bruker.bsf.mcube.client.ui.model.impl.BucketTableLine@5789d508,TRUE,TG 15:0_18:3_18:3,MS/MS match,"Lipid Species, Lipid Species, Lipid Species",,TG,TG,-0.399,-0.467,771.3,High confidence,8.2,311.5,1.531,-0.4,No,,,C54H92O6,No,51,6,15,0,18,3,18,3,,,odd,Yes,,0,No,8.5,EVs (HeLA) + milk
13.02,804.70667,786.67285,[M+NH4]+,Pos,bruker.bsf.mcube.client.ui.model.impl.BucketTableLine@8db5577,TRUE,TG 15:1_16:1_16:1,MS/MS match,"Lipid Species, Spectral Library - 1-MoNA LipidBlast 2022, Lipid Species, Lipid Species, Lipid Species, Lipid Species, Lipid Species",,TG,TG,-0.892,-1.108,600.9,High confidence,68.2,306.6,1.505,0.6,,,,C50H90O6,No,47,3,15,1,16,1,16,1,,,odd,Yes,,0,No,15.66666667,Snail brains
14.22,838.78493,820.75111,[M+NH4]+,Pos,bruker.bsf.mcube.client.ui.model.impl.BucketTableLine@5f75c648,TRUE,TG 16:0_16:0_17:0,MS/MS match,"Lipid Species, Lipid Species, Spectral Library - 1-MoNA LipidBlast 2022, Lipid Species, Lipid Species",,TG,TG,-0.884,-1.054,885.5,High confidence,33,319.2,1.568,1.2,,,,C52H100O6,No,49,0,16,0,16,0,17,0,,,odd,No,,0,No,,Snail brains
14.51,852.80148,834.76765,[M+NH4]+,Pos,bruker.bsf.mcube.client.ui.model.impl.BucketTableLine@63da38d9,TRUE,TG 16:0_16:0_18:0,MS/MS match,"Lipid Species, Lipid Species",,TG,TG,0.01,0.012,916.9,High confidence,33.7,320.7,1.576,0.7,No,,,C53H102O6,No,50,0,16,0,16,0,18,0,,,even,No,,0,No,,EVs (HeLA) + milk
14.5,852.80118,834.76735,[M+NH4]+,Pos,bruker.bsf.mcube.client.ui.model.impl.BucketTableLine@6ee57e4a,TRUE,TG 16:0_16:0_18:0,MS/MS match,"Lipid Species, Lipid Species, Lipid Species, Lipid Species, Spectral Library - 1-MoNA LipidBlast 2022",,TG,TG,-0.287,-0.337,982.6,High confidence,9.9,322.4,1.584,1.2,,,,C53H102O6,No,50,0,16,0,16,0,18,0,,,even,No,,0,No,,Snail brains
14.16,850.78508,832.75125,"[M+NH4]+, [M+K]+, [M+Na]+",Pos,bruker.bsf.mcube.client.ui.model.impl.BucketTableLine@77c61ef9,TRUE,TG 16:0_16:0_18:1,MS/MS match,"Lipid Species, Lipid Species, Lipid Species",,TG,TG,-0.736,-0.865,763.9,High confidence,7.7,319.2,1.568,0.7,No,,,C53H100O6,No,50,1,16,0,16,0,18,1,,,even,No,,0,No,50,EVs (HeLA) + milk
14.15,850.7857,832.75187,[M+NH4]+,Pos,bruker.bsf.mcube.client.ui.model.impl.BucketTableLine@71af89af,TRUE,TG 16:0_16:0_18:1,MS/MS match,"Lipid Species, Lipid Species, Lipid Species, Lipid Species, Spectral Library - 1-MoNA LipidBlast 2022",,TG,TG,-0.121,-0.142,913,High confidence,2.2,320.5,1.575,1.1,,,,C53H100O6,No,50,1,16,0,16,0,18,1,,,even,No,,0,No,50,HepG2 cells + PFAS
14.1,850.78555,832.75172,[M+NH4]+,Pos,bruker.bsf.mcube.client.ui.model.impl.BucketTableLine@7da0533,TRUE,TG 16:0_16:0_18:1,MS/MS match,"Lipid Species, Lipid Species, Lipid Species, Lipid Species, Lipid Species, Spectral Library - 1-MoNA LipidBlast 2022, Lipid Species, Lipid Species, Lipid Species, Lipid Species, Lipid Species",,TG,TG,-0.271,-0.318,819.6,High confidence,3.2,320,1.572,0.9,,,,C53H100O6,No,50,1,16,0,16,0,18,1,,,even,No,,0,No,50,Snail brains
13.88,848.76967,830.73584,[M+NH4]+,Pos,bruker.bsf.mcube.client.ui.model.impl.BucketTableLine@4b78a597,TRUE,TG 16:0_16:1_18:1,MS/MS match,"Lipid Species, Lipid Species, Lipid Species, Lipid Species, Lipid Species",,TG,TG,-0.501,-0.591,802.9,High confidence,13.2,317.9,1.562,0.7,No,,,C53H98O6,No,50,2,16,0,16,1,18,1,,,even,Yes,,0,No,25,EVs (HeLA) + milk
14.4,848.76898,830.73516,[M+NH4]+,Pos,bruker.bsf.mcube.client.ui.model.impl.BucketTableLine@1d7f150a,TRUE,TG 16:0_16:1_18:1,MS/MS match,"Lipid Species, Spectral Library - 1-MoNA LipidBlast 2022, Spectral Library - 1-MoNA LipidBlast 2022, Spectral Library - 1-MoNA LipidBlast 2022, Spectral Library - 1-MoNA LipidBlast 2022, Spectral Library - 1-MoNA LipidBlast 2022, Lipid Species, Spectral Library - 1-MoNA LipidBlast 2022, Spectral Library - 1-MoNA LipidBlast 2022, Spectral Library - 1-MoNA LipidBlast 2022, Spectral Library - 1-MoNA LipidBlast 2022, Spectral Library - 1-MoNA LipidBlast 2022, Spectral Library - 1-MoNA LipidBlast 2022, Spectral Library - 1-MoNA LipidBlast 2022, Spectral Library - 1-MoNA LipidBlast 2022",,TG,TG,-1.182,-1.392,772.7,High confidence,111.7,318.4,1.564,0.9,,,,C53H98O6,No,50,2,16,0,16,1,18,1,,,even,Yes,,0,No,25,HepG2 cells + PFAS
14.31,864.8017,846.76787,[M+NH4]+,Pos,bruker.bsf.mcube.client.ui.model.impl.BucketTableLine@39a5e540,TRUE,TG 16:0_17:0_18:1,MS/MS match,"Lipid Species, Lipid Species, Lipid Species",,TG,TG,0.231,0.267,685.2,High confidence,13.2,323.3,1.589,1,No,,,C54H102O6,No,51,1,16,0,17,0,18,1,,,odd,No,,0,No,51,EVs (HeLA) + milk
14.33,864.80113,846.76731,[M+NH4]+,Pos,bruker.bsf.mcube.client.ui.model.impl.BucketTableLine@22962136,TRUE,TG 16:0_17:0_18:1,MS/MS match,"Lipid Species, Spectral Library - 1-MoNA LipidBlast 2022, Lipid Species",,TG,TG,-0.334,-0.386,796.7,High confidence,6.9,324.1,1.593,1.2,,,,C54H102O6,No,51,1,16,0,17,0,18,1,,,odd,No,,0,No,51,HepG2 cells + PFAS
14.23,864.80102,846.76719,[M+NH4]+,Pos,bruker.bsf.mcube.client.ui.model.impl.BucketTableLine@36ccaf4e,TRUE,TG 16:0_17:0_18:1,MS/MS match,"Lipid Species, Lipid Species, Lipid Species, Lipid Species, Spectral Library - 1-MoNA LipidBlast 2022",,TG,TG,-0.451,-0.522,815.6,High confidence,5.6,322.7,1.586,0.8,,,,C54H102O6,No,51,1,16,0,17,0,18,1,,,odd,No,,0,No,51,Snail brains
14.33,862.7857,844.75188,[M+NH4]+,Pos,bruker.bsf.mcube.client.ui.model.impl.BucketTableLine@2a1e4d7d,TRUE,TG 16:0_17:1_18:1,MS/MS match,"Lipid Species, Lipid Species",,TG,TG,-0.114,-0.133,951,High confidence,110.2,319.2,1.569,0.2,No,,,C54H100O6,No,51,2,16,0,17,1,18,1,,,odd,Yes,,0,No,25.5,EVs (HeLA) + milk
14.05,862.78575,844.75192,[M+NH4]+,Pos,bruker.bsf.mcube.client.ui.model.impl.BucketTableLine@6709f200,TRUE,TG 16:0_17:1_18:1,MS/MS match,"Lipid Species, Lipid Species, Lipid Species, Lipid Species, Lipid Species",,TG,TG,-0.067,-0.078,710.8,High confidence,4.2,320.9,1.577,0.7,No,,,C54H100O6,No,51,2,16,0,17,1,18,1,,,odd,Yes,,0,No,25.5,EVs (HeLA) + milk
14.82,880.8319,862.79808,[M+NH4]+,Pos,bruker.bsf.mcube.client.ui.model.impl.BucketTableLine@4e48c43e,TRUE,TG 16:0_18:0_18:0,MS/MS match,"Lipid Species, Lipid Species, Lipid Species, Lipid Species, Lipid Species, Lipid Species",,TG,TG,-0.863,-0.98,721.7,High confidence,22,327.4,1.609,0.8,No,,,C55H106O6,No,52,0,16,0,18,0,18,0,,,even,No,,0,No,,EVs (HeLA) + milk
14.5,878.81713,860.7833,[M+NH4]+,Pos,bruker.bsf.mcube.client.ui.model.impl.BucketTableLine@7142a196,TRUE,TG 16:0_18:0_18:1,MS/MS match,"Lipid Species, Lipid Species",,TG,TG,0.013,0.015,949,High confidence,7.3,325,1.598,0.6,No,,,C55H104O6,No,52,1,16,0,18,0,18,1,,,even,No,,0,No,52,EVs (HeLA) + milk
14.99,906.848,888.81408,"[M+NH4]+, [M+K]+, [M+Na]+",Pos,bruker.bsf.mcube.client.ui.model.impl.BucketTableLine@27d66237,TRUE,TG 16:0_18:0_20:1,MS/MS match,"Lipid Species, Spectral Library - 1-MoNA LipidBlast 2022, Lipid Species, Lipid Species",,TG,TG,-0.421,-0.464,646,High confidence,4.5,332.7,1.636,1,,,,C57H108O6,No,54,1,16,0,18,0,20,1,,,even,No,,0,No,54,HepG2 cells + PFAS
14.97,906.84843,888.8146,[M+NH4]+,Pos,bruker.bsf.mcube.client.ui.model.impl.BucketTableLine@63676062,TRUE,TG 16:0_18:0_20:1,MS/MS match,"Lipid Species, Lipid Species, Lipid Species, Lipid Species, Spectral Library - 1-MoNA LipidBlast 2022",,TG,TG,0.01,0.011,877,High confidence,4.6,332.8,1.637,1,,,,C57H108O6,No,54,1,16,0,18,0,20,1,,,even,No,,0,No,54,Snail brains
14.19,876.80086,858.76703,[M+NH4]+,Pos,bruker.bsf.mcube.client.ui.model.impl.BucketTableLine@1061f6fa,TRUE,TG 16:0_18:1_18:1,MS/MS match,"Lipid Species, Lipid Species, Lipid Species, Lipid Species, Lipid Species",,TG,TG,-0.61,-0.696,936.4,High confidence,16.8,324.4,1.595,0.8,No,,,C55H102O6,No,52,2,16,0,18,1,18,1,,,even,Yes,,0,No,26,EVs (HeLA) + milk
13.11,876.8004,858.76658,[M+NH4]+,Pos,bruker.bsf.mcube.client.ui.model.impl.BucketTableLine@2cdb6eb5,TRUE,TG 16:0_18:1_18:1,MS/MS match,"Lipid Species, Lipid Species, Spectral Library - 1-MoNA LipidBlast 2022",,TG,TG,-1.065,-1.215,642.9,High confidence,22.4,333.6,1.64,3.7,,,,C55H102O6,No,52,2,16,0,18,1,18,1,,,even,Yes,,0,No,26,HepG2 cells + PFAS
13.92,874.78535,856.75152,[M+NH4]+,Pos,bruker.bsf.mcube.client.ui.model.impl.BucketTableLine@47bf6699,TRUE,TG 16:0_18:1_18:2,MS/MS match,"Lipid Species, Lipid Species",,TG,TG,-0.471,-0.538,891,High confidence,12.1,322.9,1.587,0.8,No,,,C55H100O6,No,52,3,16,0,18,1,18,2,,,even,Yes,,0,No,17.33333333,EVs (HeLA) + milk
14.36,890.81776,872.78393,[M+NH4]+,Pos,bruker.bsf.mcube.client.ui.model.impl.BucketTableLine@4adfb2e9,TRUE,TG 16:0_18:1_19:1,MS/MS match,"Lipid Species, Lipid Species, Lipid Species, Lipid Species, Lipid Species, Lipid Species, Lipid Species, Lipid Species, Lipid Species",,TG,TG,0.639,0.718,690.7,High confidence,2.4,327.8,1.612,0.9,No,,,C56H104O6,No,53,2,16,0,18,1,19,1,,,odd,Yes,,0,No,26.5,EVs (HeLA) + milk
14.74,890.81654,872.78272,[M+NH4]+,Pos,bruker.bsf.mcube.client.ui.model.impl.BucketTableLine@107a8718,TRUE,TG 16:0_18:1_19:1,MS/MS match,"Lipid Species, Spectral Library - 1-MoNA LipidBlast 2022, Spectral Library - 1-MoNA LipidBlast 2022, Lipid Species, Spectral Library - 1-MoNA LipidBlast 2022, Spectral Library - 1-MoNA LipidBlast 2022, Lipid Species, Spectral Library - 1-MoNA LipidBlast 2022, Spectral Library - 1-MoNA LipidBlast 2022, Spectral Library - 1-MoNA LipidBlast 2022, Spectral Library - 1-MoNA LipidBlast 2022, Spectral Library - 1-MoNA LipidBlast 2022, Spectral Library - 1-MoNA LipidBlast 2022, Spectral Library - 1-MoNA LipidBlast 2022, Lipid Species",,TG,TG,-0.573,-0.643,692.2,High confidence,117.7,328.7,1.616,1.2,,,,C56H104O6,No,53,2,16,0,18,1,19,1,,,odd,Yes,,0,No,26.5,HepG2 cells + PFAS
14.36,890.81721,872.78339,[M+NH4]+,Pos,bruker.bsf.mcube.client.ui.model.impl.BucketTableLine@431010b9,TRUE,TG 16:0_18:1_19:1,MS/MS match,"Lipid Species, Lipid Species, Lipid Species, Lipid Species, Spectral Library - 1-MoNA LipidBlast 2022",,TG,TG,0.096,0.108,686,High confidence,2.8,328.8,1.616,1.2,,,,C56H104O6,No,53,2,16,0,18,1,19,1,,,odd,Yes,,0,No,26.5,HepG2 cells + PFAS
14.14,902.81675,884.78264,"[M+NH4]+, [M+Na]+, [M+K]+",Pos,bruker.bsf.mcube.client.ui.model.impl.BucketTableLine@3d677efb,TRUE,TG 16:0_18:1_20:2,MS/MS match,"Lipid Species, Lipid Species, Lipid Species, Spectral Library - 1-MoNA LipidBlast 2022, Lipid Species, Lipid Species, Lipid Species, Lipid Species, Lipid Species, Lipid Species, Lipid Species, Lipid Species, Lipid Species, Lipid Species, Lipid Species",,TG,TG,-0.368,-0.408,793.7,High confidence,9.5,328.7,1.616,0.6,,,,C57H104O6,No,54,3,16,0,18,1,20,2,,,even,Yes,,0,No,18,Snail brains
13.69,898.78485,880.75103,[M+NH4]+,Pos,bruker.bsf.mcube.client.ui.model.impl.BucketTableLine@30de4989,TRUE,TG 16:0_18:1_20:4,MS/MS match,"Lipid Species, Spectral Library - 1-MoNA LipidBlast 2022, Spectral Library - 1-MoNA LipidBlast 2022, Spectral Library - 1-MoNA LipidBlast 2022, Lipid Species, Lipid Species, Spectral Library - 1-MoNA LipidBlast 2022, Spectral Library - 1-MoNA LipidBlast 2022, Spectral Library - 1-MoNA LipidBlast 2022, Lipid Species, Lipid Species, Spectral Library - 1-MoNA LipidBlast 2022, Spectral Library - 1-MoNA LipidBlast 2022, Lipid Species, Spectral Library - 1-MoNA LipidBlast 2022, Spectral Library - 1-MoNA LipidBlast 2022, Spectral Library - 1-MoNA LipidBlast 2022, Spectral Library - 1-MoNA LipidBlast 2022",,TG,TG,-0.965,-1.073,701.5,High confidence,11.8,326.2,1.604,0.8,,,,C57H100O6,No,54,5,16,0,18,1,20,4,,,even,Yes,,0,No,10.8,Snail brains
14.98,946.87899,928.84519,"[M+NH4]+, [M+K]+, [M+Na]+",Pos,bruker.bsf.mcube.client.ui.model.impl.BucketTableLine@7f7d252a,TRUE,TG 16:0_18:1_23:1,MS/MS match,"Lipid Species, Lipid Species",,TG,TG,-0.724,-0.764,683.1,High confidence,9.7,338.5,1.666,0.3,No,,,C60H112O6,No,57,2,16,0,18,1,23,1,,,odd,Yes,,0,No,28.5,EVs (HeLA) + milk
15.94,962.91012,944.87629,[M+NH4]+,Pos,bruker.bsf.mcube.client.ui.model.impl.BucketTableLine@3e48eca6,TRUE,TG 16:0_18:1_24:0,MS/MS match,"Lipid Species, Lipid Species, Spectral Library - 1-MoNA LipidBlast 2022",,TG,TG,-0.901,-0.935,898.4,High confidence,10,344.9,1.698,0.9,,,,C61H116O6,No,58,1,16,0,18,1,24,0,,,even,No,,0,No,58,HepG2 cells + PFAS
15.13,960.89501,942.8608,"[M+NH4]+, [M+K]+, [M+Na]+",Pos,bruker.bsf.mcube.client.ui.model.impl.BucketTableLine@1af62b5e,TRUE,TG 16:0_18:1_24:1,MS/MS match,"Lipid Species, Lipid Species, Lipid Species, Lipid Species",,TG,TG,-0.358,-0.372,606.5,High confidence,4.4,340.7,1.677,0.1,No,,,C61H114O6,No,58,2,16,0,18,1,24,1,,,even,Yes,,0,No,29,EVs (HeLA) + milk
15.42,960.8952,942.86138,[M+NH4]+,Pos,bruker.bsf.mcube.client.ui.model.impl.BucketTableLine@62a7b086,TRUE,TG 16:0_18:1_24:1,MS/MS match,"Lipid Species, Lipid Species, Spectral Library - 1-MoNA LipidBlast 2022",,TG,TG,-0.165,-0.172,708,High confidence,2.5,342.8,1.687,0.7,,,,C61H114O6,No,58,2,16,0,18,1,24,1,,,even,Yes,,0,No,29,HepG2 cells + PFAS
14.35,954.84783,936.814,[M+NH4]+,Pos,bruker.bsf.mcube.client.ui.model.impl.BucketTableLine@29869138,TRUE,TG 16:0_18:1_24:4,MS/MS match,"Lipid Species, Spectral Library - 1-MoNA LipidBlast 2022, Spectral Library - 1-MoNA LipidBlast 2022, Spectral Library - 1-MoNA LipidBlast 2022, Spectral Library - 1-MoNA LipidBlast 2022, Spectral Library - 1-MoNA LipidBlast 2022, Spectral Library - 1-MoNA LipidBlast 2022, Spectral Library - 1-MoNA LipidBlast 2022, Spectral Library - 1-MoNA LipidBlast 2022, Spectral Library - 1-MoNA LipidBlast 2022, Spectral Library - 1-MoNA LipidBlast 2022, Spectral Library - 1-MoNA LipidBlast 2022, Spectral Library - 1-MoNA LipidBlast 2022, Spectral Library - 1-MoNA LipidBlast 2022, Spectral Library - 1-MoNA LipidBlast 2022, Spectral Library - 1-MoNA LipidBlast 2022, Lipid Species, Spectral Library - 1-MoNA LipidBlast 2022",,TG,TG,-0.591,-0.619,534.8,High confidence,1,340.8,1.678,1.4,,,,C61H108O6,No,58,5,16,0,18,1,24,4,,,even,Yes,,0,No,11.6,HepG2 cells + PFAS
13.68,877.72495,854.7357,"[M+Na]+, [M+K]+",Pos,bruker.bsf.mcube.client.ui.model.impl.BucketTableLine@4d8a670,TRUE,TG 16:0_18:2_18:2,MS/MS match,"Lipid Species, Lipid Species",,TG,TG,-0.609,-0.693,629.7,High confidence,33.1,318.8,1.567,,No,,,C55H98O6,No,52,4,16,0,18,2,18,2,,,even,Yes,,0,No,13,EVs (HeLA) + milk
13.65,872.76992,854.73609,[M+NH4]+,Pos,bruker.bsf.mcube.client.ui.model.impl.BucketTableLine@4cc95849,TRUE,TG 16:0_18:2_18:2,MS/MS match,"Lipid Species, Lipid Species, Lipid Species, Lipid Species",,TG,TG,-0.246,-0.282,866.9,High confidence,16.3,320.3,1.575,0.4,No,,,C55H98O6,No,52,4,16,0,18,2,18,2,,,even,Yes,,0,No,13,EVs (HeLA) + milk
13.38,870.75412,852.7203,[M+NH4]+,Pos,bruker.bsf.mcube.client.ui.model.impl.BucketTableLine@6756f933,TRUE,TG 16:0_18:2_18:3,MS/MS match,"Lipid Species, Lipid Species",,TG,TG,-0.392,-0.45,928.3,High confidence,7.8,316.8,1.557,-0.2,No,,,C55H96O6,No,52,5,16,0,18,2,18,3,,,even,Yes,,0,No,10.4,EVs (HeLA) + milk
13.3,920.7696,902.73557,"[M+NH4]+, [M+Na]+, [M+K]+",Pos,bruker.bsf.mcube.client.ui.model.impl.BucketTableLine@68a01ef,TRUE,TG 16:0_18:2_22:6,MS/MS match,"Lipid Species, Spectral Library - 1-MoNA LipidBlast 2022, Lipid Species, Spectral Library - 1-MoNA LipidBlast 2022, Spectral Library - 1-MoNA LipidBlast 2022, Spectral Library - 1-MoNA LipidBlast 2022, Spectral Library - 1-MoNA LipidBlast 2022, Spectral Library - 1-MoNA LipidBlast 2022, Spectral Library - 1-MoNA LipidBlast 2022, Spectral Library - 1-MoNA LipidBlast 2022, Spectral Library - 1-MoNA LipidBlast 2022, Spectral Library - 1-MoNA LipidBlast 2022, Spectral Library - 1-MoNA LipidBlast 2022, Lipid Species, Spectral Library - 1-MoNA LipidBlast 2022, Spectral Library - 1-MoNA LipidBlast 2022, Spectral Library - 1-MoNA LipidBlast 2022",,TG,TG,-0.565,-0.614,649.8,High confidence,165.8,329.3,1.62,1.1,,,,C59H98O6,No,56,8,16,0,18,2,22,6,,,even,Yes,,0,No,7,HepG2 cells + PFAS
13.11,868.73889,850.70428,"[M+NH4]+, [M+Na]+, [M+K]+",Pos,bruker.bsf.mcube.client.ui.model.impl.BucketTableLine@5538b8b9,TRUE,TG 16:0_18:3_18:3,MS/MS match,"Lipid Species, Lipid Species, Lipid Species",,TG,TG,0.028,0.032,745.6,High confidence,6,315.5,1.551,-0.2,No,,,C55H94O6,No,52,6,16,0,18,3,18,3,,,even,Yes,,0,No,8.666666667,EVs (HeLA) + milk
13.11,968.76902,950.73519,[M+NH4]+,Pos,bruker.bsf.mcube.client.ui.model.impl.BucketTableLine@f99a35a,TRUE,TG 16:0_22:6_22:6,MS/MS match,"Lipid Species, Lipid Species, Spectral Library - 1-MoNA LipidBlast 2022",,TG,TG,-1.149,-1.186,583.9,High confidence,146.3,337.2,1.66,1.5,,,,C63H98O6,No,60,12,16,0,22,6,22,6,,,even,Yes,,0,No,5,HepG2 cells + PFAS
14.03,860.77009,842.73626,[M+NH4]+,Pos,bruker.bsf.mcube.client.ui.model.impl.BucketTableLine@47c74f65,TRUE,TG 16:1_17:1_18:1,MS/MS match,"Lipid Species, Lipid Species, Lipid Species",,TG,TG,-0.076,-0.088,622.6,High confidence,109.8,318,1.563,0.2,No,,,C54H98O6,No,51,3,16,1,17,1,18,1,,,odd,Yes,,0,No,17,EVs (HeLA) + milk
13.22,870.75366,852.71948,"[M+NH4]+, [M+Na]+, [M+K]+",Pos,bruker.bsf.mcube.client.ui.model.impl.BucketTableLine@2ddd5433,TRUE,TG 16:1_18:2_18:2,MS/MS match,"Lipid Species, Spectral Library - 1-MoNA LipidBlast 2022, Lipid Species, Lipid Species, Lipid Species",,TG,TG,-0.858,-0.986,690.9,High confidence,10.8,319.2,1.569,0.5,,,,C55H96O6,No,52,5,16,1,18,2,18,2,,,even,Yes,,0,No,10.4,HepG2 cells + PFAS
13.25,894.75403,876.72021,[M+NH4]+,Pos,bruker.bsf.mcube.client.ui.model.impl.BucketTableLine@67dfe4be,TRUE,TG 16:1_18:2_20:4,MS/MS match,"Lipid Species, Lipid Species, Spectral Library - 1-MoNA LipidBlast 2022, Spectral Library - 1-MoNA LipidBlast 2022, Spectral Library - 1-MoNA LipidBlast 2022, Spectral Library - 1-MoNA LipidBlast 2022, Spectral Library - 1-MoNA LipidBlast 2022, Spectral Library - 1-MoNA LipidBlast 2022, Lipid Species, Spectral Library - 1-MoNA LipidBlast 2022, Spectral Library - 1-MoNA LipidBlast 2022, Spectral Library - 1-MoNA LipidBlast 2022, Spectral Library - 1-MoNA LipidBlast 2022",,TG,TG,-0.483,-0.54,600.7,High confidence,121.3,326,1.603,1.6,,,,C57H96O6,No,54,7,16,1,18,2,20,4,,,even,Yes,,0,No,7.714285714,HepG2 cells + PFAS
12.83,866.72257,848.68875,[M+NH4]+,Pos,bruker.bsf.mcube.client.ui.model.impl.BucketTableLine@7cec2b4d,TRUE,TG 16:1_18:3_18:3,MS/MS match,"Lipid Species, Lipid Species, Lipid Species",,TG,TG,-0.644,-0.743,655.3,High confidence,11.3,311.6,1.531,-1,No,,,C55H92O6,No,52,7,16,1,18,3,18,3,,,even,Yes,,0,No,7.428571429,EVs (HeLA) + milk
12.88,942.75363,924.71981,[M+NH4]+,Pos,bruker.bsf.mcube.client.ui.model.impl.BucketTableLine@45e9604a,TRUE,TG 16:1_20:4_22:6,MS/MS match,"Lipid Species, Spectral Library - 1-MoNA LipidBlast 2022, Spectral Library - 1-MoNA LipidBlast 2022, Spectral Library - 1-MoNA LipidBlast 2022, Spectral Library - 1-MoNA LipidBlast 2022, Spectral Library - 1-MoNA LipidBlast 2022, Spectral Library - 1-MoNA LipidBlast 2022, Spectral Library - 1-MoNA LipidBlast 2022, Lipid Species, Spectral Library - 1-MoNA LipidBlast 2022, Spectral Library - 1-MoNA LipidBlast 2022, Spectral Library - 1-MoNA LipidBlast 2022, Lipid Species, Spectral Library - 1-MoNA LipidBlast 2022, Spectral Library - 1-MoNA LipidBlast 2022, Spectral Library - 1-MoNA LipidBlast 2022, Spectral Library - 1-MoNA LipidBlast 2022",,TG,TG,-0.883,-0.937,544.9,High confidence,26.8,330.4,1.626,0.9,,,,C61H96O6,No,58,11,16,1,20,4,22,6,,,even,Yes,,0,No,5.272727273,HepG2 cells + PFAS
14.63,892.83213,874.79831,[M+NH4]+,Pos,bruker.bsf.mcube.client.ui.model.impl.BucketTableLine@5042ee53,TRUE,TG 17:0_18:0_18:1,MS/MS match,"Lipid Species, Lipid Species",,TG,TG,-0.635,-0.711,709.9,High confidence,8.8,329.6,1.62,1,No,,,C56H106O6,No,53,1,17,0,18,0,18,1,,,odd,No,,0,No,53,EVs (HeLA) + milk
14.71,892.83248,874.79865,[M+NH4]+,Pos,bruker.bsf.mcube.client.ui.model.impl.BucketTableLine@79c87275,TRUE,TG 17:0_18:0_18:1,MS/MS match,"Lipid Species, Spectral Library - 1-MoNA LipidBlast 2022, Lipid Species",,TG,TG,-0.291,-0.326,668.6,High confidence,6.5,330.7,1.626,1.4,,,,C56H106O6,No,53,1,17,0,18,0,18,1,,,odd,No,,0,No,53,HepG2 cells + PFAS
14.08,888.80034,870.76651,[M+NH4]+,Pos,bruker.bsf.mcube.client.ui.model.impl.BucketTableLine@24d6c6ee,TRUE,TG 17:0_18:1_18:2,MS/MS match,"Lipid Species, Lipid Species, Lipid Species, Lipid Species, Lipid Species",,TG,TG,-1.127,-1.267,694.9,High confidence,4.2,326.3,1.604,0.9,No,,,C56H102O6,No,53,3,17,0,18,1,18,2,,,odd,Yes,,0,No,17.66666667,EVs (HeLA) + milk
13.93,888.801,870.76718,[M+NH4]+,Pos,bruker.bsf.mcube.client.ui.model.impl.BucketTableLine@6a7d905a,TRUE,TG 17:0_18:1_18:2,MS/MS match,"Lipid Species, Lipid Species, Spectral Library - 1-MoNA LipidBlast 2022, Lipid Species, Lipid Species",,TG,TG,-0.462,-0.52,663.6,High confidence,6.2,324.8,1.597,0.4,,,,C56H102O6,No,53,3,17,0,18,1,18,2,,,odd,Yes,,0,No,17.66666667,Snail brains
13.53,884.76905,866.73522,"[M+NH4]+, [M+Na]+, [M+K]+",Pos,bruker.bsf.mcube.client.ui.model.impl.BucketTableLine@4690a11a,TRUE,TG 17:0_18:2_18:3,MS/MS match,"Lipid Species, Lipid Species, Lipid Species",,TG,TG,-1.119,-1.264,680.6,High confidence,19.2,322.1,1.584,0.5,No,,,C56H98O6,No,53,5,17,0,18,2,18,3,,,odd,Yes,,0,No,10.6,EVs (HeLA) + milk
13.36,884.76959,866.73577,[M+NH4]+,Pos,bruker.bsf.mcube.client.ui.model.impl.BucketTableLine@4d0796b8,TRUE,TG 17:0_18:2_18:3,MS/MS match,"Lipid Species, Lipid Species, Lipid Species, Lipid Species, Spectral Library - 1-MoNA LipidBlast 2022",,TG,TG,-0.572,-0.646,744.2,High confidence,8,320.6,1.576,0,,,,C56H98O6,No,53,5,17,0,18,2,18,3,,,odd,Yes,,0,No,10.6,Snail brains
13.66,912.80032,894.7665,[M+NH4]+,Pos,bruker.bsf.mcube.client.ui.model.impl.BucketTableLine@6d1d892e,TRUE,TG 17:0_18:2_20:3,MS/MS match,"Lipid Species, Lipid Species, Lipid Species, Spectral Library - 1-MoNA LipidBlast 2022, Spectral Library - 1-MoNA LipidBlast 2022, Lipid Species, Lipid Species, Spectral Library - 1-MoNA LipidBlast 2022, Spectral Library - 1-MoNA LipidBlast 2022, Spectral Library - 1-MoNA LipidBlast 2022, Lipid Species, Spectral Library - 1-MoNA LipidBlast 2022",,TG,TG,-1.145,-1.254,609.4,High confidence,18.9,328.4,1.616,0.5,,,,C58H102O6,No,55,5,17,0,18,2,20,3,,,odd,Yes,,0,No,11,Snail brains
15.21,934.87937,916.84554,[M+NH4]+,Pos,bruker.bsf.mcube.client.ui.model.impl.BucketTableLine@61a511dd,TRUE,TG 17:0_19:0_20:1,MS/MS match,"Lipid Species, Lipid Species, Lipid Species, Spectral Library - 1-MoNA LipidBlast 2022, Lipid Species",,TG,TG,-0.347,-0.372,865.6,High confidence,8,339.5,1.671,1.2,,,,C59H112O6,No,56,1,17,0,19,0,20,1,,,even,No,,0,No,56,Snail brains
14.18,940.83236,922.79853,[M+NH4]+,Pos,bruker.bsf.mcube.client.ui.model.impl.BucketTableLine@232fa810,TRUE,TG 17:0_20:1_20:4,MS/MS match,"Lipid Species, Lipid Species, Spectral Library - 1-MoNA LipidBlast 2022, Spectral Library - 1-MoNA LipidBlast 2022, Spectral Library - 1-MoNA LipidBlast 2022, Spectral Library - 1-MoNA LipidBlast 2022, Spectral Library - 1-MoNA LipidBlast 2022, Spectral Library - 1-MoNA LipidBlast 2022, Lipid Species, Spectral Library - 1-MoNA LipidBlast 2022, Spectral Library - 1-MoNA LipidBlast 2022, Spectral Library - 1-MoNA LipidBlast 2022, Lipid Species, Spectral Library - 1-MoNA LipidBlast 2022, Spectral Library - 1-MoNA LipidBlast 2022, Lipid Species, Lipid Species, Spectral Library - 1-MoNA LipidBlast 2022, Spectral Library - 1-MoNA LipidBlast 2022",,TG,TG,-0.407,-0.432,650.8,High confidence,0.7,336.4,1.656,1,,,,C60H106O6,No,57,5,17,0,20,1,20,4,,,odd,Yes,,0,No,11.4,Snail brains
14.64,890.81645,872.78262,[M+NH4]+,Pos,bruker.bsf.mcube.client.ui.model.impl.BucketTableLine@78a359c8,TRUE,TG 17:1_18:0_18:1,MS/MS match,"Lipid Species, Lipid Species, Lipid Species",,TG,TG,-0.669,-0.751,801.8,High confidence,117.9,325.9,1.602,0.3,No,,,C56H104O6,No,53,2,17,1,18,0,18,1,,,odd,Yes,,0,No,26.5,EVs (HeLA) + milk
14.33,888.80077,870.76695,[M+NH4]+,Pos,bruker.bsf.mcube.client.ui.model.impl.BucketTableLine@459ee728,TRUE,TG 17:1_18:1_18:1,MS/MS match,"Lipid Species, Spectral Library - 1-MoNA LipidBlast 2022, Lipid Species, Lipid Species",,TG,TG,-0.693,-0.78,672.3,High confidence,119.3,325.1,1.598,0.5,,,,C56H102O6,No,53,3,17,1,18,1,18,1,,,odd,Yes,,0,No,17.66666667,HepG2 cells + PFAS
13.77,886.7852,868.75124,"[M+NH4]+, [M+Na]+, [M+K]+",Pos,bruker.bsf.mcube.client.ui.model.impl.BucketTableLine@457fe57e,TRUE,TG 17:1_18:1_18:2,MS/MS match,"Lipid Species, Lipid Species",,TG,TG,-0.617,-0.696,861.7,High confidence,11.3,324.3,1.595,0.7,No,,,C56H100O6,No,53,4,17,1,18,1,18,2,,,odd,Yes,,0,No,13.25,EVs (HeLA) + milk
14.81,906.84819,888.81334,"[M+NH4]+, [M+Na]+, [M+K]+",Pos,bruker.bsf.mcube.client.ui.model.impl.BucketTableLine@4505b007,TRUE,TG 18:0_18:0_18:1,MS/MS match,"Lipid Species, Lipid Species, Lipid Species, Lipid Species",,TG,TG,-0.222,-0.245,810.3,High confidence,14.9,332.2,1.634,0.8,No,,,C57H108O6,No,54,1,18,0,18,0,18,1,,,even,No,,0,No,54,EVs (HeLA) + milk
14.52,904.83227,886.79845,[M+NH4]+,Pos,bruker.bsf.mcube.client.ui.model.impl.BucketTableLine@7e92b060,TRUE,TG 18:0_18:1_18:1,MS/MS match,"Lipid Species, Lipid Species, Lipid Species, Lipid Species, Lipid Species, Lipid Species, Lipid Species",,TG,TG,-0.494,-0.546,896.1,High confidence,5.3,330,1.623,0.6,No,,,C57H106O6,No,54,2,18,0,18,1,18,1,,,even,Yes,,0,No,27,EVs (HeLA) + milk
14.21,902.81547,884.78164,[M+NH4]+,Pos,bruker.bsf.mcube.client.ui.model.impl.BucketTableLine@3aada7de,TRUE,TG 18:0_18:1_18:2,MS/MS match,"Lipid Species, Lipid Species, Lipid Species, Lipid Species, Lipid Species",,TG,TG,-1.648,-1.826,943.8,High confidence,0.9,328.1,1.613,0.5,No,,,C57H104O6,No,54,3,18,0,18,1,18,2,,,even,Yes,,0,No,18,EVs (HeLA) + milk
14.21,902.81658,884.78275,[M+NH4]+,Pos,bruker.bsf.mcube.client.ui.model.impl.BucketTableLine@31458da1,TRUE,TG 18:0_18:1_18:2,MS/MS match,"Lipid Species, Lipid Species, Lipid Species, Spectral Library - 1-MoNA LipidBlast 2022, Lipid Species, Lipid Species, Lipid Species",,TG,TG,-0.537,-0.594,869.7,High confidence,25.4,330.5,1.625,1.2,,,,C57H104O6,No,54,3,18,0,18,1,18,2,,,even,Yes,,0,No,18,HepG2 cells + PFAS
14.67,918.84773,900.81307,"[M+NH4]+, [M+K]+, [M+Na]+",Pos,bruker.bsf.mcube.client.ui.model.impl.BucketTableLine@f6586f7,TRUE,TG 18:0_18:1_19:1,MS/MS match,"Lipid Species, Lipid Species",,TG,TG,-0.69,-0.751,653,High confidence,12.7,334.1,1.644,0.9,No,,,C58H108O6,No,55,2,18,0,18,1,19,1,,,odd,Yes,,0,No,27.5,EVs (HeLA) + milk
14.82,932.86379,914.82939,"[M+NH4]+, [M+Na]+, [M+K]+",Pos,bruker.bsf.mcube.client.ui.model.impl.BucketTableLine@1ddd8552,TRUE,TG 18:0_18:1_20:1,MS/MS match,"Lipid Species, Lipid Species, Lipid Species",,TG,TG,-0.278,-0.298,620.8,High confidence,25.1,337,1.658,0.8,No,,,C59H110O6,No,56,2,18,0,18,1,20,1,,,even,Yes,,0,No,28,EVs (HeLA) + milk
15,932.86388,914.83006,[M+NH4]+,Pos,bruker.bsf.mcube.client.ui.model.impl.BucketTableLine@41166aa,TRUE,TG 18:0_18:1_20:1,MS/MS match,"Lipid Species, Lipid Species, Lipid Species, Lipid Species, Lipid Species, Lipid Species, Lipid Species, Spectral Library - 1-MoNA LipidBlast 2022, Lipid Species",,TG,TG,-0.184,-0.197,678.3,High confidence,3.4,338.2,1.664,1.2,,,,C59H110O6,No,56,2,18,0,18,1,20,1,,,even,Yes,,0,No,28,Snail brains
14,926.81591,908.78208,[M+NH4]+,Pos,bruker.bsf.mcube.client.ui.model.impl.BucketTableLine@1e7b7922,TRUE,TG 18:0_18:1_20:4,MS/MS match,"Lipid Species, Lipid Species",,TG,TG,-1.207,-1.303,607.9,High confidence,7.4,330.3,1.625,0.1,No,,,C59H104O6,No,56,5,18,0,18,1,20,4,,,even,Yes,,0,No,11.2,EVs (HeLA) + milk
13.66,898.78578,880.75196,[M+NH4]+,Pos,bruker.bsf.mcube.client.ui.model.impl.BucketTableLine@387d0104,TRUE,TG 18:0_18:2_18:3,MS/MS match,"Lipid Species, Lipid Species, Lipid Species",,TG,TG,-0.036,-0.04,749.5,High confidence,13.6,324.3,1.595,0.2,No,,,C57H100O6,No,54,5,18,0,18,2,18,3,,,even,Yes,,0,No,10.8,EVs (HeLA) + milk
15.06,984.89467,966.86084,[M+NH4]+,Pos,bruker.bsf.mcube.client.ui.model.impl.BucketTableLine@14f45c6,TRUE,TG 18:0_20:1_22:3,MS/MS match,"Lipid Species, Spectral Library - 1-MoNA LipidBlast 2022, Spectral Library - 1-MoNA LipidBlast 2022, Spectral Library - 1-MoNA LipidBlast 2022, Spectral Library - 1-MoNA LipidBlast 2022, Spectral Library - 1-MoNA LipidBlast 2022, Lipid Species, Spectral Library - 1-MoNA LipidBlast 2022, Lipid Species, Lipid Species, Spectral Library - 1-MoNA LipidBlast 2022, Spectral Library - 1-MoNA LipidBlast 2022, Spectral Library - 1-MoNA LipidBlast 2022, Spectral Library - 1-MoNA LipidBlast 2022, Spectral Library - 1-MoNA LipidBlast 2022, Spectral Library - 1-MoNA LipidBlast 2022, Spectral Library - 1-MoNA LipidBlast 2022, Spectral Library - 1-MoNA LipidBlast 2022, Lipid Species, Spectral Library - 1-MoNA LipidBlast 2022, Lipid Species, Spectral Library - 1-MoNA LipidBlast 2022, Spectral Library - 1-MoNA LipidBlast 2022",,TG,TG,-0.698,-0.709,614.5,High confidence,3.5,346.3,1.705,0.7,,,,C63H114O6,No,60,4,18,0,20,1,22,3,,,even,Yes,,0,No,15,Snail brains
13.42,946.78552,928.75158,"[M+NH4]+, [M+K]+, [M+Na]+",Pos,bruker.bsf.mcube.client.ui.model.impl.BucketTableLine@637af7a0,TRUE,TG 18:0_20:4_20:5,MS/MS match,"Lipid Species, Lipid Species, Spectral Library - 1-MoNA LipidBlast 2022, Lipid Species, Lipid Species",,TG,TG,-0.3,-0.317,676.2,High confidence,137.7,332.6,1.637,0.7,,,,C61H100O6,No,58,9,18,0,20,4,20,5,,,even,Yes,,0,No,6.444444444,Snail brains
13.95,900.80113,882.76731,[M+NH4]+,Pos,bruker.bsf.mcube.client.ui.model.impl.BucketTableLine@7ee38ad4,TRUE,TG 18:1_18:1_18:2,MS/MS match,"Lipid Species, Lipid Species, Lipid Species, Lipid Species",,TG,TG,-0.336,-0.373,938.1,High confidence,1,326.6,1.606,0.4,No,,,C57H102O6,No,54,4,18,1,18,1,18,2,,,even,Yes,,0,No,13.5,EVs (HeLA) + milk
13.87,900.80129,882.76746,[M+NH4]+,Pos,bruker.bsf.mcube.client.ui.model.impl.BucketTableLine@52c6848b,TRUE,TG 18:1_18:1_18:2,MS/MS match,"Lipid Species, Lipid Species, Spectral Library - 1-MoNA LipidBlast 2022, Lipid Species, Lipid Species, Lipid Species, Lipid Species, Lipid Species",,TG,TG,-0.18,-0.2,833.3,High confidence,35.4,328.7,1.617,1.1,,,,C57H102O6,No,54,4,18,1,18,1,18,2,,,even,Yes,,0,No,13.5,HepG2 cells + PFAS
14.65,916.83172,898.79789,[M+NH4]+,Pos,bruker.bsf.mcube.client.ui.model.impl.BucketTableLine@61b37763,TRUE,TG 18:1_18:1_19:1,MS/MS match,"Lipid Species, Lipid Species, Lipid Species",,TG,TG,-1.051,-1.147,909,High confidence,126.5,331,1.628,0.4,No,,,C58H106O6,No,55,3,18,1,18,1,19,1,,,odd,Yes,,0,No,18.33333333,EVs (HeLA) + milk
14.38,916.83204,898.79821,[M+NH4]+,Pos,bruker.bsf.mcube.client.ui.model.impl.BucketTableLine@1bccc583,TRUE,TG 18:1_18:1_19:1,MS/MS match,"Lipid Species, Lipid Species, Lipid Species, Lipid Species, Lipid Species, Lipid Species",,TG,TG,-0.728,-0.794,821.2,High confidence,17.2,331.8,1.632,0.6,No,,,C58H106O6,No,55,3,18,1,18,1,19,1,,,odd,Yes,,0,No,18.33333333,EVs (HeLA) + milk
14.37,916.83239,898.79856,[M+NH4]+,Pos,bruker.bsf.mcube.client.ui.model.impl.BucketTableLine@49ae2f18,TRUE,TG 18:1_18:1_19:1,MS/MS match,"Lipid Species, Lipid Species, Spectral Library - 1-MoNA LipidBlast 2022, Lipid Species, Lipid Species, Lipid Species, Lipid Species",,TG,TG,-0.382,-0.416,676.2,High confidence,1.3,333.3,1.64,1.1,,,,C58H106O6,No,55,3,18,1,18,1,19,1,,,odd,Yes,,0,No,18.33333333,HepG2 cells + PFAS
14.55,930.8472,912.81338,[M+NH4]+,Pos,bruker.bsf.mcube.client.ui.model.impl.BucketTableLine@46a157c2,TRUE,TG 18:1_18:1_20:1,MS/MS match,"Lipid Species, Lipid Species, Lipid Species, Lipid Species",,TG,TG,-1.216,-1.306,638.6,High confidence,64.4,334,1.643,0.4,No,,,C59H108O6,No,56,3,18,1,18,1,20,1,,,even,Yes,,0,No,18.66666667,EVs (HeLA) + milk
14.58,930.84757,912.81374,[M+NH4]+,Pos,bruker.bsf.mcube.client.ui.model.impl.BucketTableLine@513f01fe,TRUE,TG 18:1_18:1_20:1,MS/MS match,"Lipid Species, Spectral Library - 1-MoNA LipidBlast 2022, Lipid Species, Lipid Species, Lipid Species, Lipid Species, Lipid Species, Lipid Species, Lipid Species",,TG,TG,-0.852,-0.915,840,High confidence,4.5,336.7,1.657,1.2,,,,C59H108O6,No,56,3,18,1,18,1,20,1,,,even,Yes,,0,No,18.66666667,HepG2 cells + PFAS
14.7,944.86367,926.82931,"[M+NH4]+, [M+Na]+, [M+K]+",Pos,bruker.bsf.mcube.client.ui.model.impl.BucketTableLine@2c096b07,TRUE,TG 18:1_18:1_21:1,MS/MS match,"Lipid Species, Lipid Species, Lipid Species",,TG,TG,-0.398,-0.421,736.5,High confidence,7.6,337.7,1.662,0.5,No,,,C60H110O6,No,57,3,18,1,18,1,21,1,,,odd,Yes,,0,No,19,EVs (HeLA) + milk
14.84,958.87903,940.84457,"[M+NH4]+, [M+K]+, [M+Na]+",Pos,bruker.bsf.mcube.client.ui.model.impl.BucketTableLine@36587102,TRUE,TG 18:1_18:1_22:1,MS/MS match,"Lipid Species, Lipid Species, Lipid Species, Lipid Species, Lipid Species, Lipid Species",,TG,TG,-0.683,-0.712,713.6,High confidence,5.2,341,1.679,0.6,No,,,C61H112O6,No,58,3,18,1,18,1,22,1,,,even,Yes,,0,No,19.33333333,EVs (HeLA) + milk
13.76,950.81604,932.78222,[M+NH4]+,Pos,bruker.bsf.mcube.client.ui.model.impl.BucketTableLine@29e99521,TRUE,TG 18:1_18:1_22:5,MS/MS match,"Lipid Species, Lipid Species, Lipid Species",,TG,TG,-1.072,-1.127,914.7,High confidence,13.3,332.4,1.636,-0.3,No,,,C61H104O6,No,58,7,18,1,18,1,22,5,,,even,Yes,,0,No,8.285714286,EVs (HeLA) + milk
15.68,974.91019,956.87636,[M+NH4]+,Pos,bruker.bsf.mcube.client.ui.model.impl.BucketTableLine@16c301c4,TRUE,TG 18:1_18:1_23:0,MS/MS match,"Lipid Species, Lipid Species, Spectral Library - 1-MoNA LipidBlast 2022, Lipid Species, Lipid Species, Lipid Species",,TG,TG,-0.831,-0.852,628.5,High confidence,6.7,346.4,1.705,0.8,,,,C62H116O6,No,59,2,18,1,18,1,23,0,,,odd,Yes,,0,No,29.5,HepG2 cells + PFAS
15.92,988.92626,970.89244,[M+NH4]+,Pos,bruker.bsf.mcube.client.ui.model.impl.BucketTableLine@6ae553a9,TRUE,TG 18:1_18:1_24:0,MS/MS match,"Lipid Species, Lipid Species, Lipid Species, Spectral Library - 1-MoNA LipidBlast 2022, Lipid Species",,TG,TG,-0.405,-0.41,662.6,High confidence,3.1,349.2,1.72,0.7,,,,C63H118O6,No,60,2,18,1,18,1,24,0,,,even,Yes,,0,No,30,HepG2 cells + PFAS
14.38,980.86347,962.82965,[M+NH4]+,Pos,bruker.bsf.mcube.client.ui.model.impl.BucketTableLine@a17d003,TRUE,TG 18:1_18:1_24:4,MS/MS match,"Lipid Species, Lipid Species, Lipid Species, Lipid Species, Lipid Species, Spectral Library - 1-MoNA LipidBlast 2022",,TG,TG,-0.592,-0.604,648.3,High confidence,1.1,344.9,1.698,1.2,,,,C63H110O6,No,60,6,18,1,18,1,24,4,,,even,Yes,,0,No,10,HepG2 cells + PFAS
15.89,1014.94151,996.90768,[M+NH4]+,Pos,bruker.bsf.mcube.client.ui.model.impl.BucketTableLine@7266f8f9,TRUE,TG 18:1_18:1_26:1,MS/MS match,"Lipid Species, Lipid Species, Lipid Species, Lipid Species, Spectral Library - 1-MoNA LipidBlast 2022, Lipid Species",,TG,TG,-0.807,-0.795,788.6,High confidence,1.8,353.5,1.742,0.6,,,,C65H120O6,No,62,3,18,1,18,1,26,1,,,even,Yes,,0,No,20.66666667,HepG2 cells + PFAS
14.44,1006.87856,988.84474,[M+NH4]+,Pos,bruker.bsf.mcube.client.ui.model.impl.BucketTableLine@33ebeb40,TRUE,TG 18:1_18:1_26:5,MS/MS match,"Lipid Species, Spectral Library - 1-MoNA LipidBlast 2022, Spectral Library - 1-MoNA LipidBlast 2022, Spectral Library - 1-MoNA LipidBlast 2022, Spectral Library - 1-MoNA LipidBlast 2022, Spectral Library - 1-MoNA LipidBlast 2022, Lipid Species, Spectral Library - 1-MoNA LipidBlast 2022, Spectral Library - 1-MoNA LipidBlast 2022, Spectral Library - 1-MoNA LipidBlast 2022, Lipid Species, Spectral Library - 1-MoNA LipidBlast 2022, Spectral Library - 1-MoNA LipidBlast 2022, Lipid Species, Spectral Library - 1-MoNA LipidBlast 2022, Spectral Library - 1-MoNA LipidBlast 2022, Spectral Library - 1-MoNA LipidBlast 2022, Spectral Library - 1-MoNA LipidBlast 2022, Lipid Species, Spectral Library - 1-MoNA LipidBlast 2022, Spectral Library - 1-MoNA LipidBlast 2022, Spectral Library - 1-MoNA LipidBlast 2022, Spectral Library - 1-MoNA LipidBlast 2022, Spectral Library - 1-MoNA LipidBlast 2022, Spectral Library - 1-MoNA LipidBlast 2022, Spectral Library - 1-MoNA LipidBlast 2022",,TG,TG,-1.153,-1.145,546.7,High confidence,1.5,349,1.719,1,,,,C65H112O6,No,62,7,18,1,18,1,26,5,,,even,Yes,,0,No,8.857142857,HepG2 cells + PFAS
14.71,898.78588,880.75205,[M+NH4]+,Pos,bruker.bsf.mcube.client.ui.model.impl.BucketTableLine@67c6510c,TRUE,TG 18:1_18:2_18:2,MS/MS match,"Lipid Species, Lipid Species, Lipid Species, Spectral Library - 1-MoNA LipidBlast 2022, Lipid Species",,TG,TG,0.061,0.068,797.3,High confidence,133.2,325.6,1.601,0.6,,,,C57H100O6,No,54,5,18,1,18,2,18,2,,,even,Yes,,0,No,10.8,HepG2 cells + PFAS
13.58,898.78618,880.75063,"[M+NH4]+, [M+K]+, [M+Na]+",Pos,bruker.bsf.mcube.client.ui.model.impl.BucketTableLine@6736d002,TRUE,TG 18:1_18:2_18:2,MS/MS match,"Lipid Species, Lipid Species, Lipid Species, Spectral Library - 1-MoNA LipidBlast 2022, Lipid Species",,TG,TG,0.364,0.405,855.4,High confidence,40.7,326.4,1.605,0.8,,,,C57H100O6,No,54,5,18,1,18,2,18,2,,,even,Yes,,0,No,10.8,HepG2 cells + PFAS
13.71,898.78596,880.75214,[M+NH4]+,Pos,bruker.bsf.mcube.client.ui.model.impl.BucketTableLine@3b815585,TRUE,TG 18:1_18:2_18:2,MS/MS match,"Lipid Species, Lipid Species, Lipid Species, Lipid Species, Lipid Species, Spectral Library - 1-MoNA LipidBlast 2022, Lipid Species",,TG,TG,0.147,0.163,865.6,High confidence,10.3,327.7,1.611,1.2,,,,C57H100O6,No,54,5,18,1,18,2,18,2,,,even,Yes,,0,No,10.8,HepG2 cells + PFAS
13.28,896.76919,878.73485,"[M+NH4]+, [M+K]+, [M+Na]+",Pos,bruker.bsf.mcube.client.ui.model.impl.BucketTableLine@1cf03e35,TRUE,TG 18:1_18:2_18:3,MS/MS match,"Lipid Species, Spectral Library - 1-MoNA LipidBlast 2022, Lipid Species, Lipid Species, Lipid Species, Lipid Species, Lipid Species, Lipid Species, Lipid Species",,TG,TG,-0.975,-1.087,755.8,High confidence,17.2,323.1,1.589,0.3,,,,C57H98O6,No,54,6,18,1,18,2,18,3,,,even,Yes,,0,No,9,HepG2 cells + PFAS
13.4,896.76946,878.73563,[M+NH4]+,Pos,bruker.bsf.mcube.client.ui.model.impl.BucketTableLine@7129978f,TRUE,TG 18:1_18:2_18:3,MS/MS match,"Lipid Species, Lipid Species, Spectral Library - 1-MoNA LipidBlast 2022, Lipid Species, Lipid Species, Lipid Species, Lipid Species",,TG,TG,-0.71,-0.791,719.7,High confidence,24.2,326.6,1.606,1.3,,,,C57H98O6,No,54,6,18,1,18,2,18,3,,,even,Yes,,0,No,9,HepG2 cells + PFAS
13.7,950.81625,932.78229,"[M+NH4]+, [M+K]+, [M+Na]+",Pos,bruker.bsf.mcube.client.ui.model.impl.BucketTableLine@5f4d35ad,TRUE,TG 18:1_18:2_22:4,MS/MS match,"Lipid Species, Spectral Library - 1-MoNA LipidBlast 2022, Spectral Library - 1-MoNA LipidBlast 2022, Spectral Library - 1-MoNA LipidBlast 2022, Spectral Library - 1-MoNA LipidBlast 2022, Lipid Species, Spectral Library - 1-MoNA LipidBlast 2022",,TG,TG,-0.868,-0.913,693.5,High confidence,5.6,336.2,1.655,0.9,,,,C61H104O6,No,58,7,18,1,18,2,22,4,,,even,Yes,,0,No,8.285714286,HepG2 cells + PFAS
14.98,972.8944,954.86057,[M+NH4]+,Pos,bruker.bsf.mcube.client.ui.model.impl.BucketTableLine@71c07db7,TRUE,TG 18:1_18:2_23:0,MS/MS match,"Lipid Species, Lipid Species",,TG,TG,-0.968,-0.995,899.6,High confidence,6.9,342.1,1.684,0,No,,,C62H114O6,No,59,3,18,1,18,2,23,0,,,odd,Yes,,0,No,19.66666667,EVs (HeLA) + milk
15.14,986.9104,968.87563,"[M+NH4]+, [M+Na]+, [M+K]+",Pos,bruker.bsf.mcube.client.ui.model.impl.BucketTableLine@119ba09a,TRUE,TG 18:1_18:2_24:0,MS/MS match,"Lipid Species, Lipid Species",,TG,TG,-0.616,-0.624,702.3,High confidence,13,345.1,1.699,0,No,,,C63H116O6,No,60,3,18,1,18,2,24,0,,,even,Yes,,0,No,20,EVs (HeLA) + milk
15.42,986.9106,968.87678,[M+NH4]+,Pos,bruker.bsf.mcube.client.ui.model.impl.BucketTableLine@65f571e,TRUE,TG 18:1_18:2_24:0,MS/MS match,"Lipid Species, Lipid Species, Lipid Species, Spectral Library - 1-MoNA LipidBlast 2022",,TG,TG,-0.416,-0.421,623.5,High confidence,6.4,347.5,1.711,0.7,,,,C63H116O6,No,60,3,18,1,18,2,24,0,,,even,Yes,,0,No,20,HepG2 cells + PFAS
15.03,984.89444,966.86062,[M+NH4]+,Pos,bruker.bsf.mcube.client.ui.model.impl.BucketTableLine@3f645ac9,TRUE,TG 18:1_18:2_24:1,MS/MS match,"Lipid Species, Lipid Species, Spectral Library - 1-MoNA LipidBlast 2022",,TG,TG,-0.924,-0.938,755.2,High confidence,0.4,345.6,1.702,0.5,,,,C63H114O6,No,60,4,18,1,18,2,24,1,,,even,Yes,,0,No,15,HepG2 cells + PFAS
13.74,976.8313,958.79748,[M+NH4]+,Pos,bruker.bsf.mcube.client.ui.model.impl.BucketTableLine@661155cb,TRUE,TG 18:1_18:2_24:5,MS/MS match,"Lipid Species, Spectral Library - 1-MoNA LipidBlast 2022, Lipid Species",,TG,TG,-1.465,-1.499,697,High confidence,8.8,339.9,1.674,0.6,,,,C63H106O6,No,60,8,18,1,18,2,24,5,,,even,Yes,,0,No,7.5,HepG2 cells + PFAS
14.88,996.89407,978.86024,[M+NH4]+,Pos,bruker.bsf.mcube.client.ui.model.impl.BucketTableLine@29986e59,TRUE,TG 18:1_18:2_25:2,MS/MS match,"Lipid Species, Lipid Species",,TG,TG,-1.298,-1.302,595.3,High confidence,30.5,349.1,1.719,1,,,,C64H114O6,No,61,5,18,1,18,2,25,2,,,odd,Yes,,0,No,12.2,HepG2 cells + PFAS
14.08,1004.86222,986.8284,[M+NH4]+,Pos,bruker.bsf.mcube.client.ui.model.impl.BucketTableLine@9d17bfc,TRUE,TG 18:1_18:2_26:5,MS/MS match,"Lipid Species, Lipid Species",,TG,TG,-1.843,-1.834,591.2,High confidence,8.5,347.1,1.709,0.8,,,,C65H110O6,No,62,8,18,1,18,2,26,5,,,even,Yes,,0,No,7.75,HepG2 cells + PFAS
15.01,958.87909,940.84527,[M+NH4]+,Pos,bruker.bsf.mcube.client.ui.model.impl.BucketTableLine@9307aa4,TRUE,TG 18:1_20:1_20:1,MS/MS match,"Lipid Species, Lipid Species, Lipid Species, Lipid Species, Lipid Species, Lipid Species, Lipid Species, Spectral Library - 1-MoNA LipidBlast 2022, Lipid Species",,TG,TG,-0.624,-0.651,637.1,High confidence,0.6,342.9,1.688,1.1,,,,C61H112O6,No,58,3,18,1,20,1,20,1,,,even,Yes,,0,No,19.33333333,Snail brains
15.21,1036.92489,1018.89106,[M+NH4]+,Pos,bruker.bsf.mcube.client.ui.model.impl.BucketTableLine@6e970983,TRUE,TG 18:1_22:4_24:1,MS/MS match,"Lipid Species, Lipid Species",,TG,TG,-1.777,-1.713,554.1,High confidence,7.7,355.6,1.752,0.6,,,,C67H118O6,No,64,6,18,1,22,4,24,1,,,even,Yes,,0,No,10.66666667,HepG2 cells + PFAS
14.82,1034.90977,1016.87594,[M+NH4]+,Pos,bruker.bsf.mcube.client.ui.model.impl.BucketTableLine@4be6a100,TRUE,TG 18:1_22:4_24:2,MS/MS match,"Lipid Species, Lipid Species",,TG,TG,-1.249,-1.207,530.2,High confidence,4,354.8,1.748,0.8,,,,C67H116O6,No,64,7,18,1,22,4,24,2,,,even,Yes,,0,No,9.142857143,HepG2 cells + PFAS
14.89,1060.92455,1042.89072,[M+NH4]+,Pos,bruker.bsf.mcube.client.ui.model.impl.BucketTableLine@7cbebd83,TRUE,TG 18:1_24:2_24:5,MS/MS match,"Lipid Species, Lipid Species, Lipid Species",,TG,TG,-2.12,-1.998,565.3,High confidence,8.5,358.5,1.767,0.5,,,,C69H118O6,No,66,8,18,1,24,2,24,5,,,even,Yes,,0,No,8.25,HepG2 cells + PFAS
13.09,894.75425,876.71986,"[M+NH4]+, [M+Na]+, [M+K]+",Pos,bruker.bsf.mcube.client.ui.model.impl.BucketTableLine@3d57f35b,TRUE,TG 18:2_18:2_18:3,MS/MS match,"Lipid Species, Lipid Species, Lipid Species, Lipid Species, Lipid Species, Lipid Species",,TG,TG,-0.27,-0.302,884.3,High confidence,22.2,319.2,1.569,-0.5,No,,,C57H96O6,No,54,7,18,2,18,2,18,3,,,even,Yes,,0,No,7.714285714,EVs (HeLA) + milk
13.92,912.80067,894.76685,[M+NH4]+,Pos,bruker.bsf.mcube.client.ui.model.impl.BucketTableLine@27ae415a,TRUE,TG 18:2_18:2_19:1,MS/MS match,"Lipid Species, Lipid Species",,TG,TG,-0.792,-0.868,870.2,High confidence,73.7,328.4,1.616,0.5,No,,,C58H102O6,No,55,5,18,2,18,2,19,1,,,odd,Yes,,0,No,11,EVs (HeLA) + milk
14.74,970.87941,952.84446,"[M+NH4]+, [M+Na]+, [M+K]+",Pos,bruker.bsf.mcube.client.ui.model.impl.BucketTableLine@cd6e9ed,TRUE,TG 18:2_18:2_23:0,MS/MS match,"Lipid Species, Lipid Species, Lipid Species",,TG,TG,-0.305,-0.314,918.4,High confidence,4.7,341.3,1.68,0.2,No,,,C62H112O6,No,59,4,18,2,18,2,23,0,,,odd,Yes,,0,No,14.75,EVs (HeLA) + milk
14.89,984.89495,966.86113,"[M+NH4]+, [M+K]+, [M+Na]+",Pos,bruker.bsf.mcube.client.ui.model.impl.BucketTableLine@5056726f,TRUE,TG 18:2_18:2_24:0,MS/MS match,"Lipid Species, Lipid Species, Lipid Species, Lipid Species",,TG,TG,-0.421,-0.428,907.1,High confidence,7.9,343.5,1.691,-0.1,No,,,C63H114O6,No,60,4,18,2,18,2,24,0,,,even,Yes,,0,No,15,EVs (HeLA) + milk
15.05,998.91017,980.87664,"[M+NH4]+, [M+K]+, [M+Na]+",Pos,bruker.bsf.mcube.client.ui.model.impl.BucketTableLine@63a491a,TRUE,TG 18:2_18:2_25:0,MS/MS match,"Lipid Species, Lipid Species",,TG,TG,-0.847,-0.848,898.7,High confidence,15,345.6,1.702,-0.4,No,,,C64H116O6,No,61,4,18,2,18,2,25,0,,,odd,Yes,,0,No,15.25,EVs (HeLA) + milk
15.2,1012.92498,994.89115,[M+NH4]+,Pos,bruker.bsf.mcube.client.ui.model.impl.BucketTableLine@5036202f,TRUE,TG 18:2_18:2_26:0,MS/MS match,"Lipid Species, Lipid Species, Lipid Species",,TG,TG,-1.688,-1.666,842.2,High confidence,23.9,347.8,1.713,-0.6,No,,,C65H118O6,No,62,4,18,2,18,2,26,0,,,even,Yes,,0,No,15.5,EVs (HeLA) + milk
12.82,892.73853,874.70485,"[M+NH4]+, [M+Na]+, [M+K]+",Pos,bruker.bsf.mcube.client.ui.model.impl.BucketTableLine@511d8517,TRUE,TG 18:2_18:3_18:3,MS/MS match,"Lipid Species, Lipid Species",,TG,TG,-0.333,-0.373,901.6,High confidence,15.1,316.7,1.557,-0.9,No,,,C57H94O6,No,54,8,18,2,18,3,18,3,,,even,Yes,,0,No,6.75,EVs (HeLA) + milk
12.76,892.7374,874.70357,[M+NH4]+,Pos,bruker.bsf.mcube.client.ui.model.impl.BucketTableLine@7a112aa6,TRUE,TG 18:2_18:3_18:3,MS/MS match,"Lipid Species, Lipid Species, Spectral Library - 1-MoNA LipidBlast 2022, Lipid Species, Lipid Species",,TG,TG,-1.468,-1.645,919.1,High confidence,33.1,318.1,1.564,-0.4,,,,C57H94O6,No,54,8,18,2,18,3,18,3,,,even,Yes,,0,No,6.75,Snail brains
13.51,910.7851,892.75122,"[M+NH4]+, [M+Na]+, [M+K]+",Pos,bruker.bsf.mcube.client.ui.model.impl.BucketTableLine@6989eb77,TRUE,TG 18:2_18:3_19:1,MS/MS match,"Lipid Species, Lipid Species, Lipid Species",,TG,TG,-0.72,-0.79,796.1,High confidence,97.3,326.4,1.606,0.3,No,,,C58H100O6,No,55,6,18,2,18,3,19,1,,,odd,Yes,,0,No,9.166666667,EVs (HeLA) + milk
13.64,910.78515,892.75132,[M+NH4]+,Pos,bruker.bsf.mcube.client.ui.model.impl.BucketTableLine@421510da,TRUE,TG 18:2_18:3_19:1,MS/MS match,"Lipid Species, Lipid Species",,TG,TG,-0.668,-0.734,737.1,High confidence,37,327.2,1.61,0.6,No,,,C58H100O6,No,55,6,18,2,18,3,19,1,,,odd,Yes,,0,No,9.166666667,EVs (HeLA) + milk
13.43,922.78406,904.75023,[M+NH4]+,Pos,bruker.bsf.mcube.client.ui.model.impl.BucketTableLine@57af18c0,TRUE,TG 18:2_18:3_20:2,MS/MS match,"Lipid Species, Lipid Species",,TG,TG,-1.759,-1.906,930.7,High confidence,21.2,326,1.604,-0.3,No,,,C59H100O6,No,56,7,18,2,18,3,20,2,,,even,Yes,,0,No,8,EVs (HeLA) + milk
14.35,954.84789,936.81374,"[M+NH4]+, [M+Na]+, [M+K]+",Pos,bruker.bsf.mcube.client.ui.model.impl.BucketTableLine@447c41c9,TRUE,TG 18:2_18:3_22:0,MS/MS match,"Lipid Species, Lipid Species",,TG,TG,-0.528,-0.553,942.2,High confidence,6.1,336.8,1.658,0.2,No,,,C61H108O6,No,58,5,18,2,18,3,22,0,,,even,Yes,,0,No,11.6,EVs (HeLA) + milk
13.48,948.7999,930.76608,[M+NH4]+,Pos,bruker.bsf.mcube.client.ui.model.impl.BucketTableLine@28111a2,TRUE,TG 18:2_18:3_22:3,MS/MS match,"Lipid Species, Lipid Species",,TG,TG,-1.564,-1.648,825.3,High confidence,116.1,329.3,1.621,-0.8,No,,,C61H102O6,No,58,8,18,2,18,3,22,3,,,even,Yes,,0,No,7.25,EVs (HeLA) + milk
14.67,982.87938,964.84501,"[M+NH4]+, [M+K]+, [M+Na]+",Pos,bruker.bsf.mcube.client.ui.model.impl.BucketTableLine@2446b8c,TRUE,TG 18:2_18:3_24:0,MS/MS match,"Lipid Species, Lipid Species",,TG,TG,-0.337,-0.343,913.5,High confidence,4.4,341.9,1.684,-0.1,No,,,C63H112O6,No,60,5,18,2,18,3,24,0,,,even,Yes,,0,No,12,EVs (HeLA) + milk
12.98,968.76939,950.73514,"[M+NH4]+, [M+K]+, [M+Na]+",Pos,bruker.bsf.mcube.client.ui.model.impl.BucketTableLine@10e9e4e1,TRUE,TG 18:2_20:4_22:6,MS/MS match,"Lipid Species, Spectral Library - 1-MoNA LipidBlast 2022, Spectral Library - 1-MoNA LipidBlast 2022, Spectral Library - 1-MoNA LipidBlast 2022, Spectral Library - 1-MoNA LipidBlast 2022, Spectral Library - 1-MoNA LipidBlast 2022, Spectral Library - 1-MoNA LipidBlast 2022, Spectral Library - 1-MoNA LipidBlast 2022, Spectral Library - 1-MoNA LipidBlast 2022, Spectral Library - 1-MoNA LipidBlast 2022, Spectral Library - 1-MoNA LipidBlast 2022, Spectral Library - 1-MoNA LipidBlast 2022, Spectral Library - 1-MoNA LipidBlast 2022, Spectral Library - 1-MoNA LipidBlast 2022, Spectral Library - 1-MoNA LipidBlast 2022, Lipid Species, Spectral Library - 1-MoNA LipidBlast 2022",,TG,TG,-0.781,-0.806,855.2,High confidence,35.3,336.1,1.655,1.1,,,,C63H98O6,No,60,12,18,2,20,4,22,6,,,even,Yes,,0,No,5,HepG2 cells + PFAS
13.51,1024.83111,1006.79729,[M+NH4]+,Pos,bruker.bsf.mcube.client.ui.model.impl.BucketTableLine@5fff5b5b,TRUE,TG 18:2_22:5_24:5,MS/MS match,"Lipid Species, Spectral Library - 1-MoNA LipidBlast 2022, Lipid Species, Spectral Library - 1-MoNA LipidBlast 2022, Spectral Library - 1-MoNA LipidBlast 2022, Spectral Library - 1-MoNA LipidBlast 2022, Lipid Species, Spectral Library - 1-MoNA LipidBlast 2022, Spectral Library - 1-MoNA LipidBlast 2022",,TG,TG,-1.655,-1.615,511.4,High confidence,45.5,345.3,1.701,0.1,,,,C67H106O6,No,64,12,18,2,22,5,24,5,,,even,Yes,,0,No,5.333333333,HepG2 cells + PFAS
12.6,890.72218,872.68835,[M+NH4]+,Pos,bruker.bsf.mcube.client.ui.model.impl.BucketTableLine@75ff67fa,TRUE,TG 18:3/18:3/18:3,MS/MS match,"Lipid Species, Lipid Species, Lipid Species, Lipid Species, Spectral Library - 1-MoNA LipidBlast 2022",,TG,TG,-1.041,-1.169,932.6,High confidence,40.3,315.9,1.553,-0.7,,,,C57H92O6,No,54,9,18,3,18,3,18,3,,,even,Yes,,0,No,6,Snail brains
15.18,998.91021,980.87638,[M+NH4]+,Pos,bruker.bsf.mcube.client.ui.model.impl.BucketTableLine@20676fe7,TRUE,TG 19:0_20:1_22:3,MS/MS match,"Lipid Species, Lipid Species, Lipid Species, Spectral Library - 1-MoNA LipidBlast 2022, Lipid Species",,TG,TG,-0.809,-0.81,660.4,High confidence,2.7,349.5,1.721,0.7,,,,C64H116O6,No,61,4,19,0,20,1,22,3,,,odd,Yes,,0,No,15.25,Snail brains
15.8,986.91003,968.8762,[M+NH4]+,Pos,bruker.bsf.mcube.client.ui.model.impl.BucketTableLine@137d10b7,TRUE,TG 20:1/20:1/20:1,MS/MS match,"Lipid Species, Lipid Species, Spectral Library - 1-MoNA LipidBlast 2022, Lipid Species, Lipid Species",,TG,TG,-0.99,-1.003,845.9,High confidence,241.1,347.5,1.711,0.6,,,,C63H116O6,No,60,3,20,1,20,1,20,1,,,even,Yes,,0,No,20,Snail brains
16.07,1014.94119,996.90736,[M+NH4]+,Pos,bruker.bsf.mcube.client.ui.model.impl.BucketTableLine@c41bb31,TRUE,TG 20:1_20:1_22:1,MS/MS match,"Lipid Species, Spectral Library - 1-MoNA LipidBlast 2022, Lipid Species, Lipid Species, Lipid Species, Lipid Species, Lipid Species, Lipid Species, Lipid Species",,TG,TG,-1.131,-1.115,888.2,High confidence,24.2,351.9,1.733,0.1,,,,C65H120O6,No,62,3,20,1,20,1,22,1,,,even,Yes,,0,No,20.66666667,Snail brains
15.78,1012.9256,994.89177,[M+NH4]+,Pos,bruker.bsf.mcube.client.ui.model.impl.BucketTableLine@25516288,TRUE,TG 20:1_20:1_22:2,MS/MS match,"Lipid Species, Lipid Species, Spectral Library - 1-MoNA LipidBlast 2022, Lipid Species, Lipid Species",,TG,TG,-1.072,-1.058,886.3,High confidence,109.5,351.3,1.731,0.4,,,,C65H118O6,No,62,4,20,1,20,1,22,2,,,even,Yes,,0,No,15.5,Snail brains
14.69,1008.8944,990.86057,[M+NH4]+,Pos,bruker.bsf.mcube.client.ui.model.impl.BucketTableLine@13df94fe,TRUE,TG 20:1_20:1_22:4,MS/MS match,"Lipid Species, Lipid Species, Lipid Species, Lipid Species, Spectral Library - 1-MoNA LipidBlast 2022, Lipid Species, Lipid Species, Lipid Species, Lipid Species, Lipid Species, Lipid Species, Lipid Species, Lipid Species",,TG,TG,-0.968,-0.959,675.6,High confidence,2.9,348.3,1.715,0.3,,,,C65H114O6,No,62,6,20,1,20,1,22,4,,,even,Yes,,0,No,10.33333333,Snail brains
15.62,1026.94087,1008.90705,[M+NH4]+,Pos,bruker.bsf.mcube.client.ui.model.impl.BucketTableLine@3547c49a,TRUE,TG 20:1_21:1_22:2,MS/MS match,"Lipid Species, Lipid Species, Lipid Species, Lipid Species, Spectral Library - 1-MoNA LipidBlast 2022",,TG,TG,-1.445,-1.407,748,High confidence,3.3,354.1,1.745,0.3,,,,C66H120O6,No,63,4,20,1,21,1,22,2,,,odd,Yes,,0,No,15.75,Snail brains
15.12,1036.92545,1018.89163,[M+NH4]+,Pos,bruker.bsf.mcube.client.ui.model.impl.BucketTableLine@37f60067,TRUE,TG 20:1_22:2_22:3,MS/MS match,"Lipid Species, Lipid Species, Lipid Species, Spectral Library - 1-MoNA LipidBlast 2022, Lipid Species",,TG,TG,-1.214,-1.171,821.3,High confidence,14.7,353.6,1.742,0.1,,,,C67H118O6,No,64,6,20,1,22,2,22,3,,,even,Yes,,0,No,10.66666667,Snail brains
14.4,1032.89413,1014.86031,[M+NH4]+,Pos,bruker.bsf.mcube.client.ui.model.impl.BucketTableLine@1fb60533,TRUE,TG 20:1_22:3_22:4,MS/MS match,"Lipid Species, Spectral Library - 1-MoNA LipidBlast 2022, Lipid Species, Lipid Species, Lipid Species",,TG,TG,-1.233,-1.194,783.1,High confidence,13,350.1,1.725,-0.1,,,,C67H114O6,No,64,8,20,1,22,3,22,4,,,even,Yes,,0,No,8,Snail brains
14.89,1048.92548,1030.89165,[M+NH4]+,Pos,bruker.bsf.mcube.client.ui.model.impl.BucketTableLine@8d89586,TRUE,TG 21:1_22:3_22:3,MS/MS match,"Lipid Species, Spectral Library - 1-MoNA LipidBlast 2022, Lipid Species, Lipid Species, Lipid Species",,TG,TG,-1.19,-1.135,668.9,High confidence,47.4,355.8,1.754,0.2,,,,C68H118O6,No,65,7,21,1,22,3,22,3,,,odd,Yes,,0,No,9.285714286,Snail brains
14.47,1058.90952,1040.8757,[M+NH4]+,Pos,bruker.bsf.mcube.client.ui.model.impl.BucketTableLine@6139b1b4,TRUE,TG 22:2_22:3_22:4,MS/MS match,"Lipid Species, Lipid Species, Spectral Library - 1-MoNA LipidBlast 2022, Spectral Library - 1-MoNA LipidBlast 2022, Lipid Species, Spectral Library - 1-MoNA LipidBlast 2022, Lipid Species, Spectral Library - 1-MoNA LipidBlast 2022, Spectral Library - 1-MoNA LipidBlast 2022, Spectral Library - 1-MoNA LipidBlast 2022, Spectral Library - 1-MoNA LipidBlast 2022",,TG,TG,-1.495,-1.412,627.6,High confidence,39.7,354.3,1.746,-0.3,,,,C69H116O6,No,66,9,22,2,22,3,22,4,,,even,Yes,,0,No,7.333333333,Snail brains
13.93,1054.87851,1036.84469,[M+NH4]+,Pos,bruker.bsf.mcube.client.ui.model.impl.BucketTableLine@752a635b,TRUE,TG 22:3_22:4_22:4,MS/MS match,"Lipid Species, Spectral Library - 1-MoNA LipidBlast 2022, Lipid Species, Lipid Species, Lipid Species",,TG,TG,-1.203,-1.141,838.1,High confidence,16.1,351.2,1.731,-0.4,,,,C69H112O6,No,66,11,22,3,22,4,22,4,,,even,Yes,,0,No,6,Snail brains
13.68,1052.86295,1034.82912,[M+NH4]+,Pos,bruker.bsf.mcube.client.ui.model.impl.BucketTableLine@16276ce6,TRUE,TG 22:4/22:4/22:4,MS/MS match,"Lipid Species, Spectral Library - 1-MoNA LipidBlast 2022, Lipid Species, Lipid Species, Lipid Species",,TG,TG,-1.119,-1.063,701.1,High confidence,58.7,348.9,1.72,-0.6,,,,C69H110O6,No,66,12,22,4,22,4,22,4,,,even,Yes,,0,No,5.5,Snail brains
14.11,666.61762,648.5838,[M+NH4]+,Pos,CE 18:2,TRUE,CE 18:2,MS/MS match,,,CE,CE,-0.733,-1.1,973.8,High confidence,40.8,291.1,1.424,0.9,,,,C45H76O2,No,18,2,,,,,,,,,even,Yes,,,,,Fungi/Milk
13.77,664.60197,646.56814,[M+NH4]+,Pos,CE 18:3,TRUE,CE 18:3,MS/MS match,,,CE,CE,-0.742,-1.116,696.5,High confidence,32.5,289.3,1.415,0.3,,,,C45H74O2,No,18,3,,,,,,,,,even,Yes,,,,,Fungi/Milk
11.45,606.5813,605.57402,[M+H]+,Pos,Cer 16:1;O2/23:1,TRUE,Cer 39:2;O2,MS/MS match,,,Cer,Cer,-0.675,-1.113,930.5,High confidence,41.4,271.2,1.324,1.8,,,,C39H75NO3,No,39,2,,,,,,,,,odd,Yes,,,,,Fungi/Milk
12.08,622.6127,621.60542,"[M+H]+, [M+H-H2O]+",Pos,Cer 18:1;O2/22:0,TRUE,Cer 40:1;O2,MS/MS match,,,Cer,Cer,-0.576,-0.925,876.2,High confidence,29.9,276.8,1.352,1.6,,,,C40H79NO3,No,40,1,,,,,,,,,even,No,,,,,Fungi/Milk
12.36,650.64402,649.63674,[M+H]+,Pos,Cer 18:1;O2/24:0,TRUE,Cer 42:1;O2,MS/MS match,,,Cer,Cer,-0.553,-0.85,844.2,High confidence,13.2,284,1.389,1.5,,,,C42H83NO3,No,42,1,,,,,,,,,even,No,,,,,Fungi/Milk
11.32,598.53993,580.50606,"[M+NH4]+, [M+Na]+, [M+H-H2O]+",Pos,DG 15:0_18:1,TRUE,DG 33:1,MS/MS match,,,DG,DG,-0.567,-0.947,840.4,High confidence,57,261.4,1.276,1.1,,,,C36H68O5,No,33,1,,,,,,,,,odd,No,,,,,Fungi/Milk
12.02,614.57111,596.53728,[M+NH4]+,Pos,DG 16:0_18:0,TRUE,DG 34:0,MS/MS match,,,DG,DG,-0.693,-1.128,978.7,High confidence,5.9,270.1,1.319,1,,,,C37H72O5,No,34,0,,,,,,,,,even,No,,,,,Fungi/Milk
11.68,612.55587,594.52205,[M+NH4]+,Pos,DG 16:0_18:1,TRUE,DG 34:1,MS/MS match,,,DG,DG,-0.278,-0.454,972.9,High confidence,19.6,267.7,1.307,1.5,,,,C37H70O5,No,34,1,,,,,,,,,even,No,,,,,Fungi/Milk
10.94,610.53998,592.50618,"[M+NH4]+, [M+Na]+, [M+K]+, [2M+Na]+, [M+H]+, [M+H-H2O]+",Pos,DG 16:0_18:2,TRUE,DG 34:2,MS/MS match,,,DG,DG,-0.518,-0.848,963.9,High confidence,3.6,262,1.279,0.7,,,,C37H68O5,No,34,2,,,,,,,,,even,Yes,,,,,Fungi/Milk
11.15,610.53987,592.50609,"[M+NH4]+, [M+H-H2O]+",Pos,DG 16:0_18:2,TRUE,DG 34:2,MS/MS match,,,DG,DG,-0.634,-1.039,979.9,High confidence,14,262.1,1.28,0.8,,,,C37H68O5,No,34,2,,,,,,,,,even,Yes,,,,,Fungi/Milk
11.31,610.53909,592.50527,[M+NH4]+,Pos,DG 16:0_18:2,TRUE,DG 34:2,MS/MS match,,,DG,DG,-1.409,-2.308,961.6,High confidence,23.1,260.7,1.273,0.2,,,,C37H68O5,No,34,2,,,,,,,,,even,Yes,,,,,Fungi/Milk
10.47,634.53972,616.5059,[M+NH4]+,Pos,DG 16:0_20:4,TRUE,DG 36:4,MS/MS match,,,DG,DG,-0.778,-1.225,739.5,High confidence,11.5,267.9,1.309,1.7,,,,C39H68O5,No,36,4,,,,,,,,,even,Yes,,,,,Fungi/Milk
3.46,686.57371,668.53993,"[M+NH4]+, [M+H]+, [M+Na]+",Pos,DG 16:0_24:6,TRUE,DG 40:6,MS/MS match,,,DG,DG,1.904,2.774,898.4,High confidence,42.6,281.1,1.376,1.5,,,,C43H72O5,No,40,6,,,,,,,,,even,Yes,,,,,Fungi/Milk
3.61,686.5737,668.53946,"[M+NH4]+, [M+Na]+, [M+H-H2O]+, [M+K]+",Pos,DG 16:0_24:6,TRUE,DG 40:6,MS/MS match,,,DG,DG,1.898,2.764,857.2,High confidence,43.7,281.3,1.377,1.5,,,,C43H72O5,No,40,6,,,,,,,,,even,Yes,,,,,Fungi/Milk
9.16,608.52408,590.49026,[M+NH4]+,Pos,DG 16:1_18:2,TRUE,DG 34:3,MS/MS match,,,DG,DG,-0.766,-1.259,968.6,High confidence,24,257.2,1.256,0.3,,,,C37H66O5,No,34,3,,,,,,,,,even,Yes,,,,,Fungi/Milk
11.52,624.55527,606.52148,"[M+NH4]+, [M+H-H2O]+, [M+Na]+",Pos,DG 17:0_18:2,TRUE,DG 35:2,MS/MS match,,,DG,DG,-0.876,-1.403,935.5,High confidence,63.1,265.5,1.297,0.1,,,,C38H70O5,No,35,2,,,,,,,,,odd,Yes,,,,,Fungi/Milk
10.13,622.53977,604.50594,[M+NH4]+,Pos,DG 17:1_18:2,TRUE,DG 35:3,MS/MS match,,,DG,DG,-0.734,-1.179,827,High confidence,60.3,263.5,1.287,0.7,,,,C38H68O5,No,35,3,,,,,,,,,odd,Yes,,,,,Fungi/Milk
12.33,642.60263,624.56872,"[M+NH4]+, [M+Na]+, [M+H-H2O]+, [M+H]+",Pos,DG 18:0/18:0,TRUE,DG 36:0,MS/MS match,,,DG,DG,-0.469,-0.729,933.7,High confidence,1.7,275,1.344,-1.1,,,,C39H76O5,No,36,0,,,,,,,,,even,No,,,,,Fungi/Milk
12.05,640.58676,622.5529,"[M+NH4]+, [M+Na]+, [M+H-H2O]+, [2M+Na]+, [M+H]+",Pos,DG 18:0_18:1,TRUE,DG 36:1,MS/MS match,,,DG,DG,-0.686,-1.071,951.1,High confidence,59.6,272.9,1.334,-0.5,,,,C39H74O5,No,36,1,,,,,,,,,even,No,,,,,Fungi/Milk
11.71,638.57116,620.53741,"[M+NH4]+, [M+Na]+, [M+H-H2O]+, [M+H]+",Pos,DG 18:1/18:1,TRUE,DG 36:2,MS/MS match,,,DG,DG,-0.638,-1,973.4,High confidence,1.7,269.6,1.318,-0.4,,,,C39H72O5,No,36,2,,,,,,,,,even,Yes,,,,,Fungi/Milk
11.13,636.55539,618.5214,"[M+NH4]+, [M+Na]+, [2M+Na]+, [M+H]+, [M+K]+",Pos,DG 18:1_18:2,TRUE,DG 36:3,MS/MS match,,,DG,DG,-0.759,-1.193,948.1,High confidence,5,265,1.295,-0.7,,,,C39H70O5,No,36,3,,,,,,,,,even,Yes,,,,,Fungi/Milk
12.05,666.60215,648.56833,[M+NH4]+,Pos,DG 18:1_20:1,TRUE,DG 38:2,MS/MS match,,,DG,DG,-0.949,-1.424,931.2,High confidence,70.1,275.5,1.348,-2,,,,C41H76O5,No,38,2,,,,,,,,,even,Yes,,,,,Fungi/Milk
12.66,696.64936,678.61554,"[M+NH4]+, [M+Na]+, [M+H-H2O]+",Pos,DG 18:1_22:0,TRUE,DG 40:1,MS/MS match,,,DG,DG,-0.686,-0.985,984.2,High confidence,71.5,285.3,1.397,-3.4,,,,C43H82O5,No,40,1,,,,,,,,,even,No,,,,,Fungi/Milk
12.97,724.68054,706.64681,"[M+NH4]+, [M+H-H2O]+, [M+Na]+",Pos,DG 18:1_24:0,TRUE,DG 42:1,MS/MS match,,,DG,DG,-0.809,-1.117,983.2,High confidence,78.5,291.7,1.429,-4.7,,,,C45H86O5,No,42,1,,,,,,,,,even,No,,,,,Fungi/Milk
9.57,634.53994,616.5059,"[M+NH4]+, [2M+Na]+",Pos,DG 18:2/18:2,TRUE,DG 36:4,MS/MS match,,,DG,DG,-0.556,-0.877,876.2,High confidence,8,261,1.275,-0.9,,,,C39H68O5,No,36,4,,,,,,,,,even,Yes,,,,,Fungi/Milk
8.4,632.52446,614.4906,"[M+NH4]+, [M+H]+",Pos,DG 18:2_18:3,TRUE,DG 36:5,MS/MS match,,,DG,DG,-0.396,-0.625,875,High confidence,6.4,258.2,1.262,-0.6,,,,C39H66O5,No,36,5,,,,,,,,,even,Yes,,,,,Fungi/Milk
9.2,658.53971,640.50589,"[M+NH4]+, [M+K]+, [M+Na]+",Pos,DG 18:2_20:4,TRUE,DG 38:6,MS/MS match,,,DG,DG,-0.792,-1.203,831.9,High confidence,8.2,265.7,1.3,-0.3,,,,C41H68O5,No,38,6,,,,,,,,,even,Yes,,,,,Fungi/Milk
12.43,694.63302,676.5992,[M+NH4]+,Pos,DG 18:2_22:0,TRUE,DG 40:2,MS/MS match,,,DG,DG,-1.379,-1.985,865.6,High confidence,98.1,280.2,1.372,-4,,,,C43H80O5,No,40,2,,,,,,,,,even,Yes,,,,,Fungi/Milk
7.42,630.50851,612.47468,[M+NH4]+,Pos,DG 18:3/18:3,TRUE,DG 36:6,MS/MS match,,,DG,DG,-0.694,-1.101,898.1,High confidence,18.8,257.3,1.257,0.5,,,,C39H64O5,No,36,6,,,,,,,,,even,Yes,,,,,Fungi/Milk
9.7,684.5553,666.52147,[M+NH4]+,Pos,DG 20:3_20:4,TRUE,DG 40:7,MS/MS match,,,DG,DG,-0.852,-1.245,842.9,High confidence,14.8,271.2,1.328,-0.8,,,,C43H70O5,No,40,7,,,,,,,,,even,Yes,,,,,Fungi/Milk
8.84,682.53966,664.50584,[M+NH4]+,Pos,DG 20:4/20:4,TRUE,DG 40:8,MS/MS match,,,DG,DG,-0.837,-1.227,730.1,High confidence,11.2,270.3,1.323,0.2,,,,C43H68O5,No,40,8,,,,,,,,,even,Yes,,,,,Fungi/Milk
4.32,656.5297,638.49587,[M+NH4]+,Pos,DG 38:7,TRUE,DG 38:7,MS/MS match,,,DG,DG,4.849,7.387,867.9,High confidence,58.6,264.5,1.294,0.7,,,,C41H66O5,No,38,7,,,,,,,,,even,Yes,,,,,Fungi/Milk
5.04,684.56094,666.52711,[M+NH4]+,Pos,DG 40:7,TRUE,DG 40:7,MS/MS match,,,DG,DG,4.789,6.996,685.4,High confidence,66.2,271.8,1.33,-0.6,,,,C43H70O5,No,40,7,,,,,,,,,even,Yes,,,,,Fungi/Milk
11.08,756.63358,755.6263,[M+H]+,Pos,HexCer 16:1;O2/22:0,TRUE,HexCer 38:1;O2,MS/MS match,,,HexCer,HexCer,-1.216,-1.608,831.3,High confidence,44.1,294.4,1.444,1.7,,,,C44H85NO8,No,38,1,,,,,,,,,even,No,,,,,Fungi/Milk
11.56,770.64949,769.64221,[M+H]+,Pos,HexCer 16:1;O2/23:0,TRUE,HexCer 39:1;O2,MS/MS match,,,HexCer,HexCer,-0.956,-1.24,834.3,High confidence,30.5,297.5,1.459,1.6,,,,C45H87NO8,No,39,1,,,,,,,,,odd,No,,,,,Fungi/Milk
11.79,784.66497,783.65769,[M+H]+,Pos,HexCer 18:1;O2/22:0,TRUE,HexCer 40:1;O2,MS/MS match,,,HexCer,HexCer,-1.129,-1.439,851.7,High confidence,25,301,1.477,1.6,,,,C46H89NO8,No,40,1,,,,,,,,,even,No,,,,,Fungi/Milk
11.95,798.68065,797.67354,"[M+H]+, [M+Na]+",Pos,HexCer 18:1;O2/23:0,TRUE,HexCer 41:1;O2,MS/MS match,,,HexCer,HexCer,-1.098,-1.375,894.1,High confidence,32.2,303.7,1.491,1.4,,,,C47H91NO8,No,41,1,,,,,,,,,odd,No,,,,,Fungi/Milk
11.62,796.66453,795.65726,[M+H]+,Pos,HexCer 18:1;O2/23:1,TRUE,HexCer 41:2;O2,MS/MS match,,,HexCer,HexCer,-1.564,-1.963,655,High confidence,71.9,301,1.477,1.2,,,,C47H89NO8,No,41,2,,,,,,,,,odd,Yes,,,,,Fungi/Milk
12.08,812.69652,811.68924,[M+H]+,Pos,HexCer 18:1;O2/24:0,TRUE,HexCer 42:1;O2,MS/MS match,,,HexCer,HexCer,-0.878,-1.08,919.9,High confidence,45,306.5,1.505,1.3,,,,C48H93NO8,No,42,1,,,,,,,,,even,No,,,,,Fungi/Milk
12.02,828.69115,827.6838,"[M+H]+, [M+H-H2O]+",Pos,HexCer 18:1;O2/24:0;O,TRUE,HexCer 42:1;O2,MS/MS match,,,HexCer,HexCer,-1.156,-1.394,898.7,High confidence,93,308.5,1.515,1.6,,,,C48H93NO9,No,42,1,,,,,,,,,even,No,,,,,Fungi/Milk
2.52,496.33956,495.33228,[M+H]+,Pos,LPC 16:0,TRUE,LPC 16:0,MS/MS match,,,LPC,LPC,-0.209,-0.42,913.5,High confidence,7.9,235.2,1.143,1.4,,,,C24H50NO7P,No,16,0,,,,,,,,,even,No,,,,,Fungi/Milk
3.36,524.37046,523.36319,[M+H]+,Pos,LPC 18:0,TRUE,LPC 18:0,MS/MS match,,,LPC,LPC,-0.603,-1.151,864.4,High confidence,12.3,243,1.182,1.4,,,,C26H54NO7P,No,18,0,,,,,,,,,even,No,,,,,Fungi/Milk
3.55,524.37091,523.36344,"[M+H]+, [M+Na]+",Pos,LPC 18:0,TRUE,LPC 18:0,MS/MS match,1-MoNA LipidBlast 2022,,LPC,LPC,-0.158,-0.301,769,High confidence,7.1,240.3,1.169,0.7,,,,C26H54NO7P,No,18,0,,,,,,,,,even,No,,,,,Fungi/Milk
2.69,522.3551,521.34776,"[M+H]+, [M+Na]+",Pos,LPC 18:1,TRUE,LPC 18:1,MS/MS match,,,LPC,LPC,-0.312,-0.597,665.5,High confidence,6.6,238.4,1.16,1.2,,,,C26H52NO7P,No,18,1,,,,,,,,,even,No,,,,,Fungi/Milk
2.86,522.35527,521.34799,[M+H]+,Pos,LPC 18:1,TRUE,LPC 18:1,MS/MS match,1-MoNA LipidBlast 2022,,LPC,LPC,-0.149,-0.286,730.9,High confidence,3.9,235.8,1.147,0.4,,,,C26H52NO7P,No,18,1,,,,,,,,,even,No,,,,,Fungi/Milk
2.18,520.33948,519.33202,"[M+H]+, [M+Na]+",Pos,LPC 18:2,TRUE,LPC 18:2,MS/MS match,,,LPC,LPC,-0.285,-0.548,924.7,High confidence,5.8,233.2,1.134,0.6,,,,C26H50NO7P,No,18,2,,,,,,,,,even,Yes,,,,,Fungi/Milk
1.93,518.32391,517.3165,"[M+H]+, [M+Na]+",Pos,LPC 18:3,TRUE,LPC 18:3,MS/MS match,1-MoNA LipidBlast 2022,,LPC,LPC,-0.208,-0.401,787.7,High confidence,5.6,226.7,1.102,0.3,,,,C26H48NO7P,No,18,3,,,,,,,,,even,Yes,,,,,Fungi/Milk
1.89,542.32398,541.31671,[M+H]+,Pos,LPC 20:5,TRUE,LPC 20:5,MS/MS match,1-MoNA LipidBlast 2022,,LPC,LPC,-0.134,-0.247,723.4,High confidence,10.9,231.1,1.125,0.6,,,,C28H48NO7P,No,20,5,,,,,,,,,even,Yes,,,,,Fungi/Milk
2.39,570.35482,569.34764,"[M+H]+, [M+Na]+",Pos,LPC 22:5,TRUE,LPC 22:5,MS/MS match,1-MoNA LipidBlast 2022,,LPC,LPC,-0.598,-1.049,706.4,High confidence,15.1,237.7,1.159,0,,,,C30H52NO7P,No,22,5,,,,,,,,,even,Yes,,,,,Fungi/Milk
2.78,454.29271,453.28543,[M+H]+,Pos,LPE 16:0,TRUE,LPE 16:0,MS/MS match,,,LPE,LPE,-0.108,-0.239,853.4,High confidence,1.9,217.3,1.053,1.1,,,,C21H44NO7P,No,16,0,,,,,,,,,even,No,,,,,Fungi/Milk
3.63,482.32397,481.31635,"[M+H]+, [2M+H]+, [M+H-H2O]+",Pos,LPE 18:0,TRUE,LPE 18:0,MS/MS match,,,LPE,LPE,-0.147,-0.306,836.5,High confidence,2.9,224.6,1.09,1.5,,,,C23H48NO7P,No,18,0,,,,,,,,,even,No,,,,,Fungi/Milk
2.94,480.30815,479.30078,"[M+H]+, [M+Na]+, [2M+H]+",Pos,LPE 18:1,TRUE,LPE 18:1,MS/MS match,,,LPE,LPE,-0.319,-0.664,842.5,High confidence,4,218.7,1.062,0,,,,C23H46NO7P,No,18,1,,,,,,,,,even,No,,,,,Fungi/Milk
2.39,478.29268,477.28519,"[M+H]+, [M+Na]+",Pos,LPE 18:2,TRUE,LPE 18:2,MS/MS match,,,LPE,LPE,-0.135,-0.283,812,High confidence,4.5,213.5,1.036,-1.3,,,,C23H44NO7P,No,18,2,,,,,,,,,even,Yes,,,,,Fungi/Milk
6.16,678.50624,677.49889,"[M+H]+, [M+Na]+",Pos,PC 14:0/14:0,TRUE,PC 28:0,MS/MS match,,,PC,PC,-0.588,-0.867,949.4,High confidence,8.6,277.4,1.357,1.3,,,,C36H72NO8P,No,28,0,,,,,,,,,even,No,,,,,Fungi/Milk
7.28,706.53764,705.53039,"[M+H]+, [M+Na]+, [M+K]+",Pos,PC 14:0_16:0,TRUE,PC 30:0,MS/MS match,,,PC,PC,-0.496,-0.702,954.9,High confidence,10.7,283,1.386,1.1,,,,C38H76NO8P,No,30,0,,,,,,,,,even,No,,,,,Fungi/Milk
8.46,734.56872,733.56147,"[M+H]+, [M+Na]+",Pos,PC 16:0/16:0,TRUE,PC 32:0,MS/MS match,,,PC,PC,-0.715,-0.974,954.4,High confidence,5,289.7,1.42,1.3,,,,C40H80NO8P,No,32,0,,,,,,,,,even,No,,,,,Fungi/Milk
8.7,734.56914,733.56093,"[M+H]+, [M+K]+, [M+Na]+",Pos,PC 16:0/16:0,TRUE,PC 32:0,MS/MS match,,,PC,PC,-0.293,-0.398,930,High confidence,23.2,290,1.421,1.4,,,,C40H80NO8P,No,32,0,,,,,,,,,even,No,,,,,Fungi/Milk
9.26,748.58456,747.57729,[M+H]+,Pos,PC 16:0_17:0,TRUE,PC 33:0,MS/MS match,,,PC,PC,-0.52,-0.695,955.1,High confidence,5.9,291.7,1.43,1,,,,C41H82NO8P,No,33,0,,,,,,,,,odd,No,,,,,Fungi/Milk
10.57,762.60041,761.59273,"[M+H]+, [M+Na]+, [M+K]+",Pos,PC 16:0_18:0,TRUE,PC 34:0,MS/MS match,,,PC,PC,-0.323,-0.424,940.1,High confidence,16.8,296.1,1.452,1.4,,,,C42H84NO8P,No,34,0,,,,,,,,,even,No,,,,,Fungi/Milk
8.91,760.58426,759.57699,[M+H]+,Pos,PC 16:0_18:1,TRUE,PC 34:1,MS/MS match,,,PC,PC,-0.82,-1.079,957.8,High confidence,3.6,292.2,1.433,0.8,,,,C42H82NO8P,No,34,1,,,,,,,,,even,No,,,,,Fungi/Milk
7.77,758.56883,757.56125,"[M+H]+, [M+Na]+, [M+K]+",Pos,PC 16:0_18:2,TRUE,PC 34:2,MS/MS match,,,PC,PC,-0.599,-0.79,937.9,High confidence,18.2,288.7,1.416,0.3,,,,C42H80NO8P,No,34,2,,,,,,,,,even,Yes,,,,,Fungi/Milk
9.35,786.6,785.59219,"[M+H]+, [M+K]+, [M+Na]+",Pos,PC 18:0_18:2,TRUE,PC 36:2,MS/MS match,,,PC,PC,-0.736,-0.936,951,High confidence,7.4,294.8,1.447,0.3,,,,C44H84NO8P,No,36,2,,,,,,,,,even,Yes,,,,,Fungi/Milk
9.1,786.60007,785.59279,[M+H]+,Pos,PC 18:1/18:1,TRUE,PC 36:2,MS/MS match,,,PC,PC,-0.667,-0.848,953.5,High confidence,11.5,296.2,1.454,0.8,,,,C44H84NO8P,No,36,2,,,,,,,,,even,Yes,,,,,Fungi/Milk
6.95,782.5688,781.5612,"[M+H]+, [M+K]+, [M+Na]+",Pos,PC 18:2/18:2,TRUE,PC 36:4,MS/MS match,,,PC,PC,-0.633,-0.809,941,High confidence,16.5,288.5,1.416,-0.5,,,,C44H80NO8P,No,36,4,,,,,,,,,even,Yes,,,,,Fungi/Milk
6.25,780.55342,779.54572,"[M+H]+, [M+K]+, [M+Na]+",Pos,PC 18:2_18:3,TRUE,PC 36:5,MS/MS match,,,PC,PC,-0.361,-0.462,948.5,High confidence,26.1,286.4,1.405,-0.5,,,,C44H78NO8P,No,36,5,,,,,,,,,even,Yes,,,,,Fungi/Milk
5.67,778.53758,777.53009,"[M+H]+, [M+Na]+",Pos,PC 18:3/18:3,TRUE,PC 36:6,MS/MS match,,,PC,PC,-0.554,-0.711,940.5,High confidence,2.6,283.5,1.391,-0.8,,,,C44H76NO8P,No,36,6,,,,,,,,,even,Yes,,,,,Fungi/Milk
5.34,650.47501,649.46774,[M+H]+,Pos,PC 26:0,TRUE,PC 26:0,MS/MS match,,,PC,PC,-0.518,-0.797,952.1,High confidence,1.3,270.7,1.324,1.1,,,,C34H68NO8P,No,26,0,,,,,,,,,even,No,,,,,Fungi/Milk
5.46,676.4904,675.48312,[M+H]+,Pos,PC 28:1,TRUE,PC 28:1,MS/MS match,,,PC,PC,-0.781,-1.154,983.6,High confidence,4.2,273.3,1.337,0.6,,,,C36H70NO8P,No,28,1,,,,,,,,,even,No,,,,,Fungi/Milk
6.29,704.52182,703.51454,[M+H]+,Pos,PC 30:1,TRUE,PC 30:1,MS/MS match,,,PC,PC,-0.661,-0.939,973.3,High confidence,4.4,279.1,1.367,0.5,,,,C38H74NO8P,No,30,1,,,,,,,,,even,No,,,,,Fungi/Milk
7.7,720.55318,719.54591,[M+H]+,Pos,PC 31:0,TRUE,PC 31:0,MS/MS match,,,PC,PC,-0.599,-0.832,948.8,High confidence,0.9,284.9,1.396,0.7,,,,C39H78NO8P,No,31,0,,,,,,,,,odd,No,,,,,Fungi/Milk
7.94,720.55313,719.54586,[M+H]+,Pos,PC 31:0,TRUE,PC 31:0,MS/MS match,,,PC,PC,-0.648,-0.899,835.9,High confidence,3,285.8,1.4,1,,,,C39H78NO8P,No,31,0,,,,,,,,,odd,No,,,,,Fungi/Milk
7.51,718.53768,717.53041,[M+H]+,Pos,PC 31:1,TRUE,PC 31:1,MS/MS match,,,PC,PC,-0.448,-0.623,881.1,High confidence,18.6,283.1,1.387,0.8,,,,C39H76NO8P,No,31,1,,,,,,,,,odd,No,,,,,Fungi/Milk
7.43,732.55312,731.54584,[M+H]+,Pos,PC 32:1,TRUE,PC 32:1,MS/MS match,,,PC,PC,-0.663,-0.905,973.2,High confidence,2.1,285.2,1.398,0.5,,,,C40H78NO8P,No,32,1,,,,,,,,,even,No,,,,,Fungi/Milk
6.54,730.53763,729.53003,"[M+H]+, [M+Na]+",Pos,PC 32:2,TRUE,PC 32:2,MS/MS match,,,PC,PC,-0.505,-0.691,948.9,High confidence,1.7,281.8,1.381,0,,,,C40H76NO8P,No,32,2,,,,,,,,,even,Yes,,,,,Fungi/Milk
6.84,730.53716,729.52989,[M+H]+,Pos,PC 32:2,TRUE,PC 32:2,MS/MS match,,,PC,PC,-0.968,-1.325,966.7,High confidence,29.7,283.6,1.39,0.6,,,,C40H76NO8P,No,32,2,,,,,,,,,even,Yes,,,,,Fungi/Milk
9.58,748.58407,747.57679,[M+H]+,Pos,PC 33:0,TRUE,PC 33:0,MS/MS match,,,PC,PC,-1.015,-1.356,936.2,High confidence,9.8,291.8,1.431,1,,,,C41H82NO8P,No,33,0,,,,,,,,,odd,No,,,,,Fungi/Milk
8.14,746.56882,745.56155,[M+H]+,Pos,PC 33:1,TRUE,PC 33:1,MS/MS match,,,PC,PC,-0.607,-0.814,963,High confidence,10.5,288.7,1.416,0.6,,,,C41H80NO8P,No,33,1,,,,,,,,,odd,No,,,,,Fungi/Milk
7.1,744.55306,743.54585,"[M+H]+, [M+Na]+",Pos,PC 33:2,TRUE,PC 33:2,MS/MS match,,,PC,PC,-0.72,-0.967,982.3,High confidence,5.9,284.7,1.396,-0.1,,,,C41H78NO8P,No,33,2,,,,,,,,,odd,Yes,,,,,Fungi/Milk
6.67,756.55292,755.54564,[M+H]+,Pos,PC 34:3,TRUE,PC 34:3,MS/MS match,,,PC,PC,-0.863,-1.141,671.1,High confidence,5.2,287.2,1.409,0.5,,,,C42H78NO8P,No,34,3,,,,,,,,,even,Yes,,,,,Fungi/Milk
6.39,754.53781,753.53053,[M+H]+,Pos,PC 34:4,TRUE,PC 34:4,MS/MS match,,,PC,PC,-0.323,-0.428,772.2,High confidence,∞,286.5,1.405,0.9,,,,C42H76NO8P,No,34,4,,,,,,,,,even,Yes,,,,,Fungi/Milk
11.17,776.61513,775.60786,[M+H]+,Pos,PC 35:0,TRUE,PC 35:0,MS/MS match,,,PC,PC,-1.25,-1.61,861.4,High confidence,21.2,297.8,1.461,1,,,,C43H86NO8P,No,35,0,,,,,,,,,odd,No,,,,,Fungi/Milk
11.36,776.61547,775.60819,[M+H]+,Pos,PC 35:0,TRUE,PC 35:0,MS/MS match,,,PC,PC,-0.913,-1.176,772,High confidence,29.5,297.3,1.459,0.8,,,,C43H86NO8P,No,35,0,,,,,,,,,odd,No,,,,,Fungi/Milk
9.8,774.59999,773.59251,"[M+H]+, [M+Na]+",Pos,PC 35:1,TRUE,PC 35:1,MS/MS match,,,PC,PC,-0.742,-0.959,951.4,High confidence,3.3,295.8,1.451,1,,,,C43H84NO8P,No,35,1,,,,,,,,,odd,No,,,,,Fungi/Milk
7.52,770.56864,769.56136,[M+H]+,Pos,PC 35:3,TRUE,PC 35:3,MS/MS match,,,PC,PC,-0.793,-1.029,819.5,High confidence,22.8,291.9,1.432,1,,,,C43H80NO8P,No,35,3,,,,,,,,,odd,Yes,,,,,Fungi/Milk
6.44,768.55293,767.54566,[M+H]+,Pos,PC 35:4,TRUE,PC 35:4,MS/MS match,,,PC,PC,-0.85,-1.106,811.3,High confidence,19,288.6,1.415,0.6,,,,C43H78NO8P,No,35,4,,,,,,,,,odd,Yes,,,,,Fungi/Milk
10.82,788.6152,787.60792,[M+H]+,Pos,PC 36:1,TRUE,PC 36:1,MS/MS match,,,PC,PC,-1.186,-1.505,770.9,High confidence,11.8,297.2,1.458,0.4,,,,C44H86NO8P,No,36,1,,,,,,,,,even,No,,,,,Fungi/Milk
7.91,784.58443,783.57712,"[M+H]+, [M+Na]+, [M+K]+",Pos,PC 36:3,TRUE,PC 36:3,MS/MS match,,,PC,PC,-0.65,-0.828,936.8,High confidence,17.1,292.8,1.437,0.3,,,,C44H82NO8P,No,36,3,,,,,,,,,even,Yes,,,,,Fungi/Milk
8.21,784.58426,783.57698,[M+H]+,Pos,PC 36:3,TRUE,PC 36:3,MS/MS match,,,PC,PC,-0.827,-1.054,968.6,High confidence,4.4,295.1,1.448,1.1,,,,C44H82NO8P,No,36,3,,,,,,,,,even,Yes,,,,,Fungi/Milk
7.57,782.56859,781.56131,[M+H]+,Pos,PC 36:4,TRUE,PC 36:4,MS/MS match,,,PC,PC,-0.844,-1.078,918.2,High confidence,2.3,291.3,1.429,0.5,,,,C44H80NO8P,No,36,4,,,,,,,,,even,Yes,,,,,Fungi/Milk
11.45,802.6309,801.62362,[M+H]+,Pos,PC 37:1,TRUE,PC 37:1,MS/MS match,,,PC,PC,-1.135,-1.414,696.9,High confidence,18.6,300.1,1.473,0.4,,,,C45H88NO8P,No,37,1,,,,,,,,,odd,No,,,,,Fungi/Milk
9.99,800.61545,799.60817,[M+H]+,Pos,PC 37:2,TRUE,PC 37:2,MS/MS match,,,PC,PC,-0.937,-1.17,704,High confidence,12.2,298.9,1.467,0.6,,,,C45H86NO8P,No,37,2,,,,,,,,,odd,Yes,,,,,Fungi/Milk
10.3,800.61538,799.60811,[M+H]+,Pos,PC 37:2,TRUE,PC 37:2,MS/MS match,,,PC,PC,-0.997,-1.246,852.6,High confidence,21.5,298.9,1.467,0.7,,,,C45H86NO8P,No,37,2,,,,,,,,,odd,Yes,,,,,Fungi/Milk
8.65,798.59959,797.59231,[M+H]+,Pos,PC 37:3,TRUE,PC 37:3,MS/MS match,,,PC,PC,-1.145,-1.433,716.2,High confidence,25.6,298.6,1.466,1.2,,,,C45H84NO8P,No,37,3,,,,,,,,,odd,Yes,,,,,Fungi/Milk
9.64,814.63081,813.62353,[M+H]+,Pos,PC 38:2,TRUE,PC 38:2,MS/MS match,,,PC,PC,-1.227,-1.506,955.7,High confidence,23.4,300.6,1.476,0.2,,,,C46H88NO8P,No,38,2,,,,,,,,,even,Yes,,,,,Fungi/Milk
9.46,812.61527,811.60799,[M+H]+,Pos,PC 38:3,TRUE,PC 38:3,MS/MS match,,,PC,PC,-1.114,-1.371,977,High confidence,10,301.9,1.482,1.3,,,,C46H86NO8P,No,38,3,,,,,,,,,even,Yes,,,,,Fungi/Milk
9.85,812.61536,811.60825,"[M+H]+, [M+Na]+",Pos,PC 38:3,TRUE,PC 38:3,MS/MS match,,,PC,PC,-1.019,-1.254,939.9,High confidence,2.8,299.8,1.472,0.6,,,,C46H86NO8P,No,38,3,,,,,,,,,even,Yes,,,,,Fungi/Milk
9.24,836.61514,835.60786,[M+H]+,Pos,PC 40:5,TRUE,PC 40:5,MS/MS match,,,PC,PC,-1.243,-1.486,923.6,High confidence,16.1,303.6,1.491,1.2,,,,C48H86NO8P,No,40,5,,,,,,,,,even,Yes,,,,,Fungi/Milk
6.87,832.58398,831.5767,[M+H]+,Pos,PC 40:7,TRUE,PC 40:7,MS/MS match,,,PC,PC,-1.103,-1.324,664.7,High confidence,18.8,297.1,1.459,0.4,,,,C48H82NO8P,No,40,7,,,,,,,,,even,Yes,,,,,Fungi/Milk
7.48,728.55795,727.55067,[M+H]+,Pos,PC O-33:3,TRUE,PC O-33:3,MS/MS match,,,PC O-,PC,-0.921,-1.264,680.4,High confidence,24.1,283,1.387,-0.6,,,,C41H78NO7P,Yes,33,3,,,,,,,,,odd,Yes,,,,,Fungi/Milk
10.04,746.60495,745.59768,[M+H]+,Pos,PC O-34:1,TRUE,PC O-34:1,MS/MS match,,,PC O-,PC,-0.863,-1.156,754.6,High confidence,74.6,294,1.441,1,,,,C42H84NO7P,Yes,34,1,,,,,,,,,even,No,,,,,Fungi/Milk
8.06,716.52181,715.51453,[M+H]+,Pos,PE 16:0_18:2,TRUE,PE 34:2,MS/MS match,,,PE,PE,-0.672,-0.937,967.9,High confidence,8.1,275.9,1.352,1.8,,,,C39H74NO8P,No,34,2,,,,,,,,,even,Yes,,,,,Fungi/Milk
7.17,714.50662,713.49922,"[M+H]+, [M+Na]+",Pos,PE 16:0_18:3,TRUE,PE 34:3,MS/MS match,,,PE,PE,-0.212,-0.297,959.7,High confidence,10.3,272.3,1.334,1.1,,,,C39H72NO8P,No,34,3,,,,,,,,,even,Yes,,,,,Fungi/Milk
8.23,742.53744,741.52991,"[M+H]+, [M+Na]+",Pos,PE 18:1_18:2,TRUE,PE 36:3,MS/MS match,,,PE,PE,-0.696,-0.938,930.5,High confidence,6.1,278.9,1.367,1.2,,,,C41H76NO8P,No,36,3,,,,,,,,,even,Yes,,,,,Fungi/Milk
7.2,740.52188,739.51456,"[M+H]+, [M+Na]+",Pos,PE 18:2/18:2,TRUE,PE 36:4,MS/MS match,,,PE,PE,-0.6,-0.81,929.1,High confidence,3.8,275.6,1.351,0.7,,,,C41H74NO8P,No,36,4,,,,,,,,,even,Yes,,,,,Fungi/Milk
6.44,738.50637,737.499,"[M+H]+, [M+Na]+, [M+2Na-H]+",Pos,PE 18:2_18:3,TRUE,PE 36:5,MS/MS match,,,PE,PE,-0.458,-0.62,970.5,High confidence,4.5,273.5,1.341,0.7,,,,C41H72NO8P,No,36,5,,,,,,,,,even,Yes,,,,,Fungi/Milk
7.89,716.52171,715.51444,[M+H]+,Pos,PE 34:2,TRUE,PE 34:2,MS/MS match,,,PE,PE,-0.768,-1.072,972.3,High confidence,113.1,275,1.347,1.5,,,,C39H74NO8P,No,34,2,,,,,,,,,even,Yes,,,,,Fungi/Milk
8.67,768.55286,767.54558,[M+H]+,Pos,PE 38:4,TRUE,PE 38:4,MS/MS match,,,PE,PE,-0.925,-1.204,978.4,High confidence,22.9,282.6,1.386,1,,,,C43H78NO8P,No,38,4,,,,,,,,,even,Yes,,,,,Fungi/Milk
7.7,766.53743,765.53015,[M+H]+,Pos,PE 38:5,TRUE,PE 38:5,MS/MS match,,,PE,PE,-0.705,-0.92,934.2,High confidence,29,280.5,1.376,0.9,,,,C43H76NO8P,No,38,5,,,,,,,,,even,Yes,,,,,Fungi/Milk
7.99,766.53723,765.52995,[M+H]+,Pos,PE 38:5,TRUE,PE 38:5,MS/MS match,,,PE,PE,-0.901,-1.176,956.4,High confidence,30.2,282,1.383,1.4,,,,C43H76NO8P,No,38,5,,,,,,,,,even,Yes,,,,,Fungi/Milk
9.61,794.56845,793.56118,[M+H]+,Pos,PE 40:5,TRUE,PE 40:5,MS/MS match,,,PE,PE,-0.98,-1.233,982.5,High confidence,35.2,289.6,1.421,1.8,,,,C45H80NO8P,No,40,5,,,,,,,,,even,Yes,,,,,Fungi/Milk
9.32,688.52686,687.51958,[M+H]+,Pos,PE O-15:1_18:1,TRUE,PE O-33:2,MS/MS match,1-MoNA LipidBlast 2022,,PE O-,PE,-0.711,-1.033,935.9,High confidence,39.6,273.8,1.34,1.9,,,,C38H74NO7P,Yes,33,2,,,,,,,,,odd,Yes,,,,,Fungi/Milk
6.14,852.55857,834.52486,"[M+NH4]+, [M+H]+, [M+Na]+",Pos,PI 34:2,TRUE,PI 34:2,MS/MS match,,,PI,PI,-1.09,-1.279,939.9,High confidence,11.4,297.7,1.463,0.3,,,,C43H79O13P,No,34,2,,,,,,,,,even,Yes,,,,,Fungi/Milk
5.61,850.54356,832.50947,"[M+NH4]+, [M+H]+, [M+Na]+",Pos,PI 34:3,TRUE,PI 34:3,MS/MS match,,,PI,PI,-0.446,-0.525,977.1,High confidence,2.1,295.6,1.452,0.1,,,,C43H77O13P,No,34,3,,,,,,,,,even,Yes,,,,,Fungi/Milk
7,880.58968,862.55607,"[M+NH4]+, [M+H]+, [M+Na]+",Pos,PI 36:2,TRUE,PI 36:2,MS/MS match,,,PI,PI,-1.275,-1.447,975.3,High confidence,18.6,304,1.495,0.6,,,,C45H83O13P,No,36,2,,,,,,,,,even,Yes,,,,,Fungi/Milk
7.17,880.58986,862.5563,"[M+NH4]+, [M+H]+",Pos,PI 36:2,TRUE,PI 36:2,MS/MS match,,,PI,PI,-1.094,-1.242,973,High confidence,6.1,303.9,1.494,0.6,,,,C45H83O13P,No,36,2,,,,,,,,,even,Yes,,,,,Fungi/Milk
5.63,876.55897,858.52478,"[M+NH4]+, [M+Na]+, [M+H]+, [M+2Na-H]+",Pos,PI 36:4,TRUE,PI 36:4,MS/MS match,,,PI,PI,-0.683,-0.779,955.5,High confidence,2,299.4,1.472,0.2,,,,C45H79O13P,No,36,4,,,,,,,,,even,Yes,,,,,Fungi/Milk
6.02,876.55857,858.52475,[M+NH4]+,Pos,PI 36:4,TRUE,PI 36:4,MS/MS match,,,PI,PI,-1.081,-1.234,972.8,High confidence,14,302.2,1.485,1.1,,,,C45H79O13P,No,36,4,,,,,,,,,even,Yes,,,,,Fungi/Milk
7.89,906.60521,888.57139,[M+NH4]+,Pos,PI 38:3,TRUE,PI 38:3,MS/MS match,,,PI,PI,-1.391,-1.534,965.4,High confidence,80.1,309.8,1.524,1.3,,,,C47H85O13P,No,38,3,,,,,,,,,even,Yes,,,,,Fungi/Milk
7.02,904.58943,886.55501,"[M+NH4]+, [M+Na]+, [M+H]+",Pos,PI 38:4,TRUE,PI 38:4,MS/MS match,,,PI,PI,-1.526,-1.687,965,High confidence,16.1,307.7,1.513,1.2,,,,C47H83O13P,No,38,4,,,,,,,,,even,Yes,,,,,Fungi/Milk
6.13,902.57398,884.54015,[M+NH4]+,Pos,PI 38:5,TRUE,PI 38:5,MS/MS match,,,PI,PI,-1.329,-1.472,964.9,High confidence,16,305.8,1.504,1.1,,,,C47H81O13P,No,38,5,,,,,,,,,even,Yes,,,,,Fungi/Milk
6.35,902.57411,884.54029,[M+NH4]+,Pos,PI 38:5,TRUE,PI 38:5,MS/MS match,,,PI,PI,-1.191,-1.319,945.9,High confidence,8.1,306.4,1.507,1.3,,,,C47H81O13P,No,38,5,,,,,,,,,even,Yes,,,,,Fungi/Milk
7.3,788.54268,787.5354,[M+H]+,Pos,PS 18:0_18:2,TRUE,PS 36:2,MS/MS match,,,PS,PS,-0.934,-1.184,950.8,High confidence,10.5,288.4,1.415,1.7,,,,C42H78NO10P,No,36,2,,,,,,,,,even,Yes,,,,,Fungi/Milk
6.34,786.52715,763.53793,[M+Na]+,Pos,PS 34:0,TRUE,PS 34:0,MS/MS match,,,PS,PS,1.598,2.032,942.2,High confidence,7.3,285.6,1.401,-0.4,,,,C40H78NO10P,No,34,0,,,,,,,,,even,No,,,,,Fungi/Milk
7,762.52719,761.51991,[M+H]+,Pos,PS 34:1,TRUE,PS 34:1,MS/MS match,,,PS,PS,-0.774,-1.015,970.3,High confidence,17.7,283.7,1.392,1.5,,,,C40H76NO10P,No,34,1,,,,,,,,,even,No,,,,,Fungi/Milk
7.69,814.55808,791.56886,[M+Na]+,Pos,PS 36:0,TRUE,PS 36:0,MS/MS match,,,PS,PS,1.229,1.509,976.9,High confidence,11.9,296.5,1.456,1.3,,,,C42H82NO10P,No,36,0,,,,,,,,,even,No,,,,,Fungi/Milk
8.09,840.57316,817.58394,[M+Na]+,Pos,PS 38:1,TRUE,PS 38:1,MS/MS match,,,PS,PS,0.65,0.774,876.1,High confidence,78.1,299,1.469,0.9,,,,C44H84NO10P,No,38,1,,,,,,,,,even,No,,,,,Fungi/Milk
7.28,838.55829,815.56907,[M+Na]+,Pos,PS 38:2,TRUE,PS 38:2,MS/MS match,,,PS,PS,1.431,1.707,939.2,High confidence,11.2,295,1.449,0.2,,,,C44H82NO10P,No,38,2,,,,,,,,,even,Yes,,,,,Fungi/Milk
12.03,815.69927,814.69199,[M+H]+,Pos,SM 18:1;O2/24:0,TRUE,SM 42:1;O2,MS/MS match,,,SM,SM,-0.786,-0.964,923,High confidence,8.7,310.4,1.524,1.2,,,,C47H95N2O6P,No,42,1,,,,,,,,,even,No,,,,,Fungi/Milk
11.7,787.66771,786.66044,[M+H]+,Pos,SM 40:1;O2,TRUE,SM 40:1;O2,MS/MS match,,,SM,SM,-1.038,-1.317,919.4,High confidence,2.4,305,1.497,1.6,,,,C45H91N2O6P,No,40,1,,,,,,,,,even,No,,,,,Fungi/Milk
10.98,785.65193,784.64465,[M+H]+,Pos,SM 40:2;O2,TRUE,SM 40:2;O2,MS/MS match,,,SM,SM,-1.174,-1.494,954.8,High confidence,22.2,302.6,1.485,1.6,,,,C45H89N2O6P,No,40,2,,,,,,,,,even,Yes,,,,,Fungi/Milk
11.88,801.68326,800.67596,"[M+H]+, [M+Na]+",Pos,SM 41:1;O2,TRUE,SM 41:1;O2,MS/MS match,,,SM,SM,-1.145,-1.428,886.2,High confidence,4.7,307.8,1.511,1.4,,,,C46H93N2O6P,No,41,1,,,,,,,,,odd,No,,,,,Fungi/Milk
10.98,811.66737,810.6601,[M+H]+,Pos,SM 42:3;O2,TRUE,SM 42:3;O2,MS/MS match,,,SM,SM,-1.379,-1.699,828,High confidence,61.1,304.8,1.497,0.9,,,,C47H91N2O6P,No,42,3,,,,,,,,,even,Yes,,,,,Fungi/Milk
12.3,843.7303,842.72303,[M+H]+,Pos,SM 44:1;O2,TRUE,SM 44:1;O2,MS/MS match,,,SM,SM,-1.049,-1.244,750.6,High confidence,23.8,315.7,1.551,0.8,,,,C49H99N2O6P,No,44,1,,,,,,,,,even,No,,,,,Fungi/Milk
12.84,790.69096,772.65713,[M+NH4]+,Pos,TG 10:0_18:1_18:2,TRUE,TG 46:3,MS/MS match,,,TG,TG,-0.958,-1.211,748.7,High confidence,4.1,303.4,1.489,0.6,,,,C49H88O6,No,46,3,,,,,,,,,even,Yes,,,,,Fungi/Milk
12.58,788.67527,770.64144,[M+NH4]+,Pos,TG 10:0_18:2_18:2,TRUE,TG 46:4,MS/MS match,,,TG,TG,-1.001,-1.269,741.9,High confidence,3.9,300.2,1.473,0,,,,C49H86O6,No,46,4,,,,,,,,,even,Yes,,,,,Fungi/Milk
12.36,786.65946,768.62563,[M+NH4]+,Pos,TG 10:0_18:2_18:3,TRUE,TG 46:5,MS/MS match,,,TG,TG,-1.161,-1.476,831.5,High confidence,25.1,299.7,1.471,0.3,,,,C49H84O6,No,46,5,,,,,,,,,even,Yes,,,,,Fungi/Milk
13.17,684.61284,666.57901,[M+NH4]+,Pos,TG 12:0_12:0_14:0,TRUE,TG 38:0,MS/MS match,,,TG,TG,-0.827,-1.208,722.1,High confidence,15.1,286,1.4,1.8,,,,C41H78O6,No,38,0,,,,,,,,,even,No,,,,,Fungi/Milk
13.37,684.61273,666.57891,[M+NH4]+,Pos,TG 12:0_12:0_14:0,TRUE,TG 38:0,MS/MS match,,,TG,TG,-0.932,-1.362,698.2,High confidence,24.5,285.5,1.398,1.6,,,,C41H78O6,No,38,0,,,,,,,,,even,No,,,,,Fungi/Milk
13.67,684.61263,666.5788,[M+NH4]+,Pos,TG 12:0_12:0_14:0,TRUE,TG 38:0,MS/MS match,,,TG,TG,-1.037,-1.515,766.6,High confidence,22.5,285.5,1.397,1.6,,,,C41H78O6,No,38,0,,,,,,,,,even,No,,,,,Fungi/Milk
13.99,684.61271,666.57889,[M+NH4]+,Pos,TG 12:0_12:0_14:0,TRUE,TG 38:0,MS/MS match,,,TG,TG,-0.951,-1.389,686.7,High confidence,20.9,285.5,1.397,1.6,,,,C41H78O6,No,38,0,,,,,,,,,even,No,,,,,Fungi/Milk
12.76,738.65992,720.6262,"[M+NH4]+, [M+Na]+, [M+K]+",Pos,TG 12:0_12:0_18:1,TRUE,TG 42:1,MS/MS match,,,TG,TG,-0.691,-0.936,685.9,High confidence,4.8,297.3,1.457,1.8,,,,C45H84O6,No,42,1,,,,,,,,,even,No,,,,,Fungi/Milk
12.73,712.64452,694.6107,[M+NH4]+,Pos,TG 12:0_14:0_14:0,TRUE,TG 40:0,MS/MS match,,,TG,TG,-0.444,-0.623,716.2,High confidence,10.9,292.6,1.433,1.8,,,,C43H82O6,No,40,0,,,,,,,,,even,No,,,,,Fungi/Milk
13.37,712.64394,694.61012,[M+NH4]+,Pos,TG 12:0_14:0_14:0,TRUE,TG 40:0,MS/MS match,,,TG,TG,-1.025,-1.438,675.5,High confidence,42.4,291.9,1.43,1.6,,,,C43H82O6,No,40,0,,,,,,,,,even,No,,,,,Fungi/Milk
13.67,712.64393,694.6101,[M+NH4]+,Pos,TG 12:0_14:0_14:0,TRUE,TG 40:0,MS/MS match,,,TG,TG,-1.037,-1.455,681.7,High confidence,36.5,292.1,1.431,1.6,,,,C43H82O6,No,40,0,,,,,,,,,even,No,,,,,Fungi/Milk
13.99,712.64373,694.6099,[M+NH4]+,Pos,TG 12:0_14:0_14:0,TRUE,TG 40:0,MS/MS match,,,TG,TG,-1.236,-1.735,689.6,High confidence,40.6,292.1,1.431,1.7,,,,C43H82O6,No,40,0,,,,,,,,,even,No,,,,,Fungi/Milk
13.06,740.6756,722.64177,[M+NH4]+,Pos,TG 12:0_14:0_16:0,TRUE,TG 42:0,MS/MS match,,,TG,TG,-0.667,-0.9,826.2,High confidence,4.6,297.6,1.459,1.4,,,,C45H86O6,No,42,0,,,,,,,,,even,No,,,,,Fungi/Milk
13.07,766.69122,748.65739,[M+NH4]+,Pos,TG 12:0_14:0_18:1,TRUE,TG 44:1,MS/MS match,,,TG,TG,-0.697,-0.909,826.8,High confidence,1.9,302.3,1.483,1.3,,,,C47H88O6,No,44,1,,,,,,,,,even,No,,,,,Fungi/Milk
13.41,794.723,776.6886,"[M+NH4]+, [M+K]+, [M+Na]+",Pos,TG 12:0_16:0_18:1,TRUE,TG 46:1,MS/MS match,,,TG,TG,-0.213,-0.268,818.1,High confidence,21.1,308.7,1.515,1.3,,,,C49H92O6,No,46,1,,,,,,,,,even,No,,,,,Fungi/Milk
13.45,820.73828,802.70439,"[M+NH4]+, [M+Na]+, [M+K]+",Pos,TG 12:0_18:1_18:1,TRUE,TG 48:2,MS/MS match,,,TG,TG,-0.583,-0.71,661.2,High confidence,21.5,313.3,1.538,1.3,,,,C51H94O6,No,48,2,,,,,,,,,even,Yes,,,,,Fungi/Milk
13.14,818.72233,800.68851,[M+NH4]+,Pos,TG 12:0_18:1_18:2,TRUE,TG 48:3,MS/MS match,,,TG,TG,-0.884,-1.079,970.7,High confidence,3.7,309.8,1.521,0.6,,,,C51H92O6,No,48,3,,,,,,,,,even,Yes,,,,,Fungi/Milk
12.88,816.70667,798.67285,[M+NH4]+,Pos,TG 12:0_18:2_18:2,TRUE,TG 48:4,MS/MS match,,,TG,TG,-0.891,-1.091,931.2,High confidence,6.6,306.2,1.503,-0.1,,,,C51H90O6,No,48,4,,,,,,,,,even,Yes,,,,,Fungi/Milk
12.66,814.69069,796.65686,[M+NH4]+,Pos,TG 12:0_18:2_18:3,TRUE,TG 48:5,MS/MS match,,,TG,TG,-1.226,-1.505,965.1,High confidence,18.1,304.8,1.497,-0.1,,,,C51H88O6,No,48,5,,,,,,,,,even,Yes,,,,,Fungi/Milk
13.76,822.7542,804.72022,"[M+NH4]+, [M+Na]+, [M+K]+",Pos,TG 14:0_16:0_18:1,TRUE,TG 48:1,MS/MS match,,,TG,TG,-0.315,-0.383,947.9,High confidence,3.3,314,1.542,1,,,,C51H96O6,No,48,1,,,,,,,,,even,No,,,,,Fungi/Milk
13.37,844.73817,826.70434,[M+NH4]+,Pos,TG 14:0_16:0_20:4,TRUE,TG 50:4,MS/MS match,,,TG,TG,-0.7,-0.828,737.9,High confidence,47.2,316.3,1.554,1.2,,,,C53H94O6,No,50,4,,,,,,,,,even,Yes,,,,,Fungi/Milk
13.47,846.75398,828.71939,"[M+NH4]+, [M+K]+, [M+Na]+",Pos,TG 14:0_18:1_18:2,TRUE,TG 50:3,MS/MS match,,,TG,TG,-0.533,-0.63,819,High confidence,8.7,317,1.558,0.9,,,,C53H96O6,No,50,3,,,,,,,,,even,Yes,,,,,Fungi/Milk
13.19,844.73808,826.70409,"[M+NH4]+, [M+Na]+, [M+K]+",Pos,TG 14:0_18:2_18:2,TRUE,TG 50:4,MS/MS match,,,TG,TG,-0.787,-0.932,973.6,High confidence,5.3,313,1.538,0.1,,,,C53H94O6,No,50,4,,,,,,,,,even,Yes,,,,,Fungi/Milk
12.82,940.73735,922.70352,[M+NH4]+,Pos,TG 14:0_22:6_22:6,TRUE,TG 58:12,MS/MS match,,,TG,TG,-1.518,-1.614,966.2,High confidence,7,328.3,1.616,0.7,,,,C61H94O6,No,58,12,,,,,,,,,even,Yes,,,,,Fungi/Milk
13.97,836.76925,818.73543,[M+NH4]+,Pos,TG 15:0_16:0_18:1,TRUE,TG 49:1,MS/MS match,,,TG,TG,-0.912,-1.09,900.7,High confidence,9.3,316.2,1.553,0.7,,,,C52H98O6,No,49,1,,,,,,,,,odd,No,,,,,Fungi/Milk
12.86,928.73755,910.70373,[M+NH4]+,Pos,TG 15:0_20:5_22:6,TRUE,TG 57:11,MS/MS match,,,TG,TG,-1.316,-1.417,651.5,High confidence,51,325.5,1.602,0.3,,,,C60H94O6,No,57,11,,,,,,,,,odd,Yes,,,,,Fungi/Milk
12.9,854.72224,836.68841,[M+NH4]+,Pos,TG 15:1_18:2_18:3,TRUE,TG 51:6,MS/MS match,,,TG,TG,-0.979,-1.145,941.8,High confidence,28.3,312.4,1.535,-0.2,,,,C54H92O6,No,51,6,,,,,,,,,odd,Yes,,,,,Fungi/Milk
14.14,850.78525,832.75142,[M+NH4]+,Pos,TG 16:0_16:0_18:1,TRUE,TG 50:1,MS/MS match,,,TG,TG,-0.568,-0.668,947.1,High confidence,4.1,319.4,1.569,0.8,,,,C53H100O6,No,50,1,,,,,,,,,even,No,,,,,Fungi/Milk
13.82,848.76977,830.73594,[M+NH4]+,Pos,TG 16:0_16:1_18:1,TRUE,TG 50:2,MS/MS match,,,TG,TG,-0.396,-0.467,702.6,High confidence,9.1,317.6,1.56,0.6,,,,C53H98O6,No,50,2,,,,,,,,,even,Yes,,,,,Fungi/Milk
13.99,862.7853,844.75148,[M+NH4]+,Pos,TG 16:0_17:1_18:1,TRUE,TG 51:2,MS/MS match,,,TG,TG,-0.515,-0.597,698.3,High confidence,4.4,320.9,1.577,0.7,,,,C54H100O6,No,51,2,,,,,,,,,odd,Yes,,,,,Fungi/Milk
13.67,860.76951,842.73568,[M+NH4]+,Pos,TG 16:0_17:1_18:2,TRUE,TG 51:3,MS/MS match,,,TG,TG,-0.658,-0.765,694.8,High confidence,6.2,317.6,1.561,0.1,,,,C54H98O6,No,51,3,,,,,,,,,odd,Yes,,,,,Fungi/Milk
14.58,878.81647,860.78265,[M+NH4]+,Pos,TG 16:0_18:0_18:1,TRUE,TG 52:1,MS/MS match,,,TG,TG,-0.645,-0.734,969.3,High confidence,8.5,325.7,1.601,0.8,,,,C55H104O6,No,52,1,,,,,,,,,even,No,,,,,Fungi/Milk
13.86,874.78522,856.7514,[M+NH4]+,Pos,TG 16:0_18:1_18:2,TRUE,TG 52:3,MS/MS match,,,TG,TG,-0.593,-0.678,963.3,High confidence,29.6,322.8,1.587,0.8,,,,C55H100O6,No,52,3,,,,,,,,,even,Yes,,,,,Fungi/Milk
14.29,874.78452,856.7507,[M+NH4]+,Pos,TG 16:0_18:1_18:2,TRUE,TG 52:3,MS/MS match,,,TG,TG,-1.294,-1.48,945.4,High confidence,115.8,320.5,1.576,0,,,,C55H100O6,No,52,3,,,,,,,,,even,Yes,,,,,Fungi/Milk
13.55,872.7696,854.73577,[M+NH4]+,Pos,TG 16:0_18:2_18:2,TRUE,TG 52:4,MS/MS match,,,TG,TG,-0.57,-0.653,907.8,High confidence,23.3,319.3,1.57,0.1,,,,C55H98O6,No,52,4,,,,,,,,,even,Yes,,,,,Fungi/Milk
13.95,872.76908,854.73525,[M+NH4]+,Pos,TG 16:0_18:2_18:2,TRUE,TG 52:4,MS/MS match,,,TG,TG,-1.088,-1.247,952,High confidence,116.4,318.3,1.565,-0.2,,,,C55H98O6,No,52,4,,,,,,,,,even,Yes,,,,,Fungi/Milk
13.3,870.7537,852.71987,[M+NH4]+,Pos,TG 16:0_18:2_18:3,TRUE,TG 52:5,MS/MS match,,,TG,TG,-0.817,-0.939,928.7,High confidence,6.7,316.2,1.554,-0.4,,,,C55H96O6,No,52,5,,,,,,,,,even,Yes,,,,,Fungi/Milk
14.36,870.75567,852.72184,[M+NH4]+,Pos,TG 16:0_18:2_18:3,TRUE,TG 52:5,MS/MS match,,,TG,TG,1.149,1.32,850.4,High confidence,151.6,318.1,1.564,0.2,,,,C55H96O6,No,52,5,,,,,,,,,even,Yes,,,,,Fungi/Milk
13.01,942.75315,924.71933,[M+NH4]+,Pos,TG 16:0_20:5_22:6,TRUE,TG 58:11,MS/MS match,,,TG,TG,-1.362,-1.445,743.5,High confidence,2.3,329.2,1.62,0.5,,,,C61H96O6,No,58,11,,,,,,,,,even,Yes,,,,,Fungi/Milk
13.13,968.76898,950.73515,[M+NH4]+,Pos,TG 16:0_22:6_22:6,TRUE,TG 60:12,MS/MS match,,,TG,TG,-1.187,-1.225,830.2,High confidence,28.7,333.8,1.643,0.4,,,,C63H98O6,No,60,12,,,,,,,,,even,Yes,,,,,Fungi/Milk
13.05,868.73788,850.70405,[M+NH4]+,Pos,TG 16:1_18:2_18:3,TRUE,TG 52:6,MS/MS match,,,TG,TG,-0.989,-1.138,788.3,High confidence,10.3,314.3,1.545,-0.6,,,,C55H94O6,No,52,6,,,,,,,,,even,Yes,,,,,Fungi/Milk
14.02,888.80097,870.76714,[M+NH4]+,Pos,TG 17:0_18:1_18:2,TRUE,TG 53:3,MS/MS match,,,TG,TG,-0.499,-0.562,789,High confidence,1.5,327.2,1.609,1.2,,,,C56H102O6,No,53,3,,,,,,,,,odd,Yes,,,,,Fungi/Milk
13.12,882.75367,864.71984,[M+NH4]+,Pos,TG 17:1_18:2_18:3,TRUE,TG 53:6,MS/MS match,,,TG,TG,-0.85,-0.963,742.7,High confidence,12,318.2,1.564,-0.3,,,,C56H96O6,No,53,6,,,,,,,,,odd,Yes,,,,,Fungi/Milk
12.89,880.73819,862.70437,[M+NH4]+,Pos,TG 17:2_18:2_18:3,TRUE,TG 53:7,MS/MS match,,,TG,TG,-0.674,-0.766,940,High confidence,12.5,315.6,1.552,-0.7,,,,C56H94O6,No,53,7,,,,,,,,,odd,Yes,,,,,Fungi/Milk
13.29,896.76971,878.73588,[M+NH4]+,Pos,TG 17:2_18:2_19:2,TRUE,TG 54:6,MS/MS match,,,TG,TG,-0.457,-0.51,859.6,High confidence,39.8,322.3,1.585,0,,,,C57H98O6,No,54,6,,,,,,,,,even,Yes,,,,,Fungi/Milk
14.6,904.83206,886.79823,[M+NH4]+,Pos,TG 18:0_18:1_18:1,TRUE,TG 54:2,MS/MS match,,,TG,TG,-0.71,-0.784,929,High confidence,33.1,332.1,1.633,1.2,,,,C57H106O6,No,54,2,,,,,,,,,even,Yes,,,,,Fungi/Milk
13.71,948.80046,930.76609,"[M+NH4]+, [M+K]+, [M+Na]+",Pos,TG 18:0_20:4_20:4,TRUE,TG 58:8,MS/MS match,,,TG,TG,-1.007,-1.061,748.4,High confidence,19.3,336,1.654,1.2,,,,C61H102O6,No,58,8,,,,,,,,,even,Yes,,,,,Fungi/Milk
13.46,996.79947,978.76565,[M+NH4]+,Pos,TG 18:0_22:6_22:6,TRUE,TG 62:12,MS/MS match,,,TG,TG,-1.994,-2.001,864.2,High confidence,29.8,339.7,1.673,0.3,,,,C65H102O6,No,62,12,,,,,,,,,even,Yes,,,,,Fungi/Milk
13.89,900.8005,882.76668,[M+NH4]+,Pos,TG 18:1_18:1_18:2,TRUE,TG 54:4,MS/MS match,,,TG,TG,-0.963,-1.069,788.5,High confidence,18.4,327.5,1.611,0.7,,,,C57H102O6,No,54,4,,,,,,,,,even,Yes,,,,,Fungi/Milk
14.39,916.8313,898.79747,[M+NH4]+,Pos,TG 18:1_18:1_19:1,TRUE,TG 55:3,MS/MS match,,,TG,TG,-1.469,-1.602,954.4,High confidence,87.3,334.5,1.646,1.5,,,,C58H106O6,No,55,3,,,,,,,,,odd,Yes,,,,,Fungi/Milk
15.02,932.86323,914.82929,"[M+NH4]+, [M+Na]+, [M+K]+",Pos,TG 18:1_18:1_20:0,TRUE,TG 56:2,MS/MS match,,,TG,TG,-0.837,-0.897,931.1,High confidence,1.6,338.6,1.666,1.3,,,,C59H110O6,No,56,2,,,,,,,,,even,Yes,,,,,Fungi/Milk
15.47,960.89424,942.86017,"[M+NH4]+, [M+K]+, [M+Na]+",Pos,TG 18:1_18:1_22:0,TRUE,TG 58:2,MS/MS match,,,TG,TG,-1.123,-1.168,978.8,High confidence,4.5,342.9,1.688,0.7,,,,C61H114O6,No,58,2,,,,,,,,,even,Yes,,,,,Fungi/Milk
13.58,898.78512,880.75129,[M+NH4]+,Pos,TG 18:1_18:2_18:2,TRUE,TG 54:5,MS/MS match,,,TG,TG,-0.7,-0.778,942.4,High confidence,29.9,325.2,1.599,0.5,,,,C57H100O6,No,54,5,,,,,,,,,even,Yes,,,,,Fungi/Milk
13.62,896.76894,878.73511,[M+NH4]+,Pos,TG 18:1_18:2_18:3,TRUE,TG 54:6,MS/MS match,,,TG,TG,-1.23,-1.371,872.5,High confidence,121.5,328.4,1.615,1.9,,,,C57H98O6,No,54,6,,,,,,,,,even,Yes,,,,,Fungi/Milk
13.96,896.76847,878.73464,[M+NH4]+,Pos,TG 18:1_18:2_18:3,TRUE,TG 54:6,MS/MS match,,,TG,TG,-1.696,-1.892,968.6,High confidence,124,320.1,1.574,-0.7,,,,C57H98O6,No,54,6,,,,,,,,,even,Yes,,,,,Fungi/Milk
13.96,914.81521,896.78139,[M+NH4]+,Pos,TG 18:1_18:2_19:1,TRUE,TG 55:4,MS/MS match,,,TG,TG,-1.903,-2.08,858.7,High confidence,∞,333.6,1.641,1.6,,,,C58H104O6,No,55,4,,,,,,,,,odd,Yes,,,,,Fungi/Milk
14.59,930.84688,912.81306,[M+NH4]+,Pos,TG 18:1_18:2_20:0,TRUE,TG 56:3,MS/MS match,,,TG,TG,-1.532,-1.646,828.2,High confidence,10.5,337.3,1.66,1.4,,,,C59H108O6,No,56,3,,,,,,,,,even,Yes,,,,,Fungi/Milk
15.54,986.90933,968.8755,[M+NH4]+,Pos,TG 18:1_18:2_24:0,TRUE,TG 60:3,MS/MS match,,,TG,TG,-1.69,-1.712,883.1,High confidence,5.4,345.6,1.702,0.1,,,,C63H116O6,No,60,3,,,,,,,,,even,Yes,,,,,Fungi/Milk
13.03,894.75389,876.72006,[M+NH4]+,Pos,TG 18:2_18:2_18:3,TRUE,TG 54:7,MS/MS match,,,TG,TG,-0.631,-0.705,871.7,High confidence,28.3,320,1.574,-0.3,,,,C57H96O6,No,54,7,,,,,,,,,even,Yes,,,,,Fungi/Milk
13.66,894.75299,876.71917,[M+NH4]+,Pos,TG 18:2_18:2_18:3,TRUE,TG 54:7,MS/MS match,,,TG,TG,-1.524,-1.704,690.5,High confidence,127.2,318.3,1.565,-0.8,,,,C57H96O6,No,54,7,,,,,,,,,even,Yes,,,,,Fungi/Milk
13.45,910.78423,892.7504,[M+NH4]+,Pos,TG 18:2_18:2_19:2,TRUE,TG 55:6,MS/MS match,,,TG,TG,-1.591,-1.746,753.5,High confidence,9.5,327.2,1.61,0.6,,,,C58H100O6,No,55,6,,,,,,,,,odd,Yes,,,,,Fungi/Milk
14.3,928.83123,910.7974,[M+NH4]+,Pos,TG 18:2_18:2_20:0,TRUE,TG 56:4,MS/MS match,,,TG,TG,-1.541,-1.659,729.2,High confidence,11.6,335.2,1.649,1.2,,,,C59H106O6,No,56,4,,,,,,,,,even,Yes,,,,,Fungi/Milk
14.52,942.84652,924.8127,[M+NH4]+,Pos,TG 18:2_18:2_21:0,TRUE,TG 57:4,MS/MS match,,,TG,TG,-1.892,-2.007,687.8,High confidence,181.9,339.4,1.67,1.5,,,,C60H108O6,No,57,4,,,,,,,,,odd,Yes,,,,,Fungi/Milk
14.74,956.86284,938.82902,"[M+NH4]+, [M+Na]+, [M+K]+",Pos,TG 18:2_18:2_22:0,TRUE,TG 58:4,MS/MS match,,,TG,TG,-1.226,-1.281,898.1,High confidence,4.5,339.4,1.671,0.6,,,,C61H110O6,No,58,4,,,,,,,,,even,Yes,,,,,Fungi/Milk
12.8,892.7381,874.70428,[M+NH4]+,Pos,TG 18:2_18:3_18:3,TRUE,TG 54:8,MS/MS match,,,TG,TG,-0.765,-0.857,937.8,High confidence,9.4,318,1.564,-0.5,,,,C57H94O6,No,54,8,,,,,,,,,even,Yes,,,,,Fungi/Milk
13.93,926.81513,908.7813,[M+NH4]+,Pos,TG 18:2_18:3_20:0,TRUE,TG 56:5,MS/MS match,,,TG,TG,-1.988,-2.145,849.5,High confidence,18.8,332.1,1.634,0.7,,,,C59H104O6,No,56,5,,,,,,,,,even,Yes,,,,,Fungi/Milk
13.63,924.79853,906.7647,[M+NH4]+,Pos,TG 18:2_18:3_20:1,TRUE,TG 56:6,MS/MS match,,,TG,TG,-2.941,-3.18,778.4,High confidence,6.6,330.4,1.626,0.6,,,,C59H102O6,No,56,6,,,,,,,,,even,Yes,,,,,Fungi/Milk
13.11,944.76895,926.73512,[M+NH4]+,Pos,TG 18:2_20:4_20:4,TRUE,TG 58:10,MS/MS match,,,TG,TG,-1.217,-1.288,702.5,High confidence,5.6,329,1.619,0,,,,C61H98O6,No,58,10,,,,,,,,,even,Yes,,,,,Fungi/Milk
12.59,890.7223,872.68847,[M+NH4]+,Pos,TG 18:3/18:3/18:3,TRUE,TG 54:9,MS/MS match,,,TG,TG,-0.92,-1.033,859,High confidence,6.4,315.2,1.55,-0.9,,,,C57H92O6,No,54,9,,,,,,,,,even,Yes,,,,,Fungi/Milk
12.92,942.75332,924.71943,"[M+NH4]+, [M+K]+, [M+Na]+",Pos,TG 18:3_20:4_20:4,TRUE,TG 58:11,MS/MS match,,,TG,TG,-1.192,-1.264,768.2,High confidence,7,326.4,1.606,-0.4,,,,C61H96O6,No,58,11,,,,,,,,,even,Yes,,,,,Fungi/Milk
14.36,978.84732,960.8135,[M+NH4]+,Pos,TG 18:3_20:4_22:0,TRUE,TG 60:7,MS/MS match,,,TG,TG,-1.094,-1.117,950.5,High confidence,67.1,341.1,1.679,0.5,,,,C63H108O6,No,60,7,,,,,,,,,even,Yes,,,,,Fungi/Milk
14.1,976.83122,958.7974,[M+NH4]+,Pos,TG 20:0_20:4_20:4,TRUE,TG 60:8,MS/MS match,,,TG,TG,-1.543,-1.579,768.1,High confidence,7.7,341.1,1.679,0.9,,,,C63H106O6,No,60,8,,,,,,,,,even,Yes,,,,,Fungi/Milk
13.01,968.76882,950.735,[M+NH4]+,Pos,TG 20:4/20:4/20:4,TRUE,TG 60:12,MS/MS match,,,TG,TG,-1.346,-1.389,746.8,High confidence,1,332.7,1.638,0.1,,,,C63H98O6,No,60,12,,,,,,,,,even,Yes,,,,,Fungi/Milk
14.52,1004.86254,986.82871,[M+NH4]+,Pos,TG 20:4_20:4_22:0,TRUE,TG 62:8,MS/MS match,,,TG,TG,-1.53,-1.523,757.8,High confidence,2.7,345.5,1.702,0.4,,,,C65H110O6,No,62,8,,,,,,,,,even,Yes,,,,,Fungi/Milk
14.95,1032.89331,1014.85949,[M+NH4]+,Pos,TG 20:4_20:4_24:0,TRUE,TG 64:8,MS/MS match,,,TG,TG,-2.055,-1.99,759.2,High confidence,14.1,349,1.72,-0.4,,,,C67H114O6,No,64,8,,,,,,,,,even,Yes,,,,,Fungi/Milk
10.94,676.55017,658.51634,[M+NH4]+,Pos,TG 2:0_18:2_18:2,TRUE,TG 38:4,MS/MS match,,,TG,TG,-0.896,-1.324,928.5,High confidence,11.2,273.2,1.337,-0.8,,,,C41H70O6,No,38,4,,,,,,,,,even,Yes,,,,,Fungi/Milk
7.68,544.45685,526.42305,"[M+NH4]+, [2M+Na]+, [M+Na]+",Pos,TG 4:0_10:0_14:0,TRUE,TG 28:0,MS/MS match,,,TG,TG,-0.316,-0.581,689.2,High confidence,2.5,251.5,1.225,0.6,,,,C31H58O6,No,28,0,,,,,,,,,even,No,,,,,Fungi/Milk
9.56,598.50367,580.46984,[M+NH4]+,Pos,TG 4:0_10:0_18:1,TRUE,TG 32:1,MS/MS match,,,TG,TG,-0.449,-0.75,823.6,High confidence,54.2,258.6,1.262,-0.9,,,,C35H64O6,No,32,1,,,,,,,,,even,No,,,,,Fungi/Milk
8.16,570.47221,552.43839,[M+NH4]+,Pos,TG 4:0_10:1_16:0,TRUE,TG 30:1,MS/MS match,,,TG,TG,-0.604,-1.059,733.2,High confidence,11.8,252.7,1.232,-0.8,,,,C33H60O6,No,30,1,,,,,,,,,even,No,,,,,Fungi/Milk
11.26,600.51924,582.48525,"[M+NH4]+, [2M+NH4]+, [2M+Na]+",Pos,TG 4:0_12:0_16:0,TRUE,TG 32:0,MS/MS match,,,TG,TG,-0.523,-0.871,692.9,High confidence,11.9,267,1.303,1.7,,,,C35H66O6,No,32,0,,,,,,,,,even,No,,,,,Fungi/Milk
9.94,624.51908,606.48525,[M+NH4]+,Pos,TG 4:0_12:0_18:2,TRUE,TG 34:2,MS/MS match,,,TG,TG,-0.686,-1.098,668.2,High confidence,10.8,263.9,1.289,-0.7,,,,C37H66O6,No,34,2,,,,,,,,,even,Yes,,,,,Fungi/Milk
11.85,654.56603,636.5322,[M+NH4]+,Pos,TG 4:0_14:0_18:1,TRUE,TG 36:1,MS/MS match,,,TG,TG,-0.69,-1.054,665.3,High confidence,1.7,275.4,1.347,0.7,,,,C39H72O6,No,36,1,,,,,,,,,even,No,,,,,Fungi/Milk
11.61,652.55024,634.51641,[M+NH4]+,Pos,TG 4:0_14:0_18:2,TRUE,TG 36:2,MS/MS match,,,TG,TG,-0.827,-1.268,739.2,High confidence,8,271.7,1.329,-0.1,,,,C39H70O6,No,36,2,,,,,,,,,even,Yes,,,,,Fungi/Milk
12.17,682.59727,664.56345,[M+NH4]+,Pos,TG 4:0_16:0_18:1,TRUE,TG 38:1,MS/MS match,,,TG,TG,-0.741,-1.086,755.5,High confidence,1.1,283.3,1.387,1.3,,,,C41H76O6,No,38,1,,,,,,,,,even,No,,,,,Fungi/Milk
11.99,680.58159,662.54777,[M+NH4]+,Pos,TG 4:0_16:0_18:2,TRUE,TG 38:2,MS/MS match,,,TG,TG,-0.775,-1.138,664.8,High confidence,2.5,277.7,1.359,-0.2,,,,C41H74O6,No,38,2,,,,,,,,,even,Yes,,,,,Fungi/Milk
12.03,706.59715,688.56333,[M+NH4]+,Pos,TG 4:0_18:1_18:2,TRUE,TG 40:3,MS/MS match,,,TG,TG,-0.861,-1.219,847.3,High confidence,8.9,281.1,1.377,-0.7,,,,C43H76O6,No,40,3,,,,,,,,,even,Yes,,,,,Fungi/Milk
6.85,516.42554,498.39171,[M+NH4]+,Pos,TG 4:0_6:0_16:0,TRUE,TG 26:0,MS/MS match,,,TG,TG,-0.325,-0.629,710.7,High confidence,9.6,241.8,1.176,-0.8,,,,C29H54O6,No,26,0,,,,,,,,,even,No,,,,,Fungi/Milk
7.7,570.4722,552.43837,[M+NH4]+,Pos,TG 6:0_10:0_14:1,TRUE,TG 30:1,MS/MS match,,,TG,TG,-0.617,-1.082,794.1,High confidence,28.1,252.1,1.229,-1,,,,C33H60O6,No,30,1,,,,,,,,,even,No,,,,,Fungi/Milk
11.43,652.55014,634.51632,[M+NH4]+,Pos,TG 6:0_12:0_18:2,TRUE,TG 36:2,MS/MS match,,,TG,TG,-0.924,-1.416,651.1,High confidence,6.3,270.8,1.324,-0.5,,,,C39H70O6,No,36,2,,,,,,,,,even,Yes,,,,,Fungi/Milk
12.35,722.6285,704.59468,[M+NH4]+,Pos,TG 6:0_17:1_18:1,TRUE,TG 41:2,MS/MS match,,,TG,TG,-0.811,-1.123,741.5,High confidence,7.9,288.8,1.415,0.4,,,,C44H80O6,No,41,2,,,,,,,,,odd,Yes,,,,,Fungi/Milk
12.28,734.6284,716.59457,[M+NH4]+,Pos,TG 6:0_18:1_18:2,TRUE,TG 42:3,MS/MS match,,,TG,TG,-0.918,-1.249,736.5,High confidence,2.5,288.9,1.416,-0.1,,,,C45H80O6,No,42,3,,,,,,,,,even,Yes,,,,,Fungi/Milk
6.3,516.42574,498.39191,[M+NH4]+,Pos,TG 6:0_8:0_12:0,TRUE,TG 26:0,MS/MS match,,,TG,TG,-0.13,-0.252,903.4,High confidence,4.9,244.1,1.187,0.1,,,,C29H54O6,No,26,0,,,,,,,,,even,No,,,,,Fungi/Milk
5.36,488.39447,470.36036,"[M+NH4]+, [M+K]+, [2M+Na]+, [M+Na]+",Pos,TG 8:0/8:0/8:0,TRUE,TG 24:0,MS/MS match,,,TG,TG,-0.091,-0.186,923.2,High confidence,5.6,238.1,1.156,0.2,,,,C27H50O6,No,24,0,,,,,,,,,even,No,,,,,Fungi/Milk
8.88,572.4884,554.45458,[M+NH4]+,Pos,TG 8:0_10:0_12:0,TRUE,TG 30:0,MS/MS match,,,TG,TG,-0.062,-0.108,852.2,High confidence,23.3,261,1.272,1.8,,,,C33H62O6,No,30,0,,,,,,,,,even,No,,,,,Fungi/Milk
11.6,600.51924,582.48541,[M+NH4]+,Pos,TG 8:0_12:0_12:0,TRUE,TG 32:0,MS/MS match,,,TG,TG,-0.529,-0.881,804.1,High confidence,5.9,267.3,1.305,1.9,,,,C35H66O6,No,32,0,,,,,,,,,even,No,,,,,Fungi/Milk
12.32,628.55041,610.51658,[M+NH4]+,Pos,TG 8:0_12:0_14:0,TRUE,TG 34:0,MS/MS match,,,TG,TG,-0.657,-1.046,793.7,High confidence,12,272.7,1.333,1.5,,,,C37H70O6,No,34,0,,,,,,,,,even,No,,,,,Fungi/Milk
12.63,628.55051,610.51669,[M+NH4]+,Pos,TG 8:0_12:0_14:0,TRUE,TG 34:0,MS/MS match,,,TG,TG,-0.552,-0.878,798.3,High confidence,12.8,272.9,1.333,1.6,,,,C37H70O6,No,34,0,,,,,,,,,even,No,,,,,Fungi/Milk
12.92,628.55056,610.51673,[M+NH4]+,Pos,TG 8:0_12:0_14:0,TRUE,TG 34:0,MS/MS match,,,TG,TG,-0.51,-0.812,800.3,High confidence,4.8,272.8,1.333,1.5,,,,C37H70O6,No,34,0,,,,,,,,,even,No,,,,,Fungi/Milk
13.18,628.55031,610.51648,[M+NH4]+,Pos,TG 8:0_12:0_14:0,TRUE,TG 34:0,MS/MS match,,,TG,TG,-0.758,-1.206,793.4,High confidence,11.1,273.8,1.338,1.9,,,,C37H70O6,No,34,0,,,,,,,,,even,No,,,,,Fungi/Milk
13.37,628.55032,610.51649,[M+NH4]+,Pos,TG 8:0_12:0_14:0,TRUE,TG 34:0,MS/MS match,,,TG,TG,-0.745,-1.186,789.3,High confidence,20,272.8,1.333,1.5,,,,C37H70O6,No,34,0,,,,,,,,,even,No,,,,,Fungi/Milk
13.67,628.55032,610.5165,[M+NH4]+,Pos,TG 8:0_12:0_14:0,TRUE,TG 34:0,MS/MS match,,,TG,TG,-0.741,-1.179,792.9,High confidence,14.1,272.9,1.333,1.6,,,,C37H70O6,No,34,0,,,,,,,,,even,No,,,,,Fungi/Milk
13.99,628.55036,610.51653,[M+NH4]+,Pos,TG 8:0_12:0_14:0,TRUE,TG 34:0,MS/MS match,,,TG,TG,-0.709,-1.129,802.2,High confidence,11.9,272.9,1.333,1.6,,,,C37H70O6,No,34,0,,,,,,,,,even,No,,,,,Fungi/Milk
12.58,656.58183,638.54801,[M+NH4]+,Pos,TG 8:0_12:0_16:0,TRUE,TG 36:0,MS/MS match,,,TG,TG,-0.535,-0.815,755.4,High confidence,4.8,278.9,1.364,1.5,,,,C39H74O6,No,36,0,,,,,,,,,even,No,,,,,Fungi/Milk
13.66,656.58156,638.54774,[M+NH4]+,Pos,TG 8:0_12:0_16:0,TRUE,TG 36:0,MS/MS match,,,TG,TG,-0.803,-1.223,763.8,High confidence,14.9,279.3,1.366,1.6,,,,C39H74O6,No,36,0,,,,,,,,,even,No,,,,,Fungi/Milk
6.22,516.42553,498.39152,"[M+NH4]+, [2M+Na]+, [2M+NH4]+",Pos,TG 8:0_8:0_10:0,TRUE,TG 26:0,MS/MS match,,,TG,TG,-0.333,-0.645,973.4,High confidence,10.2,244.7,1.19,0.4,,,,C29H54O6,No,26,0,,,,,,,,,even,No,,,,,Fungi/Milk
7.4,544.45692,526.4231,[M+NH4]+,Pos,TG 8:0_8:0_12:0,TRUE,TG 28:0,MS/MS match,,,TG,TG,-0.244,-0.448,669.7,High confidence,10.6,253.3,1.233,1.3,,,,C31H58O6,No,28,0,,,,,,,,,even,No,,,,,Fungi/Milk
11.18,626.5349,608.50108,[M+NH4]+,Pos,TG 8:0_8:0_18:1,TRUE,TG 34:1,MS/MS match,,,TG,TG,-0.512,-0.817,712.2,High confidence,1.6,267.8,1.309,0.2,,,,C37H68O6,No,34,1,,,,,,,,,even,No,,,,,Fungi/Milk
9.6,624.51913,606.48531,[M+NH4]+,Pos,TG 8:0_8:0_18:2,TRUE,TG 34:2,MS/MS match,,,TG,TG,-0.633,-1.013,723,High confidence,11.1,263.4,1.287,-0.9,,,,C37H66O6,No,34,2,,,,,,,,,even,Yes,,,,,Fungi/Milk
8.17,558.47199,540.43816,[M+NH4]+,Pos,TG 8:0_9:0_12:0,TRUE,TG 29:0,MS/MS match,,,TG,TG,-0.826,-1.479,696,High confidence,24.5,255.6,1.246,1,,,,C32H60O6,No,29,0,,,,,,,,,odd,No,,,,,Fungi/Milk
12.1,666.60408,621.60585,"[M+HCOO]-, [M+Cl]-",Neg,Cer 16:1;O2/24:0,Molecular level,Cer 40:1;O2,MS/MS match,,,Cer,Cer,-0.115,-0.172,928.8,High confidence,8.5,276.8,1.354,1.5,,,,C40H79NO3,No,40,1,,,,,,,,,even,No,,,,,Fungi/Milk
11.74,664.58831,619.5901,[M+HCOO]-,Neg,Cer 16:1;O2/24:1,Molecular level,Cer 40:2;O2,MS/MS match,,,Cer,Cer,-0.242,-0.364,907.6,High confidence,∞,274.8,1.344,1.5,,,,C40H77NO3,No,40,2,,,,,,,,,even,Yes,,,,,Fungi/Milk
12.4,694.63537,649.63717,[M+HCOO]-,Neg,Cer 18:1;O2/24:0,Molecular level,Cer 42:1;O2,MS/MS match,,,Cer,Cer,-0.126,-0.181,964.2,High confidence,20.5,283,1.386,1.1,,,,C42H83NO3,No,42,1,,,,,,,,,even,No,,,,,Fungi/Milk
11.83,690.6039,645.60569,[M+HCOO]-,Neg,Cer 18:1;O2/24:2,Molecular level,Cer 42:3;O2,MS/MS match,,,Cer,Cer,-0.303,-0.438,911.4,High confidence,8.4,279.1,1.366,1.2,,,,C42H79NO3,No,42,3,,,,,,,,,even,Yes,,,,,Fungi/Milk
10.63,598.54132,553.54312,[M+HCOO]-,Neg,Cer 35:0;O2,Sum composition - Species level,Cer 35:0;O2,MS/MS match,,,Cer,Cer,-0.274,-0.458,904.5,High confidence,53.2,261.5,1.276,1.9,,,,C35H71NO3,No,35,0,,,O2,,,,,,odd,No,,,,,Fungi/Milk
12.06,680.61895,635.62074,[M+HCOO]-,Neg,Cer 41:1;O2,Sum composition - Species level,Cer 41:1;O2,MS/MS match,,,Cer,Cer,-0.902,-1.325,872.3,High confidence,13.2,281.2,1.376,1.8,,,,C41H81NO3,No,41,1,,,O2,,,,,,odd,No,,,,,Fungi/Milk
12.2,694.63392,649.63572,[M+HCOO]-,Neg,Cer 42:1;O2,Sum composition - Species level,Cer 42:1;O2,MS/MS match,,,Cer,Cer,-1.577,-2.27,800.2,High confidence,34.3,284.2,1.391,1.5,,,,C42H83NO3,No,42,1,,,O2,,,,,,even,No,,,,,Fungi/Milk
8.05,746.57841,701.58021,[M+HCOO]-,Neg,HexCer 34:0;O2,Sum composition - Species level,HexCer 34:0;O2,MS/MS match,,,HexCer,HexCer,-0.363,-0.486,981.5,High confidence,28.9,285.5,1.4,1.7,,,,C40H79NO8,No,34,0,,,O2,,,,,,even,No,,,,,Fungi/Milk
7.36,744.5628,699.5646,[M+HCOO]-,Neg,HexCer 34:1;O2,Sum composition - Species level,HexCer 34:1;O2,MS/MS match,,,HexCer,HexCer,-0.317,-0.426,839.7,High confidence,7.7,284.2,1.393,1.7,,,,C40H77NO8,No,34,1,,,O2,,,,,,even,No,,,,,Fungi/Milk
9.11,772.59425,727.59605,[M+HCOO]-,Neg,HexCer 36:1;O2,Sum composition - Species level,HexCer 36:1;O2,MS/MS match,,,HexCer,HexCer,-0.167,-0.216,920.5,High confidence,8.5,289.5,1.42,1.4,,,,C42H81NO8,No,36,1,,,O2,,,,,,even,No,,,,,Fungi/Milk
11.47,802.6412,757.643,[M+HCOO]-,Neg,HexCer 38:0;O2,Sum composition - Species level,HexCer 38:0;O2,MS/MS match,,,HexCer,HexCer,-0.169,-0.21,967.3,High confidence,4.3,296.1,1.453,1,,,,C44H87NO8,No,38,0,,,O2,,,,,,even,No,,,,,Fungi/Milk
11.07,826.64116,781.64295,[M+HCOO]-,Neg,HexCer 40:2;O2,Sum composition - Species level,HexCer 40:2;O2,MS/MS match,,,HexCer,HexCer,-0.214,-0.259,864.4,High confidence,24.1,298.2,1.465,0.6,,,,C46H87NO8,No,40,2,,,O2,,,,,,even,Yes,,,,,Fungi/Milk
12.2,858.70375,813.70555,[M+HCOO]-,Neg,HexCer 42:0;O2,Sum composition - Species level,HexCer 42:0;O2,MS/MS match,,,HexCer,HexCer,-0.218,-0.254,841.1,High confidence,18.4,307.2,1.51,0.5,,,,C48H95NO8,No,42,0,,,O2,,,,,,even,No,,,,,Fungi/Milk
12.1,856.6883,811.6901,[M+HCOO]-,Neg,HexCer 42:1;O2,Sum composition - Species level,HexCer 42:1;O2,MS/MS match,,,HexCer,HexCer,-0.021,-0.024,984.5,High confidence,8,305.6,1.502,0.5,,,,C48H93NO8,No,42,1,,,O2,,,,,,even,No,,,,,Fungi/Milk
11.8,854.67238,809.67418,[M+HCOO]-,Neg,HexCer 42:2;O2,Sum composition - Species level,HexCer 42:2;O2,MS/MS match,,,HexCer,HexCer,-0.289,-0.338,945.5,High confidence,13.8,305.1,1.499,0.7,,,,C48H91NO8,No,42,2,,,O2,,,,,,even,Yes,,,,,Fungi/Milk
11.96,868.68778,823.68958,[M+HCOO]-,Neg,HexCer 43:2;O2,Sum composition - Species level,HexCer 43:2;O2,MS/MS match,,,HexCer,HexCer,-0.54,-0.622,787.2,High confidence,52.2,308.4,1.516,0.8,,,,C49H93NO8,No,43,2,,,O2,,,,,,odd,Yes,,,,,Fungi/Milk
12.38,884.71951,839.7213,[M+HCOO]-,Neg,HexCer 44:1;O2,Sum composition - Species level,HexCer 44:1;O2,MS/MS match,,,HexCer,HexCer,-0.117,-0.132,950.6,High confidence,7.3,311.1,1.53,0.2,,,,C50H97NO8,No,44,1,,,O2,,,,,,even,No,,,,,Fungi/Milk
1.99,540.33062,495.33242,[M+HCOO]-,Neg,LPC 16:0,Molecular level,LPC 16:0,MS/MS match,,,LPC,LPC,-0.069,-0.129,973.1,High confidence,16.4,238.1,1.159,-0.3,,,,C24H50NO7P,No,16,0,,,,,,,,,even,No,,,,,Fungi/Milk
2.15,538.31501,493.31681,[M+HCOO]-,Neg,LPC 16:1,Molecular level,LPC 16:1,MS/MS match,,,LPC,LPC,-0.032,-0.059,970.4,High confidence,4.6,236.1,1.149,-0.3,,,,C24H48NO7P,No,16,1,,,,,,,,,even,No,,,,,Fungi/Milk
2.43,554.34625,509.34804,[M+HCOO]-,Neg,LPC 17:0,Molecular level,LPC 17:0,MS/MS match,,,LPC,LPC,-0.095,-0.171,934,High confidence,10.2,240.7,1.173,-0.7,,,,C25H52NO7P,No,17,0,,,,,,,,,odd,No,,,,,Fungi/Milk
2.71,566.34622,521.34802,[M+HCOO]-,Neg,LPC 18:1,Molecular level,LPC 18:1,MS/MS match,,,LPC,LPC,-0.118,-0.208,974,High confidence,14.5,242.7,1.183,-0.4,,,,C26H52NO7P,No,18,1,,,,,,,,,even,No,,,,,Fungi/Milk
2.21,564.33055,519.33235,[M+HCOO]-,Neg,LPC 18:2,Molecular level,LPC 18:2,MS/MS match,,,LPC,LPC,-0.138,-0.244,966.5,High confidence,3.7,239.6,1.168,-0.9,,,,C26H50NO7P,No,18,2,,,,,,,,,even,Yes,,,,,Fungi/Milk
2.59,590.34618,545.34798,[M+HCOO]-,Neg,LPC 20:3,Molecular level,LPC 20:3,MS/MS match,,,LPC,LPC,-0.161,-0.274,983.9,High confidence,1.4,244.9,1.195,-0.7,,,,C28H52NO7P,No,20,3,,,,,,,,,even,Yes,,,,,Fungi/Milk
2.28,588.33049,543.33229,[M+HCOO]-,Neg,LPC 20:4,Molecular level,LPC 20:4,MS/MS match,,,LPC,LPC,-0.204,-0.347,971.3,High confidence,10.4,244.8,1.194,0.2,,,,C28H50NO7P,No,20,4,,,,,,,,,even,Yes,,,,,Fungi/Milk
2.79,452.27821,453.28546,"[M-H]-, [M+Na+COO]-",Neg,LPE 16:0,Molecular level,LPE 16:0,MS/MS match,,,LPE,LPE,-0.049,-0.108,976.3,High confidence,4.7,211.4,1.025,0.1,,,,C21H44NO7P,No,16,0,,,,,,,,,even,No,,,,,Fungi/Milk
3.65,480.30957,481.31684,"[M-H]-, [M+Na+COO]-",Neg,LPE 18:0,Molecular level,LPE 18:0,MS/MS match,,,LPE,LPE,0.009,0.019,983.6,High confidence,5.9,220.2,1.069,0.8,,,,C23H48NO7P,No,18,0,,,,,,,,,even,No,,,,,Fungi/Milk
2.79,478.29379,479.30107,[M-H]-,Neg,LPE 18:1,Molecular level,LPE 18:1,MS/MS match,,,LPE,LPE,-0.124,-0.26,981.8,High confidence,27.6,216,1.049,-0.2,,,,C23H46NO7P,No,18,1,,,,,,,,,even,No,,,,,Fungi/Milk
2.96,478.29386,479.30114,[M-H]-,Neg,LPE 18:1,Molecular level,LPE 18:1,MS/MS match,,,LPE,LPE,-0.052,-0.11,972.1,High confidence,1.6,216.3,1.05,-0.1,,,,C23H46NO7P,No,18,1,,,,,,,,,even,No,,,,,Fungi/Milk
2.27,476.27807,477.28534,[M-H]-,Neg,LPE 18:2,Molecular level,LPE 18:2,MS/MS match,,,LPE,LPE,-0.198,-0.416,980,High confidence,15.5,213.1,1.034,-0.6,,,,C23H44NO7P,No,18,2,,,,,,,,,even,Yes,,,,,Fungi/Milk
2.42,476.27827,477.28556,"[M-H]-, [M+Na+COO]-",Neg,LPE 18:2,Molecular level,LPE 18:2,MS/MS match,,,LPE,LPE,0.005,0.01,977.3,High confidence,2.5,213.2,1.035,-0.6,,,,C23H44NO7P,No,18,2,,,,,,,,,even,Yes,,,,,Fungi/Milk
6.7,736.51326,691.51505,[M+HCOO]-,Neg,PC 14:0_15:0,Molecular level,PC 29:0,MS/MS match,,,PC,PC,-0.153,-0.207,980.2,High confidence,6.3,280.8,1.376,0.1,,,,C37H74NO8P,No,29,0,,,,,,,,,odd,No,,,,,Fungi/Milk
7.09,750.52881,705.53061,[M+HCOO]-,Neg,PC 14:0_16:0,Molecular level,PC 30:0,MS/MS match,,,PC,PC,-0.244,-0.325,852,High confidence,32.9,283.6,1.391,0.1,,,,C38H76NO8P,No,30,0,,,,,,,,,even,No,,,,,Fungi/Milk
7.27,750.52889,705.53069,[M+HCOO]-,Neg,PC 14:0_16:0,Molecular level,PC 30:0,MS/MS match,,,PC,PC,-0.169,-0.225,949,High confidence,2.5,283.5,1.39,0,,,,C38H76NO8P,No,30,0,,,,,,,,,even,No,,,,,Fungi/Milk
6.31,748.51317,703.51496,[M+HCOO]-,Neg,PC 14:0_16:1,Molecular level,PC 30:1,MS/MS match,,,PC,PC,-0.241,-0.323,916,High confidence,6,282.1,1.383,0,,,,C38H74NO8P,No,30,1,,,,,,,,,even,No,,,,,Fungi/Milk
6.56,774.52899,729.53079,[M+HCOO]-,Neg,PC 14:0_18:2,Molecular level,PC 32:2,MS/MS match,,,PC,PC,-0.065,-0.084,962.1,High confidence,15.6,285.6,1.401,-0.3,,,,C40H76NO8P,No,32,2,,,,,,,,,even,Yes,,,,,Fungi/Milk
9.62,792.57588,747.57768,[M+HCOO]-,Neg,PC 15:0_18:0,Molecular level,PC 33:0,MS/MS match,,,PC,PC,-0.127,-0.16,861.6,High confidence,9.3,292.1,1.434,0.1,,,,C41H82NO8P,No,33,0,,,,,,,,,odd,No,,,,,Fungi/Milk
7.88,790.55999,745.56178,[M+HCOO]-,Neg,PC 15:0_18:1,Molecular level,PC 33:1,MS/MS match,,,PC,PC,-0.373,-0.472,950.4,High confidence,21.2,289.8,1.422,-0.2,,,,C41H80NO8P,No,33,1,,,,,,,,,odd,No,,,,,Fungi/Milk
7.13,788.54369,743.54548,[M+HCOO]-,Neg,PC 15:0_18:2,Molecular level,PC 33:2,MS/MS match,,,PC,PC,-1.021,-1.295,668.3,High confidence,25.1,288.8,1.417,-0.1,,,,C41H78NO8P,No,33,2,,,,,,,,,odd,Yes,,,,,Fungi/Milk
8.48,778.55995,733.56174,[M+HCOO]-,Neg,PC 16:0/16:0,Molecular level,PC 32:0,MS/MS match,,,PC,PC,-0.412,-0.529,829.3,High confidence,4.9,289.6,1.421,0.2,,,,C40H80NO8P,No,32,0,,,,,,,,,even,No,,,,,Fungi/Milk
9.27,792.57601,747.57781,[M+HCOO]-,Neg,PC 16:0_17:0,Molecular level,PC 33:0,MS/MS match,,,PC,PC,0.005,0.006,908.4,High confidence,5.8,292.1,1.433,0.1,,,,C41H82NO8P,No,33,0,,,,,,,,,odd,No,,,,,Fungi/Milk
9.05,790.5599,745.5617,[M+HCOO]-,Neg,PC 16:0_17:1,Molecular level,PC 33:1,MS/MS match,,,PC,PC,-0.459,-0.581,952.6,High confidence,15.5,289.4,1.42,-0.4,,,,C41H80NO8P,No,33,1,,,,,,,,,odd,No,,,,,Fungi/Milk
10.25,806.59149,761.59329,[M+HCOO]-,Neg,PC 16:0_18:0,Molecular level,PC 34:0,MS/MS match,,,PC,PC,-0.168,-0.208,982.9,High confidence,16.9,295,1.448,0.1,,,,C42H84NO8P,No,34,0,,,,,,,,,even,No,,,,,Fungi/Milk
7.78,802.56055,757.56235,[M+HCOO]-,Neg,PC 16:0_18:2,Molecular level,PC 34:2,MS/MS match,,,PC,PC,0.19,0.237,931.7,High confidence,28.2,292.2,1.434,0.1,,,,C42H80NO8P,No,34,2,,,,,,,,,even,Yes,,,,,Fungi/Milk
6.93,800.54462,755.54642,[M+HCOO]-,Neg,PC 16:0_18:3,Molecular level,PC 34:3,MS/MS match,,,PC,PC,-0.085,-0.106,953,High confidence,2.2,289.4,1.42,-0.4,,,,C42H78NO8P,No,34,3,,,,,,,,,even,Yes,,,,,Fungi/Milk
7.59,826.56035,781.56215,[M+HCOO]-,Neg,PC 16:0_20:4,Molecular level,PC 36:4,MS/MS match,,,PC,PC,-0.009,-0.011,934.8,High confidence,1.8,295.4,1.451,0.2,,,,C44H80NO8P,No,36,4,,,,,,,,,even,Yes,,,,,Fungi/Milk
6.71,800.54471,755.5465,[M+HCOO]-,Neg,PC 16:1_18:2,Molecular level,PC 34:3,MS/MS match,,,PC,PC,-0.003,-0.004,947.7,High confidence,5.5,290.9,1.428,0.1,,,,C42H78NO8P,No,34,3,,,,,,,,,even,Yes,,,,,Fungi/Milk
11.18,820.60719,775.60899,[M+HCOO]-,Neg,PC 17:0_18:0,Molecular level,PC 35:0,MS/MS match,,,PC,PC,-0.119,-0.145,946,High confidence,19.1,297.3,1.46,-0.1,,,,C43H86NO8P,No,35,0,,,,,,,,,odd,No,,,,,Fungi/Milk
9.84,818.59157,773.59337,[M+HCOO]-,Neg,PC 17:0_18:1,Molecular level,PC 35:1,MS/MS match,,,PC,PC,-0.09,-0.111,881.7,High confidence,8.5,296.1,1.454,0,,,,C43H84NO8P,No,35,1,,,,,,,,,odd,No,,,,,Fungi/Milk
8.53,816.57563,771.57742,[M+HCOO]-,Neg,PC 17:0_18:2,Molecular level,PC 35:2,MS/MS match,,,PC,PC,-0.383,-0.469,942.1,High confidence,27,294.5,1.446,-0.1,,,,C43H82NO8P,No,35,2,,,,,,,,,odd,Yes,,,,,Fungi/Milk
8.3,816.5759,771.57769,[M+HCOO]-,Neg,PC 17:1_18:1,Molecular level,PC 35:2,MS/MS match,,,PC,PC,-0.111,-0.136,915,High confidence,21.8,295.2,1.449,0.2,,,,C43H82NO8P,No,35,2,,,,,,,,,odd,Yes,,,,,Fungi/Milk
9.89,856.60716,811.60896,[M+HCOO]-,Neg,PC 18:0_20:3,Molecular level,PC 38:3,MS/MS match,,,PC,PC,-0.147,-0.172,980.4,High confidence,6.1,301.4,1.481,-0.1,,,,C46H86NO8P,No,38,3,,,,,,,,,even,Yes,,,,,Fungi/Milk
9.12,854.59132,809.59312,[M+HCOO]-,Neg,PC 18:0_20:4,Molecular level,PC 38:4,MS/MS match,,,PC,PC,-0.34,-0.398,936.2,High confidence,17.9,302,1.484,0.5,,,,C46H84NO8P,No,38,4,,,,,,,,,even,Yes,,,,,Fungi/Milk
8.34,854.59147,809.59326,[M+HCOO]-,Neg,PC 18:1_20:3,Molecular level,PC 38:4,MS/MS match,,,PC,PC,-0.192,-0.225,941.2,High confidence,39.4,299.9,1.474,-0.2,,,,C46H84NO8P,No,38,4,,,,,,,,,even,Yes,,,,,Fungi/Milk
5.48,720.48177,675.48357,[M+HCOO]-,Neg,PC 28:1,Sum composition - Species level,PC 28:1,MS/MS match,,,PC,PC,-0.334,-0.464,953,High confidence,11.3,276.6,1.355,0.1,,,,C36H70NO8P,No,28,1,,,,,,,,,even,No,,,,,Fungi/Milk
11.12,860.63786,815.63965,[M+HCOO]-,Neg,PC 38:1,Sum composition - Species level,PC 38:1,MS/MS match,,,PC,PC,-0.753,-0.875,852,High confidence,39.4,303,1.489,-0.5,,,,C46H90NO8P,No,38,1,,,,,,,,,even,No,,,,,Fungi/Milk
7.69,852.57604,807.57783,[M+HCOO]-,Neg,PC 38:5,Sum composition - Species level,PC 38:5,MS/MS match,,,PC,PC,0.029,0.034,848.9,High confidence,10.5,299.1,1.47,0,,,,C46H82NO8P,No,38,5,,,,,,,,,even,Yes,,,,,Fungi/Milk
11.83,886.65437,841.65617,[M+HCOO]-,Neg,PC 40:2,Sum composition - Species level,PC 40:2,MS/MS match,,,PC,PC,0.115,0.13,809.9,High confidence,10.9,310.7,1.528,0.6,,,,C48H92NO8P,No,40,2,,,,,,,,,even,Yes,,,,,Fungi/Milk
7.09,744.51831,699.52011,[M+HCOO]-,Neg,PC O-31:3,Sum composition - Species level,PC O-31:3,MS/MS match,,,PC O-,PC,-0.179,-0.241,807.1,High confidence,20.7,276.7,1.357,0.3,,,,C39H74NO7P,Yes,31,3,,,,,,,,,odd,Yes,,,,,Fungi/Milk
6.38,756.51824,711.52003,[M+HCOO]-,Neg,PC O-32:4,Sum composition - Species level,PC O-32:4,MS/MS match,,,PC O-,PC,-0.258,-0.341,862.1,High confidence,70.3,278.6,1.366,0.5,,,,C40H74NO7P,Yes,32,4,,,,,,,,,even,Yes,,,,,Fungi/Milk
7.21,770.53385,725.53565,[M+HCOO]-,Neg,PC O-33:4,Sum composition - Species level,PC O-33:4,MS/MS match,,,PC O-,PC,-0.289,-0.375,944.5,High confidence,14.9,281,1.378,0.2,,,,C41H76NO7P,Yes,33,4,,,,,,,,,odd,Yes,,,,,Fungi/Milk
7.38,770.53383,725.53563,[M+HCOO]-,Neg,PC O-33:4,Sum composition - Species level,PC O-33:4,MS/MS match,,,PC O-,PC,-0.314,-0.408,716,High confidence,1.4,281.6,1.382,0.5,,,,C41H76NO7P,Yes,33,4,,,,,,,,,odd,Yes,,,,,Fungi/Milk
11.49,792.61184,747.61364,[M+HCOO]-,Neg,PC O-34:0,Sum composition - Species level,PC O-34:0,MS/MS match,,,PC O-,PC,-0.554,-0.7,826,High confidence,71,291.9,1.432,0.8,,,,C42H86NO7P,Yes,34,0,,,,,,,,,even,No,,,,,Fungi/Milk
11.96,952.73743,907.73922,[M+HCOO]-,Neg,PC O-46:4,Sum composition - Species level,PC O-46:4,MS/MS match,,,PC O-,PC,-0.167,-0.175,705.3,High confidence,10.7,323,1.59,1.2,,,,C54H102NO7P,Yes,46,4,,,,,,,,,even,Yes,,,,,Fungi/Milk
11.82,976.73768,931.73948,[M+HCOO]-,Neg,PC O-48:6,Sum composition - Species level,PC O-48:6,MS/MS match,,,PC O-,PC,0.088,0.09,841,High confidence,6,326.6,1.608,1.4,,,,C56H102NO7P,Yes,48,6,,,,,,,,,even,Yes,,,,,Fungi/Milk
